[0620/123708.994:INFO:CONSOLE:119] "框架和 SDK 输出的日志默认不展示，可在框架配置文件中设置开启，详见 https://doc.weixin.qq.com/doc/w3_AWkASAb9APAr8IdJI5VS0OyqetUE6?scode=ANAAyQcbAAgB8qKjm9AWkASAb9APA", source: https://fe-static.xhscdn.com/formula-static/ugc/public/resource/js/8103.ec1b381a.js (119)
[0620/123709.053:INFO:CONSOLE:3] "Error", source:  (3)
[0620/123709.147:INFO:CONSOLE:3] "Error", source:  (3)
[0620/123709.659:INFO:CONSOLE:119] "[apm] infraBrowserResourceTiming", source: https://fe-static.xhscdn.com/formula-static/ugc/public/resource/js/8103.ec1b381a.js (119)
[0620/123709.659:INFO:CONSOLE:119] "console.groupEnd", source: https://fe-static.xhscdn.com/formula-static/ugc/public/resource/js/8103.ec1b381a.js (119)
[0620/123709.660:INFO:CONSOLE:119] "[apm] infraBrowserResourceTiming", source: https://fe-static.xhscdn.com/formula-static/ugc/public/resource/js/8103.ec1b381a.js (119)
[0620/123709.660:INFO:CONSOLE:119] "console.groupEnd", source: https://fe-static.xhscdn.com/formula-static/ugc/public/resource/js/8103.ec1b381a.js (119)
[0620/123709.660:INFO:CONSOLE:119] "[apm] infraBrowserResourceTiming", source: https://fe-static.xhscdn.com/formula-static/ugc/public/resource/js/8103.ec1b381a.js (119)
[0620/123709.660:INFO:CONSOLE:119] "console.groupEnd", source: https://fe-static.xhscdn.com/formula-static/ugc/public/resource/js/8103.ec1b381a.js (119)
[0620/123709.660:INFO:CONSOLE:119] "[apm] infraBrowserResourceTiming", source: https://fe-static.xhscdn.com/formula-static/ugc/public/resource/js/8103.ec1b381a.js (119)
[0620/123709.660:INFO:CONSOLE:119] "console.groupEnd", source: https://fe-static.xhscdn.com/formula-static/ugc/public/resource/js/8103.ec1b381a.js (119)
[0620/123709.660:INFO:CONSOLE:119] "[apm] infraBrowserResourceTiming", source: https://fe-static.xhscdn.com/formula-static/ugc/public/resource/js/8103.ec1b381a.js (119)
[0620/123709.660:INFO:CONSOLE:119] "console.groupEnd", source: https://fe-static.xhscdn.com/formula-static/ugc/public/resource/js/8103.ec1b381a.js (119)
[0620/123709.666:INFO:CONSOLE:119] "[apm] infraBrowserResourceTiming", source: https://fe-static.xhscdn.com/formula-static/ugc/public/resource/js/8103.ec1b381a.js (119)
[0620/123709.666:INFO:CONSOLE:119] "console.groupEnd", source: https://fe-static.xhscdn.com/formula-static/ugc/public/resource/js/8103.ec1b381a.js (119)
[0620/123709.666:INFO:CONSOLE:119] "[apm] infraBrowserResourceTiming", source: https://fe-static.xhscdn.com/formula-static/ugc/public/resource/js/8103.ec1b381a.js (119)
[0620/123709.666:INFO:CONSOLE:119] "console.groupEnd", source: https://fe-static.xhscdn.com/formula-static/ugc/public/resource/js/8103.ec1b381a.js (119)
[0620/123709.666:INFO:CONSOLE:119] "[apm] infraBrowserResourceTiming", source: https://fe-static.xhscdn.com/formula-static/ugc/public/resource/js/8103.ec1b381a.js (119)
[0620/123709.667:INFO:CONSOLE:119] "console.groupEnd", source: https://fe-static.xhscdn.com/formula-static/ugc/public/resource/js/8103.ec1b381a.js (119)
[0620/123709.667:INFO:CONSOLE:119] "[apm] infraBrowserResourceTiming", source: https://fe-static.xhscdn.com/formula-static/ugc/public/resource/js/8103.ec1b381a.js (119)
[0620/123709.667:INFO:CONSOLE:119] "console.groupEnd", source: https://fe-static.xhscdn.com/formula-static/ugc/public/resource/js/8103.ec1b381a.js (119)
[0620/123709.667:INFO:CONSOLE:119] "[apm] infraBrowserResourceTiming", source: https://fe-static.xhscdn.com/formula-static/ugc/public/resource/js/8103.ec1b381a.js (119)
[0620/123709.667:INFO:CONSOLE:119] "console.groupEnd", source: https://fe-static.xhscdn.com/formula-static/ugc/public/resource/js/8103.ec1b381a.js (119)
[0620/123709.717:INFO:CONSOLE:119] "[apm] infraBrowserResourceTiming", source: https://fe-static.xhscdn.com/formula-static/ugc/public/resource/js/8103.ec1b381a.js (119)
[0620/123709.717:INFO:CONSOLE:119] "console.groupEnd", source: https://fe-static.xhscdn.com/formula-static/ugc/public/resource/js/8103.ec1b381a.js (119)
[0620/123709.717:INFO:CONSOLE:119] "[apm] infraBrowserResourceTiming", source: https://fe-static.xhscdn.com/formula-static/ugc/public/resource/js/8103.ec1b381a.js (119)
[0620/123709.717:INFO:CONSOLE:119] "console.groupEnd", source: https://fe-static.xhscdn.com/formula-static/ugc/public/resource/js/8103.ec1b381a.js (119)
[0620/123709.717:INFO:CONSOLE:119] "[apm] infraBrowserResourceTiming", source: https://fe-static.xhscdn.com/formula-static/ugc/public/resource/js/8103.ec1b381a.js (119)
[0620/123709.717:INFO:CONSOLE:119] "console.groupEnd", source: https://fe-static.xhscdn.com/formula-static/ugc/public/resource/js/8103.ec1b381a.js (119)
[0620/123709.718:INFO:CONSOLE:119] "[apm] infraBrowserResourceTiming", source: https://fe-static.xhscdn.com/formula-static/ugc/public/resource/js/8103.ec1b381a.js (119)
[0620/123709.718:INFO:CONSOLE:119] "console.groupEnd", source: https://fe-static.xhscdn.com/formula-static/ugc/public/resource/js/8103.ec1b381a.js (119)
[0620/123709.718:INFO:CONSOLE:119] "[apm] infraBrowserResourceTiming", source: https://fe-static.xhscdn.com/formula-static/ugc/public/resource/js/8103.ec1b381a.js (119)
[0620/123709.718:INFO:CONSOLE:119] "console.groupEnd", source: https://fe-static.xhscdn.com/formula-static/ugc/public/resource/js/8103.ec1b381a.js (119)
[0620/123709.718:INFO:CONSOLE:119] "[apm] infraBrowserResourceTiming", source: https://fe-static.xhscdn.com/formula-static/ugc/public/resource/js/8103.ec1b381a.js (119)
[0620/123709.718:INFO:CONSOLE:119] "console.groupEnd", source: https://fe-static.xhscdn.com/formula-static/ugc/public/resource/js/8103.ec1b381a.js (119)
[0620/123709.718:INFO:CONSOLE:119] "[apm] infraBrowserResourceTiming", source: https://fe-static.xhscdn.com/formula-static/ugc/public/resource/js/8103.ec1b381a.js (119)
[0620/123709.718:INFO:CONSOLE:119] "console.groupEnd", source: https://fe-static.xhscdn.com/formula-static/ugc/public/resource/js/8103.ec1b381a.js (119)
[0620/123709.718:INFO:CONSOLE:119] "[apm] infraBrowserResourceTiming", source: https://fe-static.xhscdn.com/formula-static/ugc/public/resource/js/8103.ec1b381a.js (119)
[0620/123709.718:INFO:CONSOLE:119] "console.groupEnd", source: https://fe-static.xhscdn.com/formula-static/ugc/public/resource/js/8103.ec1b381a.js (119)
[0620/123709.718:INFO:CONSOLE:119] "[apm] infraBrowserResourceTiming", source: https://fe-static.xhscdn.com/formula-static/ugc/public/resource/js/8103.ec1b381a.js (119)
[0620/123709.718:INFO:CONSOLE:119] "console.groupEnd", source: https://fe-static.xhscdn.com/formula-static/ugc/public/resource/js/8103.ec1b381a.js (119)
[0620/123709.718:INFO:CONSOLE:119] "[apm] infraBrowserResourceTiming", source: https://fe-static.xhscdn.com/formula-static/ugc/public/resource/js/8103.ec1b381a.js (119)
[0620/123709.718:INFO:CONSOLE:119] "console.groupEnd", source: https://fe-static.xhscdn.com/formula-static/ugc/public/resource/js/8103.ec1b381a.js (119)
[0620/123709.718:INFO:CONSOLE:119] "[apm] anti_spam_ds_fail", source: https://fe-static.xhscdn.com/formula-static/ugc/public/resource/js/8103.ec1b381a.js (119)
[0620/123709.718:INFO:CONSOLE:119] "console.groupEnd", source: https://fe-static.xhscdn.com/formula-static/ugc/public/resource/js/8103.ec1b381a.js (119)
[0620/123709.719:INFO:CONSOLE:119] "[apm] webmns_error", source: https://fe-static.xhscdn.com/formula-static/ugc/public/resource/js/8103.ec1b381a.js (119)
[0620/123709.719:INFO:CONSOLE:119] "console.groupEnd", source: https://fe-static.xhscdn.com/formula-static/ugc/public/resource/js/8103.ec1b381a.js (119)
[0620/123709.719:INFO:CONSOLE:119] "[apm] infraBrowserResourceTiming", source: https://fe-static.xhscdn.com/formula-static/ugc/public/resource/js/8103.ec1b381a.js (119)
[0620/123709.719:INFO:CONSOLE:119] "console.groupEnd", source: https://fe-static.xhscdn.com/formula-static/ugc/public/resource/js/8103.ec1b381a.js (119)
[0620/123709.719:INFO:CONSOLE:119] "[apm] infraBrowserResourceTiming", source: https://fe-static.xhscdn.com/formula-static/ugc/public/resource/js/8103.ec1b381a.js (119)
[0620/123709.719:INFO:CONSOLE:119] "console.groupEnd", source: https://fe-static.xhscdn.com/formula-static/ugc/public/resource/js/8103.ec1b381a.js (119)
[0620/123709.719:INFO:CONSOLE:119] "[apm] infraBrowserResourceTiming", source: https://fe-static.xhscdn.com/formula-static/ugc/public/resource/js/8103.ec1b381a.js (119)
[0620/123709.719:INFO:CONSOLE:119] "console.groupEnd", source: https://fe-static.xhscdn.com/formula-static/ugc/public/resource/js/8103.ec1b381a.js (119)
[0620/123709.719:INFO:CONSOLE:119] "[apm] infraBrowserResourceTiming", source: https://fe-static.xhscdn.com/formula-static/ugc/public/resource/js/8103.ec1b381a.js (119)
[0620/123709.719:INFO:CONSOLE:119] "console.groupEnd", source: https://fe-static.xhscdn.com/formula-static/ugc/public/resource/js/8103.ec1b381a.js (119)
[0620/123709.719:INFO:CONSOLE:119] "[apm] infraBrowserResourceTiming", source: https://fe-static.xhscdn.com/formula-static/ugc/public/resource/js/8103.ec1b381a.js (119)
[0620/123709.719:INFO:CONSOLE:119] "console.groupEnd", source: https://fe-static.xhscdn.com/formula-static/ugc/public/resource/js/8103.ec1b381a.js (119)
[0620/123709.719:INFO:CONSOLE:119] "[apm] infraBrowserResourceTiming", source: https://fe-static.xhscdn.com/formula-static/ugc/public/resource/js/8103.ec1b381a.js (119)
[0620/123709.719:INFO:CONSOLE:119] "console.groupEnd", source: https://fe-static.xhscdn.com/formula-static/ugc/public/resource/js/8103.ec1b381a.js (119)
[0620/123709.719:INFO:CONSOLE:119] "[apm] infraBrowserResourceTiming", source: https://fe-static.xhscdn.com/formula-static/ugc/public/resource/js/8103.ec1b381a.js (119)
[0620/123709.719:INFO:CONSOLE:119] "console.groupEnd", source: https://fe-static.xhscdn.com/formula-static/ugc/public/resource/js/8103.ec1b381a.js (119)
[0620/123709.719:INFO:CONSOLE:119] "[apm] infraBrowserResourceTiming", source: https://fe-static.xhscdn.com/formula-static/ugc/public/resource/js/8103.ec1b381a.js (119)
[0620/123709.719:INFO:CONSOLE:119] "console.groupEnd", source: https://fe-static.xhscdn.com/formula-static/ugc/public/resource/js/8103.ec1b381a.js (119)
[0620/123709.719:INFO:CONSOLE:119] "[apm] infraBrowserResourceTiming", source: https://fe-static.xhscdn.com/formula-static/ugc/public/resource/js/8103.ec1b381a.js (119)
[0620/123709.719:INFO:CONSOLE:119] "console.groupEnd", source: https://fe-static.xhscdn.com/formula-static/ugc/public/resource/js/8103.ec1b381a.js (119)
[0620/123709.719:INFO:CONSOLE:119] "[apm] infraBrowserResourceTiming", source: https://fe-static.xhscdn.com/formula-static/ugc/public/resource/js/8103.ec1b381a.js (119)
[0620/123709.719:INFO:CONSOLE:119] "console.groupEnd", source: https://fe-static.xhscdn.com/formula-static/ugc/public/resource/js/8103.ec1b381a.js (119)
[0620/123709.719:INFO:CONSOLE:119] "[apm] infraBrowserResourceTiming", source: https://fe-static.xhscdn.com/formula-static/ugc/public/resource/js/8103.ec1b381a.js (119)
[0620/123709.719:INFO:CONSOLE:119] "console.groupEnd", source: https://fe-static.xhscdn.com/formula-static/ugc/public/resource/js/8103.ec1b381a.js (119)
[0620/123709.719:INFO:CONSOLE:119] "[apm] infraBrowserResourceTiming", source: https://fe-static.xhscdn.com/formula-static/ugc/public/resource/js/8103.ec1b381a.js (119)
[0620/123709.719:INFO:CONSOLE:119] "console.groupEnd", source: https://fe-static.xhscdn.com/formula-static/ugc/public/resource/js/8103.ec1b381a.js (119)
[0620/123709.719:INFO:CONSOLE:119] "[apm] infraBrowserResourceTiming", source: https://fe-static.xhscdn.com/formula-static/ugc/public/resource/js/8103.ec1b381a.js (119)
[0620/123709.719:INFO:CONSOLE:119] "console.groupEnd", source: https://fe-static.xhscdn.com/formula-static/ugc/public/resource/js/8103.ec1b381a.js (119)
[0620/123709.752:INFO:CONSOLE:119] "[apm] infraBrowserResourceTiming", source: https://fe-static.xhscdn.com/formula-static/ugc/public/resource/js/8103.ec1b381a.js (119)
[0620/123709.752:INFO:CONSOLE:119] "console.groupEnd", source: https://fe-static.xhscdn.com/formula-static/ugc/public/resource/js/8103.ec1b381a.js (119)
[0620/123709.752:INFO:CONSOLE:119] "[apm] infraBrowserResourceTiming", source: https://fe-static.xhscdn.com/formula-static/ugc/public/resource/js/8103.ec1b381a.js (119)
[0620/123709.752:INFO:CONSOLE:119] "console.groupEnd", source: https://fe-static.xhscdn.com/formula-static/ugc/public/resource/js/8103.ec1b381a.js (119)
[0620/123709.752:INFO:CONSOLE:119] "[apm] infraBrowserResourceTiming", source: https://fe-static.xhscdn.com/formula-static/ugc/public/resource/js/8103.ec1b381a.js (119)
[0620/123709.752:INFO:CONSOLE:119] "console.groupEnd", source: https://fe-static.xhscdn.com/formula-static/ugc/public/resource/js/8103.ec1b381a.js (119)
[0620/123709.752:INFO:CONSOLE:119] "[apm] infraBrowserResourceTiming", source: https://fe-static.xhscdn.com/formula-static/ugc/public/resource/js/8103.ec1b381a.js (119)
[0620/123709.752:INFO:CONSOLE:119] "console.groupEnd", source: https://fe-static.xhscdn.com/formula-static/ugc/public/resource/js/8103.ec1b381a.js (119)
[0620/123709.752:INFO:CONSOLE:119] "[apm] infraBrowserResourceTiming", source: https://fe-static.xhscdn.com/formula-static/ugc/public/resource/js/8103.ec1b381a.js (119)
[0620/123709.752:INFO:CONSOLE:119] "console.groupEnd", source: https://fe-static.xhscdn.com/formula-static/ugc/public/resource/js/8103.ec1b381a.js (119)
[0620/123709.773:INFO:CONSOLE:3] "Error", source:  (3)
[0620/123709.798:INFO:CONSOLE:3] "Error", source:  (3)
[0620/123709.838:INFO:CONSOLE:119] "[apm] infraBrowserResourceTiming", source: https://fe-static.xhscdn.com/formula-static/ugc/public/resource/js/8103.ec1b381a.js (119)
[0620/123709.839:INFO:CONSOLE:119] "console.groupEnd", source: https://fe-static.xhscdn.com/formula-static/ugc/public/resource/js/8103.ec1b381a.js (119)
[0620/123709.839:INFO:CONSOLE:119] "[apm] httpRequestTiming", source: https://fe-static.xhscdn.com/formula-static/ugc/public/resource/js/8103.ec1b381a.js (119)
[0620/123709.839:INFO:CONSOLE:119] "console.groupEnd", source: https://fe-static.xhscdn.com/formula-static/ugc/public/resource/js/8103.ec1b381a.js (119)
[0620/123709.839:INFO:CONSOLE:119] "[apm] infra_sec_web_api_walify", source: https://fe-static.xhscdn.com/formula-static/ugc/public/resource/js/8103.ec1b381a.js (119)
[0620/123709.839:INFO:CONSOLE:119] "console.groupEnd", source: https://fe-static.xhscdn.com/formula-static/ugc/public/resource/js/8103.ec1b381a.js (119)
[0620/123709.840:INFO:CONSOLE:119] "[apm] infra_sec_web_api_walify", source: https://fe-static.xhscdn.com/formula-static/ugc/public/resource/js/8103.ec1b381a.js (119)
[0620/123709.840:INFO:CONSOLE:119] "console.groupEnd", source: https://fe-static.xhscdn.com/formula-static/ugc/public/resource/js/8103.ec1b381a.js (119)
[0620/123709.840:INFO:CONSOLE:119] "[apm] httpRequestTiming", source: https://fe-static.xhscdn.com/formula-static/ugc/public/resource/js/8103.ec1b381a.js (119)
[0620/123709.840:INFO:CONSOLE:119] "console.groupEnd", source: https://fe-static.xhscdn.com/formula-static/ugc/public/resource/js/8103.ec1b381a.js (119)
[0620/123710.390:INFO:CONSOLE:119] "[apm] httpRequestTiming", source: https://fe-static.xhscdn.com/formula-static/ugc/public/resource/js/8103.ec1b381a.js (119)
[0620/123710.390:INFO:CONSOLE:119] "console.groupEnd", source: https://fe-static.xhscdn.com/formula-static/ugc/public/resource/js/8103.ec1b381a.js (119)
[0620/123710.390:INFO:CONSOLE:119] "[apm] infra_sec_web_api_walify", source: https://fe-static.xhscdn.com/formula-static/ugc/public/resource/js/8103.ec1b381a.js (119)
[0620/123710.390:INFO:CONSOLE:119] "console.groupEnd", source: https://fe-static.xhscdn.com/formula-static/ugc/public/resource/js/8103.ec1b381a.js (119)
[0620/123710.390:INFO:CONSOLE:119] "[apm] httpRequestTiming", source: https://fe-static.xhscdn.com/formula-static/ugc/public/resource/js/8103.ec1b381a.js (119)
[0620/123710.390:INFO:CONSOLE:119] "console.groupEnd", source: https://fe-static.xhscdn.com/formula-static/ugc/public/resource/js/8103.ec1b381a.js (119)
[0620/123710.390:INFO:CONSOLE:119] "[apm] httpRequestTiming", source: https://fe-static.xhscdn.com/formula-static/ugc/public/resource/js/8103.ec1b381a.js (119)
[0620/123710.390:INFO:CONSOLE:119] "console.groupEnd", source: https://fe-static.xhscdn.com/formula-static/ugc/public/resource/js/8103.ec1b381a.js (119)
[0620/123710.390:INFO:CONSOLE:119] "[apm] infra_sec_web_api_walify", source: https://fe-static.xhscdn.com/formula-static/ugc/public/resource/js/8103.ec1b381a.js (119)
[0620/123710.390:INFO:CONSOLE:119] "console.groupEnd", source: https://fe-static.xhscdn.com/formula-static/ugc/public/resource/js/8103.ec1b381a.js (119)
[0620/123710.570:INFO:CONSOLE:3] "Error", source:  (3)
[0620/123710.592:INFO:CONSOLE:3] "Error", source:  (3)
[0620/123710.599:INFO:CONSOLE:3] "Error", source:  (3)
[0620/123710.622:INFO:CONSOLE:3] "Error", source:  (3)
[0620/123710.631:INFO:CONSOLE:3] "Error", source:  (3)
[0620/123710.651:INFO:CONSOLE:3] "Error", source:  (3)
[0620/123710.903:INFO:CONSOLE:3] "Error", source:  (3)
[0620/123710.912:INFO:CONSOLE:0] "Mixed Content: The page at 'https://creator.xiaohongshu.com/new/home' was loaded over HTTPS, but requested an insecure element 'http://ci.xiaohongshu.com/spectrum/1040g0k031hgh4s8g38005n251e51f4uojrj2d3o?imageView2/2/w/1080/format/jpg'. This request was automatically upgraded to HTTPS, For more information see https://blog.chromium.org/2019/10/no-more-mixed-messages-about-https.html", source: https://creator.xiaohongshu.com/new/home (0)
[0620/123710.913:INFO:CONSOLE:0] "Mixed Content: The page at 'https://creator.xiaohongshu.com/new/home' was loaded over HTTPS, but requested an insecure element 'http://ci.xiaohongshu.com/spectrum/1040g34o31hhr9ouvk22g5n251e51f4uoq88kbh8?imageView2/2/w/1080/format/jpg'. This request was automatically upgraded to HTTPS, For more information see https://blog.chromium.org/2019/10/no-more-mixed-messages-about-https.html", source: https://creator.xiaohongshu.com/new/home (0)
[0620/123710.913:INFO:CONSOLE:0] "Mixed Content: The page at 'https://creator.xiaohongshu.com/new/home' was loaded over HTTPS, but requested an insecure element 'http://ci.xiaohongshu.com/spectrum/1040g0k031hhfvke238005n251e51f4uont3lh30?imageView2/2/w/1080/format/jpg'. This request was automatically upgraded to HTTPS, For more information see https://blog.chromium.org/2019/10/no-more-mixed-messages-about-https.html", source: https://creator.xiaohongshu.com/new/home (0)
[0620/123710.913:INFO:CONSOLE:0] "Mixed Content: The page at 'https://creator.xiaohongshu.com/new/home' was loaded over HTTPS, but requested an insecure element 'http://ci.xiaohongshu.com/spectrum/1040g0k031e5io2s4h2005n251e51f4uov9jiue8?imageView2/2/w/1080/format/jpg'. This request was automatically upgraded to HTTPS, For more information see https://blog.chromium.org/2019/10/no-more-mixed-messages-about-https.html", source: https://creator.xiaohongshu.com/new/home (0)
[0620/123710.915:INFO:CONSOLE:119] "[apm] infra_sec_web_api_walify", source: https://fe-static.xhscdn.com/formula-static/ugc/public/resource/js/8103.ec1b381a.js (119)
[0620/123710.915:INFO:CONSOLE:119] "console.groupEnd", source: https://fe-static.xhscdn.com/formula-static/ugc/public/resource/js/8103.ec1b381a.js (119)
[0620/123710.915:INFO:CONSOLE:119] "[apm] httpRequestTiming", source: https://fe-static.xhscdn.com/formula-static/ugc/public/resource/js/8103.ec1b381a.js (119)
[0620/123710.915:INFO:CONSOLE:119] "console.groupEnd", source: https://fe-static.xhscdn.com/formula-static/ugc/public/resource/js/8103.ec1b381a.js (119)
[0620/123710.915:INFO:CONSOLE:119] "[apm] httpRequestTiming", source: https://fe-static.xhscdn.com/formula-static/ugc/public/resource/js/8103.ec1b381a.js (119)
[0620/123710.915:INFO:CONSOLE:119] "console.groupEnd", source: https://fe-static.xhscdn.com/formula-static/ugc/public/resource/js/8103.ec1b381a.js (119)
[0620/123710.915:INFO:CONSOLE:119] "[apm] sns_web_publish_sw", source: https://fe-static.xhscdn.com/formula-static/ugc/public/resource/js/8103.ec1b381a.js (119)
[0620/123710.916:INFO:CONSOLE:119] "console.groupEnd", source: https://fe-static.xhscdn.com/formula-static/ugc/public/resource/js/8103.ec1b381a.js (119)
[0620/123710.916:INFO:CONSOLE:119] "[apm] httpRequestTiming", source: https://fe-static.xhscdn.com/formula-static/ugc/public/resource/js/8103.ec1b381a.js (119)
[0620/123710.916:INFO:CONSOLE:119] "console.groupEnd", source: https://fe-static.xhscdn.com/formula-static/ugc/public/resource/js/8103.ec1b381a.js (119)
[0620/123710.978:INFO:CONSOLE:119] "[apm] httpRequestTiming", source: https://fe-static.xhscdn.com/formula-static/ugc/public/resource/js/8103.ec1b381a.js (119)
[0620/123710.978:INFO:CONSOLE:119] "console.groupEnd", source: https://fe-static.xhscdn.com/formula-static/ugc/public/resource/js/8103.ec1b381a.js (119)
[0620/123710.978:INFO:CONSOLE:119] "[apm] httpRequestTiming", source: https://fe-static.xhscdn.com/formula-static/ugc/public/resource/js/8103.ec1b381a.js (119)
[0620/123710.978:INFO:CONSOLE:119] "console.groupEnd", source: https://fe-static.xhscdn.com/formula-static/ugc/public/resource/js/8103.ec1b381a.js (119)
[0620/123710.978:INFO:CONSOLE:119] "[apm] httpRequestTiming", source: https://fe-static.xhscdn.com/formula-static/ugc/public/resource/js/8103.ec1b381a.js (119)
[0620/123710.978:INFO:CONSOLE:119] "console.groupEnd", source: https://fe-static.xhscdn.com/formula-static/ugc/public/resource/js/8103.ec1b381a.js (119)
[0620/123710.978:INFO:CONSOLE:119] "[apm] httpRequestTiming", source: https://fe-static.xhscdn.com/formula-static/ugc/public/resource/js/8103.ec1b381a.js (119)
[0620/123710.978:INFO:CONSOLE:119] "console.groupEnd", source: https://fe-static.xhscdn.com/formula-static/ugc/public/resource/js/8103.ec1b381a.js (119)
[0620/123710.978:INFO:CONSOLE:119] "[apm] httpRequestTiming", source: https://fe-static.xhscdn.com/formula-static/ugc/public/resource/js/8103.ec1b381a.js (119)
[0620/123710.978:INFO:CONSOLE:119] "console.groupEnd", source: https://fe-static.xhscdn.com/formula-static/ugc/public/resource/js/8103.ec1b381a.js (119)
[0620/123711.179:INFO:CONSOLE:1] "Fetch API cannot load chrome-extension://dhjaibcmgocbpegmejfphjhhpaphmkpp/is.js. URL scheme "chrome-extension" is not supported.", source: https://fe-static.xhscdn.com/formula-static/ugc/public/resource/js/async/9936.c458759f.js (1)
[0620/123711.180:INFO:CONSOLE:1] "Fetch API cannot load chrome-extension://beeaddblkeeialcohiolkkoiifhgjooj/manifest.json. URL scheme "chrome-extension" is not supported.", source: https://fe-static.xhscdn.com/formula-static/ugc/public/resource/js/async/9936.c458759f.js (1)
[0620/123711.180:INFO:CONSOLE:1] "Fetch API cannot load chrome-extension://ddgooekaaihgnbfbgalfiooiicdnmnia/js/js-index.ts.js. URL scheme "chrome-extension" is not supported.", source: https://fe-static.xhscdn.com/formula-static/ugc/public/resource/js/async/9936.c458759f.js (1)
[0620/123711.180:INFO:CONSOLE:1] "Fetch API cannot load chrome-extension://keeelahekhhgkpaipdodgjnmgkfcdpde/inject.6070000c.js. URL scheme "chrome-extension" is not supported.", source: https://fe-static.xhscdn.com/formula-static/ugc/public/resource/js/async/9936.c458759f.js (1)
[0620/123711.181:INFO:CONSOLE:1] "Fetch API cannot load chrome-extension://dbichmdlbjdeplpkhcejgkakobjbjalc/content-scripts/xiaohongshu.css. URL scheme "chrome-extension" is not supported.", source: https://fe-static.xhscdn.com/formula-static/ugc/public/resource/js/async/9936.c458759f.js (1)
[0620/123711.181:INFO:CONSOLE:1] "Fetch API cannot load chrome-extension://piejlhcmefdepbgalcongckfomfobokb/worker.js. URL scheme "chrome-extension" is not supported.", source: https://fe-static.xhscdn.com/formula-static/ugc/public/resource/js/async/9936.c458759f.js (1)
[0620/123711.181:INFO:CONSOLE:1] "Fetch API cannot load chrome-extension://lenndnnbdichpjlfmfadcjpaenmiflan/inject.bundle.js. URL scheme "chrome-extension" is not supported.", source: https://fe-static.xhscdn.com/formula-static/ugc/public/resource/js/async/9936.c458759f.js (1)
[0620/123711.181:INFO:CONSOLE:1] "Fetch API cannot load chrome-extension://hmeohemhimcjlegdjloglnkfablbneif/inject.bundle.js. URL scheme "chrome-extension" is not supported.", source: https://fe-static.xhscdn.com/formula-static/ugc/public/resource/js/async/9936.c458759f.js (1)
[0620/123711.187:INFO:CONSOLE:0] "Mixed Content: The page at 'https://creator.xiaohongshu.com/new/home' was loaded over HTTPS, but requested an insecure element 'http://ci.xiaohongshu.com/spectrum/1040g0k0321kbi0uq74005q9l4qsskusbefr1gko?imageView2/2/w/1080/format/jpg'. This request was automatically upgraded to HTTPS, For more information see https://blog.chromium.org/2019/10/no-more-mixed-messages-about-https.html", source: https://creator.xiaohongshu.com/new/home (0)
[0620/123711.339:INFO:CONSOLE:119] "[apm] httpRequestTiming", source: https://fe-static.xhscdn.com/formula-static/ugc/public/resource/js/8103.ec1b381a.js (119)
[0620/123711.339:INFO:CONSOLE:119] "console.groupEnd", source: https://fe-static.xhscdn.com/formula-static/ugc/public/resource/js/8103.ec1b381a.js (119)
[0620/123711.339:INFO:CONSOLE:119] "[apm] httpRequestTiming", source: https://fe-static.xhscdn.com/formula-static/ugc/public/resource/js/8103.ec1b381a.js (119)
[0620/123711.339:INFO:CONSOLE:119] "console.groupEnd", source: https://fe-static.xhscdn.com/formula-static/ugc/public/resource/js/8103.ec1b381a.js (119)
[0620/123711.339:INFO:CONSOLE:119] "[apm] httpRequestTiming", source: https://fe-static.xhscdn.com/formula-static/ugc/public/resource/js/8103.ec1b381a.js (119)
[0620/123711.339:INFO:CONSOLE:119] "console.groupEnd", source: https://fe-static.xhscdn.com/formula-static/ugc/public/resource/js/8103.ec1b381a.js (119)
[0620/123711.339:INFO:CONSOLE:119] "[apm] httpRequestTiming", source: https://fe-static.xhscdn.com/formula-static/ugc/public/resource/js/8103.ec1b381a.js (119)
[0620/123711.339:INFO:CONSOLE:119] "console.groupEnd", source: https://fe-static.xhscdn.com/formula-static/ugc/public/resource/js/8103.ec1b381a.js (119)
[0620/123711.339:INFO:CONSOLE:119] "[apm] httpRequestTiming", source: https://fe-static.xhscdn.com/formula-static/ugc/public/resource/js/8103.ec1b381a.js (119)
[0620/123711.339:INFO:CONSOLE:119] "console.groupEnd", source: https://fe-static.xhscdn.com/formula-static/ugc/public/resource/js/8103.ec1b381a.js (119)
[0620/123711.456:INFO:CONSOLE:0] "Mixed Content: The page at 'https://creator.xiaohongshu.com/new/home' was loaded over HTTPS, but requested an insecure element 'http://ci.xiaohongshu.com/0219df73-68d0-3502-a77c-72b1fd4cfcfb?imageView2/2/w/270/format/jpg'. This request was automatically upgraded to HTTPS, For more information see https://blog.chromium.org/2019/10/no-more-mixed-messages-about-https.html", source: https://creator.xiaohongshu.com/new/home (0)
[0620/123711.456:INFO:CONSOLE:0] "Mixed Content: The page at 'https://creator.xiaohongshu.com/new/home' was loaded over HTTPS, but requested an insecure element 'http://ci.xiaohongshu.com/fdbba771-8c11-318d-bd7e-65084dfa6236?imageView2/2/w/270/format/jpg'. This request was automatically upgraded to HTTPS, For more information see https://blog.chromium.org/2019/10/no-more-mixed-messages-about-https.html", source: https://creator.xiaohongshu.com/new/home (0)
[0620/123711.456:INFO:CONSOLE:0] "Mixed Content: The page at 'https://creator.xiaohongshu.com/new/home' was loaded over HTTPS, but requested an insecure element 'http://ci.xiaohongshu.com/f84f0e81-44d3-3284-bd8c-df0cd50db549?imageView2/2/w/270/format/jpg'. This request was automatically upgraded to HTTPS, For more information see https://blog.chromium.org/2019/10/no-more-mixed-messages-about-https.html", source: https://creator.xiaohongshu.com/new/home (0)
[0620/123711.456:INFO:CONSOLE:0] "Mixed Content: The page at 'https://creator.xiaohongshu.com/new/home' was loaded over HTTPS, but requested an insecure element 'http://ci.xiaohongshu.com/32cacced-3b28-321d-9ed6-7745e001e985?imageView2/2/w/270/format/jpg'. This request was automatically upgraded to HTTPS, For more information see https://blog.chromium.org/2019/10/no-more-mixed-messages-about-https.html", source: https://creator.xiaohongshu.com/new/home (0)
[0620/123711.456:INFO:CONSOLE:0] "Mixed Content: The page at 'https://creator.xiaohongshu.com/new/home' was loaded over HTTPS, but requested an insecure element 'http://ci.xiaohongshu.com/cbc2f859-bb10-3d3f-a141-5dd92056725d?imageView2/2/w/270/format/jpg'. This request was automatically upgraded to HTTPS, For more information see https://blog.chromium.org/2019/10/no-more-mixed-messages-about-https.html", source: https://creator.xiaohongshu.com/new/home (0)
[0620/123711.456:INFO:CONSOLE:0] "Mixed Content: The page at 'https://creator.xiaohongshu.com/new/home' was loaded over HTTPS, but requested an insecure element 'http://ci.xiaohongshu.com/d7762267-69c7-3bc0-a89a-3c7127f0f738?imageView2/2/w/270/format/jpg'. This request was automatically upgraded to HTTPS, For more information see https://blog.chromium.org/2019/10/no-more-mixed-messages-about-https.html", source: https://creator.xiaohongshu.com/new/home (0)
[0620/123711.456:INFO:CONSOLE:0] "Mixed Content: The page at 'https://creator.xiaohongshu.com/new/home' was loaded over HTTPS, but requested an insecure element 'http://ci.xiaohongshu.com/6ddf4fe1-2908-3b71-8ca7-fee885c4eab9?imageView2/2/w/270/format/jpg'. This request was automatically upgraded to HTTPS, For more information see https://blog.chromium.org/2019/10/no-more-mixed-messages-about-https.html", source: https://creator.xiaohongshu.com/new/home (0)
[0620/123711.456:INFO:CONSOLE:0] "Mixed Content: The page at 'https://creator.xiaohongshu.com/new/home' was loaded over HTTPS, but requested an insecure element 'http://ci.xiaohongshu.com/dfa37da0-ca01-31a7-9bb7-2e30e21c724a?imageView2/2/w/270/format/jpg'. This request was automatically upgraded to HTTPS, For more information see https://blog.chromium.org/2019/10/no-more-mixed-messages-about-https.html", source: https://creator.xiaohongshu.com/new/home (0)
[0620/123711.456:INFO:CONSOLE:0] "Mixed Content: The page at 'https://creator.xiaohongshu.com/new/home' was loaded over HTTPS, but requested an insecure element 'http://ci.xiaohongshu.com/dcef525b-8e58-38d5-ab60-0e6cb5a185f7?imageView2/2/w/270/format/jpg'. This request was automatically upgraded to HTTPS, For more information see https://blog.chromium.org/2019/10/no-more-mixed-messages-about-https.html", source: https://creator.xiaohongshu.com/new/home (0)
[0620/123711.456:INFO:CONSOLE:0] "Mixed Content: The page at 'https://creator.xiaohongshu.com/new/home' was loaded over HTTPS, but requested an insecure element 'http://ci.xiaohongshu.com/2d9fa2fa-3d30-3ce8-b8f1-54b97d788720?imageView2/2/w/270/format/jpg'. This request was automatically upgraded to HTTPS, For more information see https://blog.chromium.org/2019/10/no-more-mixed-messages-about-https.html", source: https://creator.xiaohongshu.com/new/home (0)
[0620/123711.456:INFO:CONSOLE:0] "Mixed Content: The page at 'https://creator.xiaohongshu.com/new/home' was loaded over HTTPS, but requested an insecure element 'http://ci.xiaohongshu.com/347a3290-049d-3a1f-bd88-33fd260672a1?imageView2/2/w/270/format/jpg'. This request was automatically upgraded to HTTPS, For more information see https://blog.chromium.org/2019/10/no-more-mixed-messages-about-https.html", source: https://creator.xiaohongshu.com/new/home (0)
[0620/123711.456:INFO:CONSOLE:0] "Mixed Content: The page at 'https://creator.xiaohongshu.com/new/home' was loaded over HTTPS, but requested an insecure element 'http://ci.xiaohongshu.com/2404ddb6-deb7-33ba-9d03-d2c434a02e46?imageView2/2/w/270/format/jpg'. This request was automatically upgraded to HTTPS, For more information see https://blog.chromium.org/2019/10/no-more-mixed-messages-about-https.html", source: https://creator.xiaohongshu.com/new/home (0)
[0620/123711.458:INFO:CONSOLE:0] "Mixed Content: The page at 'https://creator.xiaohongshu.com/new/home' was loaded over HTTPS, but requested an insecure element 'http://ci.xiaohongshu.com/77c0d478-c016-39c9-954d-1cdaac23e79c?imageView2/2/w/270/format/jpg'. This request was automatically upgraded to HTTPS, For more information see https://blog.chromium.org/2019/10/no-more-mixed-messages-about-https.html", source: https://creator.xiaohongshu.com/new/home (0)
[0620/123711.458:INFO:CONSOLE:0] "Mixed Content: The page at 'https://creator.xiaohongshu.com/new/home' was loaded over HTTPS, but requested an insecure element 'http://ci.xiaohongshu.com/cb9a7294-3b4c-3da3-8121-ed0637cad6b4?imageView2/2/w/270/format/jpg'. This request was automatically upgraded to HTTPS, For more information see https://blog.chromium.org/2019/10/no-more-mixed-messages-about-https.html", source: https://creator.xiaohongshu.com/new/home (0)
[0620/123711.458:INFO:CONSOLE:0] "Mixed Content: The page at 'https://creator.xiaohongshu.com/new/home' was loaded over HTTPS, but requested an insecure element 'http://ci.xiaohongshu.com/010272016jzd5soyf9t0103dw2t2hyvlhx?imageView2/2/w/270/format/jpg'. This request was automatically upgraded to HTTPS, For more information see https://blog.chromium.org/2019/10/no-more-mixed-messages-about-https.html", source: https://creator.xiaohongshu.com/new/home (0)
[0620/123711.458:INFO:CONSOLE:0] "Mixed Content: The page at 'https://creator.xiaohongshu.com/new/home' was loaded over HTTPS, but requested an insecure element 'http://ci.xiaohongshu.com/0219df73-68d0-3502-a77c-72b1fd4cfcfb?imageView2/2/w/270/format/jpg'. This request was automatically upgraded to HTTPS, For more information see https://blog.chromium.org/2019/10/no-more-mixed-messages-about-https.html", source: https://creator.xiaohongshu.com/new/home (0)
[0620/123711.458:INFO:CONSOLE:0] "Mixed Content: The page at 'https://creator.xiaohongshu.com/new/home' was loaded over HTTPS, but requested an insecure element 'http://ci.xiaohongshu.com/fdbba771-8c11-318d-bd7e-65084dfa6236?imageView2/2/w/270/format/jpg'. This request was automatically upgraded to HTTPS, For more information see https://blog.chromium.org/2019/10/no-more-mixed-messages-about-https.html", source: https://creator.xiaohongshu.com/new/home (0)
[0620/123711.458:INFO:CONSOLE:0] "Mixed Content: The page at 'https://creator.xiaohongshu.com/new/home' was loaded over HTTPS, but requested an insecure element 'http://ci.xiaohongshu.com/f84f0e81-44d3-3284-bd8c-df0cd50db549?imageView2/2/w/270/format/jpg'. This request was automatically upgraded to HTTPS, For more information see https://blog.chromium.org/2019/10/no-more-mixed-messages-about-https.html", source: https://creator.xiaohongshu.com/new/home (0)
[0620/123711.458:INFO:CONSOLE:0] "Mixed Content: The page at 'https://creator.xiaohongshu.com/new/home' was loaded over HTTPS, but requested an insecure element 'http://ci.xiaohongshu.com/32cacced-3b28-321d-9ed6-7745e001e985?imageView2/2/w/270/format/jpg'. This request was automatically upgraded to HTTPS, For more information see https://blog.chromium.org/2019/10/no-more-mixed-messages-about-https.html", source: https://creator.xiaohongshu.com/new/home (0)
[0620/123711.458:INFO:CONSOLE:0] "Mixed Content: The page at 'https://creator.xiaohongshu.com/new/home' was loaded over HTTPS, but requested an insecure element 'http://ci.xiaohongshu.com/cbc2f859-bb10-3d3f-a141-5dd92056725d?imageView2/2/w/270/format/jpg'. This request was automatically upgraded to HTTPS, For more information see https://blog.chromium.org/2019/10/no-more-mixed-messages-about-https.html", source: https://creator.xiaohongshu.com/new/home (0)
[0620/123711.458:INFO:CONSOLE:0] "Mixed Content: The page at 'https://creator.xiaohongshu.com/new/home' was loaded over HTTPS, but requested an insecure element 'http://ci.xiaohongshu.com/d7762267-69c7-3bc0-a89a-3c7127f0f738?imageView2/2/w/270/format/jpg'. This request was automatically upgraded to HTTPS, For more information see https://blog.chromium.org/2019/10/no-more-mixed-messages-about-https.html", source: https://creator.xiaohongshu.com/new/home (0)
[0620/123711.458:INFO:CONSOLE:0] "Mixed Content: The page at 'https://creator.xiaohongshu.com/new/home' was loaded over HTTPS, but requested an insecure element 'http://ci.xiaohongshu.com/6ddf4fe1-2908-3b71-8ca7-fee885c4eab9?imageView2/2/w/270/format/jpg'. This request was automatically upgraded to HTTPS, For more information see https://blog.chromium.org/2019/10/no-more-mixed-messages-about-https.html", source: https://creator.xiaohongshu.com/new/home (0)
[0620/123711.458:INFO:CONSOLE:0] "Mixed Content: The page at 'https://creator.xiaohongshu.com/new/home' was loaded over HTTPS, but requested an insecure element 'http://ci.xiaohongshu.com/dfa37da0-ca01-31a7-9bb7-2e30e21c724a?imageView2/2/w/270/format/jpg'. This request was automatically upgraded to HTTPS, For more information see https://blog.chromium.org/2019/10/no-more-mixed-messages-about-https.html", source: https://creator.xiaohongshu.com/new/home (0)
[0620/123711.458:INFO:CONSOLE:0] "Mixed Content: The page at 'https://creator.xiaohongshu.com/new/home' was loaded over HTTPS, but requested an insecure element 'http://ci.xiaohongshu.com/dcef525b-8e58-38d5-ab60-0e6cb5a185f7?imageView2/2/w/270/format/jpg'. This request was automatically upgraded to HTTPS, For more information see https://blog.chromium.org/2019/10/no-more-mixed-messages-about-https.html", source: https://creator.xiaohongshu.com/new/home (0)
[0620/123711.458:INFO:CONSOLE:0] "Mixed Content: The page at 'https://creator.xiaohongshu.com/new/home' was loaded over HTTPS, but requested an insecure element 'http://ci.xiaohongshu.com/2d9fa2fa-3d30-3ce8-b8f1-54b97d788720?imageView2/2/w/270/format/jpg'. This request was automatically upgraded to HTTPS, For more information see https://blog.chromium.org/2019/10/no-more-mixed-messages-about-https.html", source: https://creator.xiaohongshu.com/new/home (0)
[0620/123711.458:INFO:CONSOLE:0] "Mixed Content: The page at 'https://creator.xiaohongshu.com/new/home' was loaded over HTTPS, but requested an insecure element 'http://ci.xiaohongshu.com/347a3290-049d-3a1f-bd88-33fd260672a1?imageView2/2/w/270/format/jpg'. This request was automatically upgraded to HTTPS, For more information see https://blog.chromium.org/2019/10/no-more-mixed-messages-about-https.html", source: https://creator.xiaohongshu.com/new/home (0)
[0620/123711.458:INFO:CONSOLE:0] "Mixed Content: The page at 'https://creator.xiaohongshu.com/new/home' was loaded over HTTPS, but requested an insecure element 'http://ci.xiaohongshu.com/2404ddb6-deb7-33ba-9d03-d2c434a02e46?imageView2/2/w/270/format/jpg'. This request was automatically upgraded to HTTPS, For more information see https://blog.chromium.org/2019/10/no-more-mixed-messages-about-https.html", source: https://creator.xiaohongshu.com/new/home (0)
[0620/123711.458:INFO:CONSOLE:0] "Mixed Content: The page at 'https://creator.xiaohongshu.com/new/home' was loaded over HTTPS, but requested an insecure element 'http://ci.xiaohongshu.com/77c0d478-c016-39c9-954d-1cdaac23e79c?imageView2/2/w/270/format/jpg'. This request was automatically upgraded to HTTPS, For more information see https://blog.chromium.org/2019/10/no-more-mixed-messages-about-https.html", source: https://creator.xiaohongshu.com/new/home (0)
[0620/123711.458:INFO:CONSOLE:0] "Mixed Content: The page at 'https://creator.xiaohongshu.com/new/home' was loaded over HTTPS, but requested an insecure element 'http://ci.xiaohongshu.com/cb9a7294-3b4c-3da3-8121-ed0637cad6b4?imageView2/2/w/270/format/jpg'. This request was automatically upgraded to HTTPS, For more information see https://blog.chromium.org/2019/10/no-more-mixed-messages-about-https.html", source: https://creator.xiaohongshu.com/new/home (0)
[0620/123711.458:INFO:CONSOLE:0] "Mixed Content: The page at 'https://creator.xiaohongshu.com/new/home' was loaded over HTTPS, but requested an insecure element 'http://ci.xiaohongshu.com/010272016jzd5soyf9t0103dw2t2hyvlhx?imageView2/2/w/270/format/jpg'. This request was automatically upgraded to HTTPS, For more information see https://blog.chromium.org/2019/10/no-more-mixed-messages-about-https.html", source: https://creator.xiaohongshu.com/new/home (0)
[0620/123711.458:INFO:CONSOLE:0] "Mixed Content: The page at 'https://creator.xiaohongshu.com/new/home' was loaded over HTTPS, but requested an insecure element 'http://ci.xiaohongshu.com/0219df73-68d0-3502-a77c-72b1fd4cfcfb?imageView2/2/w/270/format/jpg'. This request was automatically upgraded to HTTPS, For more information see https://blog.chromium.org/2019/10/no-more-mixed-messages-about-https.html", source: https://creator.xiaohongshu.com/new/home (0)
[0620/123711.458:INFO:CONSOLE:0] "Mixed Content: The page at 'https://creator.xiaohongshu.com/new/home' was loaded over HTTPS, but requested an insecure element 'http://ci.xiaohongshu.com/fdbba771-8c11-318d-bd7e-65084dfa6236?imageView2/2/w/270/format/jpg'. This request was automatically upgraded to HTTPS, For more information see https://blog.chromium.org/2019/10/no-more-mixed-messages-about-https.html", source: https://creator.xiaohongshu.com/new/home (0)
[0620/123711.458:INFO:CONSOLE:0] "Mixed Content: The page at 'https://creator.xiaohongshu.com/new/home' was loaded over HTTPS, but requested an insecure element 'http://ci.xiaohongshu.com/f84f0e81-44d3-3284-bd8c-df0cd50db549?imageView2/2/w/270/format/jpg'. This request was automatically upgraded to HTTPS, For more information see https://blog.chromium.org/2019/10/no-more-mixed-messages-about-https.html", source: https://creator.xiaohongshu.com/new/home (0)
[0620/123711.458:INFO:CONSOLE:0] "Mixed Content: The page at 'https://creator.xiaohongshu.com/new/home' was loaded over HTTPS, but requested an insecure element 'http://ci.xiaohongshu.com/32cacced-3b28-321d-9ed6-7745e001e985?imageView2/2/w/270/format/jpg'. This request was automatically upgraded to HTTPS, For more information see https://blog.chromium.org/2019/10/no-more-mixed-messages-about-https.html", source: https://creator.xiaohongshu.com/new/home (0)
[0620/123711.458:INFO:CONSOLE:0] "Mixed Content: The page at 'https://creator.xiaohongshu.com/new/home' was loaded over HTTPS, but requested an insecure element 'http://ci.xiaohongshu.com/cbc2f859-bb10-3d3f-a141-5dd92056725d?imageView2/2/w/270/format/jpg'. This request was automatically upgraded to HTTPS, For more information see https://blog.chromium.org/2019/10/no-more-mixed-messages-about-https.html", source: https://creator.xiaohongshu.com/new/home (0)
[0620/123711.458:INFO:CONSOLE:0] "Mixed Content: The page at 'https://creator.xiaohongshu.com/new/home' was loaded over HTTPS, but requested an insecure element 'http://ci.xiaohongshu.com/d7762267-69c7-3bc0-a89a-3c7127f0f738?imageView2/2/w/270/format/jpg'. This request was automatically upgraded to HTTPS, For more information see https://blog.chromium.org/2019/10/no-more-mixed-messages-about-https.html", source: https://creator.xiaohongshu.com/new/home (0)
[0620/123711.458:INFO:CONSOLE:0] "Mixed Content: The page at 'https://creator.xiaohongshu.com/new/home' was loaded over HTTPS, but requested an insecure element 'http://ci.xiaohongshu.com/6ddf4fe1-2908-3b71-8ca7-fee885c4eab9?imageView2/2/w/270/format/jpg'. This request was automatically upgraded to HTTPS, For more information see https://blog.chromium.org/2019/10/no-more-mixed-messages-about-https.html", source: https://creator.xiaohongshu.com/new/home (0)
[0620/123711.458:INFO:CONSOLE:0] "Mixed Content: The page at 'https://creator.xiaohongshu.com/new/home' was loaded over HTTPS, but requested an insecure element 'http://ci.xiaohongshu.com/dfa37da0-ca01-31a7-9bb7-2e30e21c724a?imageView2/2/w/270/format/jpg'. This request was automatically upgraded to HTTPS, For more information see https://blog.chromium.org/2019/10/no-more-mixed-messages-about-https.html", source: https://creator.xiaohongshu.com/new/home (0)
[0620/123711.458:INFO:CONSOLE:0] "Mixed Content: The page at 'https://creator.xiaohongshu.com/new/home' was loaded over HTTPS, but requested an insecure element 'http://ci.xiaohongshu.com/dcef525b-8e58-38d5-ab60-0e6cb5a185f7?imageView2/2/w/270/format/jpg'. This request was automatically upgraded to HTTPS, For more information see https://blog.chromium.org/2019/10/no-more-mixed-messages-about-https.html", source: https://creator.xiaohongshu.com/new/home (0)
[0620/123711.458:INFO:CONSOLE:0] "Mixed Content: The page at 'https://creator.xiaohongshu.com/new/home' was loaded over HTTPS, but requested an insecure element 'http://ci.xiaohongshu.com/2d9fa2fa-3d30-3ce8-b8f1-54b97d788720?imageView2/2/w/270/format/jpg'. This request was automatically upgraded to HTTPS, For more information see https://blog.chromium.org/2019/10/no-more-mixed-messages-about-https.html", source: https://creator.xiaohongshu.com/new/home (0)
[0620/123711.458:INFO:CONSOLE:0] "Mixed Content: The page at 'https://creator.xiaohongshu.com/new/home' was loaded over HTTPS, but requested an insecure element 'http://ci.xiaohongshu.com/347a3290-049d-3a1f-bd88-33fd260672a1?imageView2/2/w/270/format/jpg'. This request was automatically upgraded to HTTPS, For more information see https://blog.chromium.org/2019/10/no-more-mixed-messages-about-https.html", source: https://creator.xiaohongshu.com/new/home (0)
[0620/123711.458:INFO:CONSOLE:0] "Mixed Content: The page at 'https://creator.xiaohongshu.com/new/home' was loaded over HTTPS, but requested an insecure element 'http://ci.xiaohongshu.com/2404ddb6-deb7-33ba-9d03-d2c434a02e46?imageView2/2/w/270/format/jpg'. This request was automatically upgraded to HTTPS, For more information see https://blog.chromium.org/2019/10/no-more-mixed-messages-about-https.html", source: https://creator.xiaohongshu.com/new/home (0)
[0620/123711.458:INFO:CONSOLE:0] "Mixed Content: The page at 'https://creator.xiaohongshu.com/new/home' was loaded over HTTPS, but requested an insecure element 'http://ci.xiaohongshu.com/77c0d478-c016-39c9-954d-1cdaac23e79c?imageView2/2/w/270/format/jpg'. This request was automatically upgraded to HTTPS, For more information see https://blog.chromium.org/2019/10/no-more-mixed-messages-about-https.html", source: https://creator.xiaohongshu.com/new/home (0)
[0620/123711.458:INFO:CONSOLE:0] "Mixed Content: The page at 'https://creator.xiaohongshu.com/new/home' was loaded over HTTPS, but requested an insecure element 'http://ci.xiaohongshu.com/cb9a7294-3b4c-3da3-8121-ed0637cad6b4?imageView2/2/w/270/format/jpg'. This request was automatically upgraded to HTTPS, For more information see https://blog.chromium.org/2019/10/no-more-mixed-messages-about-https.html", source: https://creator.xiaohongshu.com/new/home (0)
[0620/123711.458:INFO:CONSOLE:0] "Mixed Content: The page at 'https://creator.xiaohongshu.com/new/home' was loaded over HTTPS, but requested an insecure element 'http://ci.xiaohongshu.com/010272016jzd5soyf9t0103dw2t2hyvlhx?imageView2/2/w/270/format/jpg'. This request was automatically upgraded to HTTPS, For more information see https://blog.chromium.org/2019/10/no-more-mixed-messages-about-https.html", source: https://creator.xiaohongshu.com/new/home (0)
[0620/123711.458:INFO:CONSOLE:0] "Mixed Content: The page at 'https://creator.xiaohongshu.com/new/home' was loaded over HTTPS, but requested an insecure element 'http://ci.xiaohongshu.com/0219df73-68d0-3502-a77c-72b1fd4cfcfb?imageView2/2/w/270/format/jpg'. This request was automatically upgraded to HTTPS, For more information see https://blog.chromium.org/2019/10/no-more-mixed-messages-about-https.html", source: https://creator.xiaohongshu.com/new/home (0)
[0620/123711.458:INFO:CONSOLE:0] "Mixed Content: The page at 'https://creator.xiaohongshu.com/new/home' was loaded over HTTPS, but requested an insecure element 'http://ci.xiaohongshu.com/fdbba771-8c11-318d-bd7e-65084dfa6236?imageView2/2/w/270/format/jpg'. This request was automatically upgraded to HTTPS, For more information see https://blog.chromium.org/2019/10/no-more-mixed-messages-about-https.html", source: https://creator.xiaohongshu.com/new/home (0)
[0620/123711.459:INFO:CONSOLE:0] "Mixed Content: The page at 'https://creator.xiaohongshu.com/new/home' was loaded over HTTPS, but requested an insecure element 'http://ci.xiaohongshu.com/f84f0e81-44d3-3284-bd8c-df0cd50db549?imageView2/2/w/270/format/jpg'. This request was automatically upgraded to HTTPS, For more information see https://blog.chromium.org/2019/10/no-more-mixed-messages-about-https.html", source: https://creator.xiaohongshu.com/new/home (0)
[0620/123711.459:INFO:CONSOLE:0] "Mixed Content: The page at 'https://creator.xiaohongshu.com/new/home' was loaded over HTTPS, but requested an insecure element 'http://ci.xiaohongshu.com/32cacced-3b28-321d-9ed6-7745e001e985?imageView2/2/w/270/format/jpg'. This request was automatically upgraded to HTTPS, For more information see https://blog.chromium.org/2019/10/no-more-mixed-messages-about-https.html", source: https://creator.xiaohongshu.com/new/home (0)
[0620/123711.459:INFO:CONSOLE:0] "Mixed Content: The page at 'https://creator.xiaohongshu.com/new/home' was loaded over HTTPS, but requested an insecure element 'http://ci.xiaohongshu.com/cbc2f859-bb10-3d3f-a141-5dd92056725d?imageView2/2/w/270/format/jpg'. This request was automatically upgraded to HTTPS, For more information see https://blog.chromium.org/2019/10/no-more-mixed-messages-about-https.html", source: https://creator.xiaohongshu.com/new/home (0)
[0620/123711.459:INFO:CONSOLE:0] "Mixed Content: The page at 'https://creator.xiaohongshu.com/new/home' was loaded over HTTPS, but requested an insecure element 'http://ci.xiaohongshu.com/d7762267-69c7-3bc0-a89a-3c7127f0f738?imageView2/2/w/270/format/jpg'. This request was automatically upgraded to HTTPS, For more information see https://blog.chromium.org/2019/10/no-more-mixed-messages-about-https.html", source: https://creator.xiaohongshu.com/new/home (0)
[0620/123711.459:INFO:CONSOLE:0] "Mixed Content: The page at 'https://creator.xiaohongshu.com/new/home' was loaded over HTTPS, but requested an insecure element 'http://ci.xiaohongshu.com/6ddf4fe1-2908-3b71-8ca7-fee885c4eab9?imageView2/2/w/270/format/jpg'. This request was automatically upgraded to HTTPS, For more information see https://blog.chromium.org/2019/10/no-more-mixed-messages-about-https.html", source: https://creator.xiaohongshu.com/new/home (0)
[0620/123711.459:INFO:CONSOLE:0] "Mixed Content: The page at 'https://creator.xiaohongshu.com/new/home' was loaded over HTTPS, but requested an insecure element 'http://ci.xiaohongshu.com/dfa37da0-ca01-31a7-9bb7-2e30e21c724a?imageView2/2/w/270/format/jpg'. This request was automatically upgraded to HTTPS, For more information see https://blog.chromium.org/2019/10/no-more-mixed-messages-about-https.html", source: https://creator.xiaohongshu.com/new/home (0)
[0620/123711.459:INFO:CONSOLE:0] "Mixed Content: The page at 'https://creator.xiaohongshu.com/new/home' was loaded over HTTPS, but requested an insecure element 'http://ci.xiaohongshu.com/dcef525b-8e58-38d5-ab60-0e6cb5a185f7?imageView2/2/w/270/format/jpg'. This request was automatically upgraded to HTTPS, For more information see https://blog.chromium.org/2019/10/no-more-mixed-messages-about-https.html", source: https://creator.xiaohongshu.com/new/home (0)
[0620/123711.459:INFO:CONSOLE:0] "Mixed Content: The page at 'https://creator.xiaohongshu.com/new/home' was loaded over HTTPS, but requested an insecure element 'http://ci.xiaohongshu.com/2d9fa2fa-3d30-3ce8-b8f1-54b97d788720?imageView2/2/w/270/format/jpg'. This request was automatically upgraded to HTTPS, For more information see https://blog.chromium.org/2019/10/no-more-mixed-messages-about-https.html", source: https://creator.xiaohongshu.com/new/home (0)
[0620/123711.459:INFO:CONSOLE:0] "Mixed Content: The page at 'https://creator.xiaohongshu.com/new/home' was loaded over HTTPS, but requested an insecure element 'http://ci.xiaohongshu.com/347a3290-049d-3a1f-bd88-33fd260672a1?imageView2/2/w/270/format/jpg'. This request was automatically upgraded to HTTPS, For more information see https://blog.chromium.org/2019/10/no-more-mixed-messages-about-https.html", source: https://creator.xiaohongshu.com/new/home (0)
[0620/123711.459:INFO:CONSOLE:0] "Mixed Content: The page at 'https://creator.xiaohongshu.com/new/home' was loaded over HTTPS, but requested an insecure element 'http://ci.xiaohongshu.com/2404ddb6-deb7-33ba-9d03-d2c434a02e46?imageView2/2/w/270/format/jpg'. This request was automatically upgraded to HTTPS, For more information see https://blog.chromium.org/2019/10/no-more-mixed-messages-about-https.html", source: https://creator.xiaohongshu.com/new/home (0)
[0620/123711.459:INFO:CONSOLE:0] "Mixed Content: The page at 'https://creator.xiaohongshu.com/new/home' was loaded over HTTPS, but requested an insecure element 'http://ci.xiaohongshu.com/77c0d478-c016-39c9-954d-1cdaac23e79c?imageView2/2/w/270/format/jpg'. This request was automatically upgraded to HTTPS, For more information see https://blog.chromium.org/2019/10/no-more-mixed-messages-about-https.html", source: https://creator.xiaohongshu.com/new/home (0)
[0620/123711.459:INFO:CONSOLE:0] "Mixed Content: The page at 'https://creator.xiaohongshu.com/new/home' was loaded over HTTPS, but requested an insecure element 'http://ci.xiaohongshu.com/cb9a7294-3b4c-3da3-8121-ed0637cad6b4?imageView2/2/w/270/format/jpg'. This request was automatically upgraded to HTTPS, For more information see https://blog.chromium.org/2019/10/no-more-mixed-messages-about-https.html", source: https://creator.xiaohongshu.com/new/home (0)
[0620/123711.459:INFO:CONSOLE:0] "Mixed Content: The page at 'https://creator.xiaohongshu.com/new/home' was loaded over HTTPS, but requested an insecure element 'http://ci.xiaohongshu.com/010272016jzd5soyf9t0103dw2t2hyvlhx?imageView2/2/w/270/format/jpg'. This request was automatically upgraded to HTTPS, For more information see https://blog.chromium.org/2019/10/no-more-mixed-messages-about-https.html", source: https://creator.xiaohongshu.com/new/home (0)
[0620/123711.459:INFO:CONSOLE:0] "Mixed Content: The page at 'https://creator.xiaohongshu.com/new/home' was loaded over HTTPS, but requested an insecure element 'http://ci.xiaohongshu.com/0219df73-68d0-3502-a77c-72b1fd4cfcfb?imageView2/2/w/270/format/jpg'. This request was automatically upgraded to HTTPS, For more information see https://blog.chromium.org/2019/10/no-more-mixed-messages-about-https.html", source: https://creator.xiaohongshu.com/new/home (0)
[0620/123711.459:INFO:CONSOLE:0] "Mixed Content: The page at 'https://creator.xiaohongshu.com/new/home' was loaded over HTTPS, but requested an insecure element 'http://ci.xiaohongshu.com/fdbba771-8c11-318d-bd7e-65084dfa6236?imageView2/2/w/270/format/jpg'. This request was automatically upgraded to HTTPS, For more information see https://blog.chromium.org/2019/10/no-more-mixed-messages-about-https.html", source: https://creator.xiaohongshu.com/new/home (0)
[0620/123711.459:INFO:CONSOLE:0] "Mixed Content: The page at 'https://creator.xiaohongshu.com/new/home' was loaded over HTTPS, but requested an insecure element 'http://ci.xiaohongshu.com/f84f0e81-44d3-3284-bd8c-df0cd50db549?imageView2/2/w/270/format/jpg'. This request was automatically upgraded to HTTPS, For more information see https://blog.chromium.org/2019/10/no-more-mixed-messages-about-https.html", source: https://creator.xiaohongshu.com/new/home (0)
[0620/123711.459:INFO:CONSOLE:0] "Mixed Content: The page at 'https://creator.xiaohongshu.com/new/home' was loaded over HTTPS, but requested an insecure element 'http://ci.xiaohongshu.com/32cacced-3b28-321d-9ed6-7745e001e985?imageView2/2/w/270/format/jpg'. This request was automatically upgraded to HTTPS, For more information see https://blog.chromium.org/2019/10/no-more-mixed-messages-about-https.html", source: https://creator.xiaohongshu.com/new/home (0)
[0620/123711.459:INFO:CONSOLE:0] "Mixed Content: The page at 'https://creator.xiaohongshu.com/new/home' was loaded over HTTPS, but requested an insecure element 'http://ci.xiaohongshu.com/cbc2f859-bb10-3d3f-a141-5dd92056725d?imageView2/2/w/270/format/jpg'. This request was automatically upgraded to HTTPS, For more information see https://blog.chromium.org/2019/10/no-more-mixed-messages-about-https.html", source: https://creator.xiaohongshu.com/new/home (0)
[0620/123711.459:INFO:CONSOLE:0] "Mixed Content: The page at 'https://creator.xiaohongshu.com/new/home' was loaded over HTTPS, but requested an insecure element 'http://ci.xiaohongshu.com/d7762267-69c7-3bc0-a89a-3c7127f0f738?imageView2/2/w/270/format/jpg'. This request was automatically upgraded to HTTPS, For more information see https://blog.chromium.org/2019/10/no-more-mixed-messages-about-https.html", source: https://creator.xiaohongshu.com/new/home (0)
[0620/123711.459:INFO:CONSOLE:0] "Mixed Content: The page at 'https://creator.xiaohongshu.com/new/home' was loaded over HTTPS, but requested an insecure element 'http://ci.xiaohongshu.com/6ddf4fe1-2908-3b71-8ca7-fee885c4eab9?imageView2/2/w/270/format/jpg'. This request was automatically upgraded to HTTPS, For more information see https://blog.chromium.org/2019/10/no-more-mixed-messages-about-https.html", source: https://creator.xiaohongshu.com/new/home (0)
[0620/123711.459:INFO:CONSOLE:0] "Mixed Content: The page at 'https://creator.xiaohongshu.com/new/home' was loaded over HTTPS, but requested an insecure element 'http://ci.xiaohongshu.com/dfa37da0-ca01-31a7-9bb7-2e30e21c724a?imageView2/2/w/270/format/jpg'. This request was automatically upgraded to HTTPS, For more information see https://blog.chromium.org/2019/10/no-more-mixed-messages-about-https.html", source: https://creator.xiaohongshu.com/new/home (0)
[0620/123711.459:INFO:CONSOLE:0] "Mixed Content: The page at 'https://creator.xiaohongshu.com/new/home' was loaded over HTTPS, but requested an insecure element 'http://ci.xiaohongshu.com/dcef525b-8e58-38d5-ab60-0e6cb5a185f7?imageView2/2/w/270/format/jpg'. This request was automatically upgraded to HTTPS, For more information see https://blog.chromium.org/2019/10/no-more-mixed-messages-about-https.html", source: https://creator.xiaohongshu.com/new/home (0)
[0620/123711.459:INFO:CONSOLE:0] "Mixed Content: The page at 'https://creator.xiaohongshu.com/new/home' was loaded over HTTPS, but requested an insecure element 'http://ci.xiaohongshu.com/2d9fa2fa-3d30-3ce8-b8f1-54b97d788720?imageView2/2/w/270/format/jpg'. This request was automatically upgraded to HTTPS, For more information see https://blog.chromium.org/2019/10/no-more-mixed-messages-about-https.html", source: https://creator.xiaohongshu.com/new/home (0)
[0620/123711.459:INFO:CONSOLE:0] "Mixed Content: The page at 'https://creator.xiaohongshu.com/new/home' was loaded over HTTPS, but requested an insecure element 'http://ci.xiaohongshu.com/347a3290-049d-3a1f-bd88-33fd260672a1?imageView2/2/w/270/format/jpg'. This request was automatically upgraded to HTTPS, For more information see https://blog.chromium.org/2019/10/no-more-mixed-messages-about-https.html", source: https://creator.xiaohongshu.com/new/home (0)
[0620/123711.459:INFO:CONSOLE:0] "Mixed Content: The page at 'https://creator.xiaohongshu.com/new/home' was loaded over HTTPS, but requested an insecure element 'http://ci.xiaohongshu.com/2404ddb6-deb7-33ba-9d03-d2c434a02e46?imageView2/2/w/270/format/jpg'. This request was automatically upgraded to HTTPS, For more information see https://blog.chromium.org/2019/10/no-more-mixed-messages-about-https.html", source: https://creator.xiaohongshu.com/new/home (0)
[0620/123711.459:INFO:CONSOLE:0] "Mixed Content: The page at 'https://creator.xiaohongshu.com/new/home' was loaded over HTTPS, but requested an insecure element 'http://ci.xiaohongshu.com/77c0d478-c016-39c9-954d-1cdaac23e79c?imageView2/2/w/270/format/jpg'. This request was automatically upgraded to HTTPS, For more information see https://blog.chromium.org/2019/10/no-more-mixed-messages-about-https.html", source: https://creator.xiaohongshu.com/new/home (0)
[0620/123711.459:INFO:CONSOLE:0] "Mixed Content: The page at 'https://creator.xiaohongshu.com/new/home' was loaded over HTTPS, but requested an insecure element 'http://ci.xiaohongshu.com/cb9a7294-3b4c-3da3-8121-ed0637cad6b4?imageView2/2/w/270/format/jpg'. This request was automatically upgraded to HTTPS, For more information see https://blog.chromium.org/2019/10/no-more-mixed-messages-about-https.html", source: https://creator.xiaohongshu.com/new/home (0)
[0620/123711.459:INFO:CONSOLE:0] "Mixed Content: The page at 'https://creator.xiaohongshu.com/new/home' was loaded over HTTPS, but requested an insecure element 'http://ci.xiaohongshu.com/010272016jzd5soyf9t0103dw2t2hyvlhx?imageView2/2/w/270/format/jpg'. This request was automatically upgraded to HTTPS, For more information see https://blog.chromium.org/2019/10/no-more-mixed-messages-about-https.html", source: https://creator.xiaohongshu.com/new/home (0)
[0620/123711.459:INFO:CONSOLE:0] "Mixed Content: The page at 'https://creator.xiaohongshu.com/new/home' was loaded over HTTPS, but requested an insecure element 'http://ci.xiaohongshu.com/0219df73-68d0-3502-a77c-72b1fd4cfcfb?imageView2/2/w/270/format/jpg'. This request was automatically upgraded to HTTPS, For more information see https://blog.chromium.org/2019/10/no-more-mixed-messages-about-https.html", source: https://creator.xiaohongshu.com/new/home (0)
[0620/123711.459:INFO:CONSOLE:0] "Mixed Content: The page at 'https://creator.xiaohongshu.com/new/home' was loaded over HTTPS, but requested an insecure element 'http://ci.xiaohongshu.com/fdbba771-8c11-318d-bd7e-65084dfa6236?imageView2/2/w/270/format/jpg'. This request was automatically upgraded to HTTPS, For more information see https://blog.chromium.org/2019/10/no-more-mixed-messages-about-https.html", source: https://creator.xiaohongshu.com/new/home (0)
[0620/123711.459:INFO:CONSOLE:0] "Mixed Content: The page at 'https://creator.xiaohongshu.com/new/home' was loaded over HTTPS, but requested an insecure element 'http://ci.xiaohongshu.com/f84f0e81-44d3-3284-bd8c-df0cd50db549?imageView2/2/w/270/format/jpg'. This request was automatically upgraded to HTTPS, For more information see https://blog.chromium.org/2019/10/no-more-mixed-messages-about-https.html", source: https://creator.xiaohongshu.com/new/home (0)
[0620/123711.459:INFO:CONSOLE:0] "Mixed Content: The page at 'https://creator.xiaohongshu.com/new/home' was loaded over HTTPS, but requested an insecure element 'http://ci.xiaohongshu.com/32cacced-3b28-321d-9ed6-7745e001e985?imageView2/2/w/270/format/jpg'. This request was automatically upgraded to HTTPS, For more information see https://blog.chromium.org/2019/10/no-more-mixed-messages-about-https.html", source: https://creator.xiaohongshu.com/new/home (0)
[0620/123711.459:INFO:CONSOLE:0] "Mixed Content: The page at 'https://creator.xiaohongshu.com/new/home' was loaded over HTTPS, but requested an insecure element 'http://ci.xiaohongshu.com/cbc2f859-bb10-3d3f-a141-5dd92056725d?imageView2/2/w/270/format/jpg'. This request was automatically upgraded to HTTPS, For more information see https://blog.chromium.org/2019/10/no-more-mixed-messages-about-https.html", source: https://creator.xiaohongshu.com/new/home (0)
[0620/123711.459:INFO:CONSOLE:0] "Mixed Content: The page at 'https://creator.xiaohongshu.com/new/home' was loaded over HTTPS, but requested an insecure element 'http://ci.xiaohongshu.com/d7762267-69c7-3bc0-a89a-3c7127f0f738?imageView2/2/w/270/format/jpg'. This request was automatically upgraded to HTTPS, For more information see https://blog.chromium.org/2019/10/no-more-mixed-messages-about-https.html", source: https://creator.xiaohongshu.com/new/home (0)
[0620/123711.459:INFO:CONSOLE:0] "Mixed Content: The page at 'https://creator.xiaohongshu.com/new/home' was loaded over HTTPS, but requested an insecure element 'http://ci.xiaohongshu.com/6ddf4fe1-2908-3b71-8ca7-fee885c4eab9?imageView2/2/w/270/format/jpg'. This request was automatically upgraded to HTTPS, For more information see https://blog.chromium.org/2019/10/no-more-mixed-messages-about-https.html", source: https://creator.xiaohongshu.com/new/home (0)
[0620/123711.461:INFO:CONSOLE:0] "Mixed Content: The page at 'https://creator.xiaohongshu.com/new/home' was loaded over HTTPS, but requested an insecure element 'http://ci.xiaohongshu.com/dfa37da0-ca01-31a7-9bb7-2e30e21c724a?imageView2/2/w/270/format/jpg'. This request was automatically upgraded to HTTPS, For more information see https://blog.chromium.org/2019/10/no-more-mixed-messages-about-https.html", source: https://creator.xiaohongshu.com/new/home (0)
[0620/123711.461:INFO:CONSOLE:0] "Mixed Content: The page at 'https://creator.xiaohongshu.com/new/home' was loaded over HTTPS, but requested an insecure element 'http://ci.xiaohongshu.com/dcef525b-8e58-38d5-ab60-0e6cb5a185f7?imageView2/2/w/270/format/jpg'. This request was automatically upgraded to HTTPS, For more information see https://blog.chromium.org/2019/10/no-more-mixed-messages-about-https.html", source: https://creator.xiaohongshu.com/new/home (0)
[0620/123711.461:INFO:CONSOLE:0] "Mixed Content: The page at 'https://creator.xiaohongshu.com/new/home' was loaded over HTTPS, but requested an insecure element 'http://ci.xiaohongshu.com/2d9fa2fa-3d30-3ce8-b8f1-54b97d788720?imageView2/2/w/270/format/jpg'. This request was automatically upgraded to HTTPS, For more information see https://blog.chromium.org/2019/10/no-more-mixed-messages-about-https.html", source: https://creator.xiaohongshu.com/new/home (0)
[0620/123711.461:INFO:CONSOLE:0] "Mixed Content: The page at 'https://creator.xiaohongshu.com/new/home' was loaded over HTTPS, but requested an insecure element 'http://ci.xiaohongshu.com/347a3290-049d-3a1f-bd88-33fd260672a1?imageView2/2/w/270/format/jpg'. This request was automatically upgraded to HTTPS, For more information see https://blog.chromium.org/2019/10/no-more-mixed-messages-about-https.html", source: https://creator.xiaohongshu.com/new/home (0)
[0620/123711.461:INFO:CONSOLE:0] "Mixed Content: The page at 'https://creator.xiaohongshu.com/new/home' was loaded over HTTPS, but requested an insecure element 'http://ci.xiaohongshu.com/2404ddb6-deb7-33ba-9d03-d2c434a02e46?imageView2/2/w/270/format/jpg'. This request was automatically upgraded to HTTPS, For more information see https://blog.chromium.org/2019/10/no-more-mixed-messages-about-https.html", source: https://creator.xiaohongshu.com/new/home (0)
[0620/123711.461:INFO:CONSOLE:0] "Mixed Content: The page at 'https://creator.xiaohongshu.com/new/home' was loaded over HTTPS, but requested an insecure element 'http://ci.xiaohongshu.com/77c0d478-c016-39c9-954d-1cdaac23e79c?imageView2/2/w/270/format/jpg'. This request was automatically upgraded to HTTPS, For more information see https://blog.chromium.org/2019/10/no-more-mixed-messages-about-https.html", source: https://creator.xiaohongshu.com/new/home (0)
[0620/123711.461:INFO:CONSOLE:0] "Mixed Content: The page at 'https://creator.xiaohongshu.com/new/home' was loaded over HTTPS, but requested an insecure element 'http://ci.xiaohongshu.com/cb9a7294-3b4c-3da3-8121-ed0637cad6b4?imageView2/2/w/270/format/jpg'. This request was automatically upgraded to HTTPS, For more information see https://blog.chromium.org/2019/10/no-more-mixed-messages-about-https.html", source: https://creator.xiaohongshu.com/new/home (0)
[0620/123711.461:INFO:CONSOLE:0] "Mixed Content: The page at 'https://creator.xiaohongshu.com/new/home' was loaded over HTTPS, but requested an insecure element 'http://ci.xiaohongshu.com/010272016jzd5soyf9t0103dw2t2hyvlhx?imageView2/2/w/270/format/jpg'. This request was automatically upgraded to HTTPS, For more information see https://blog.chromium.org/2019/10/no-more-mixed-messages-about-https.html", source: https://creator.xiaohongshu.com/new/home (0)
[0620/123713.045:INFO:CONSOLE:3] "Error", source:  (3)
[0620/123713.254:INFO:CONSOLE:119] "[apm performance metric] paintTiming", source: https://fe-static.xhscdn.com/formula-static/ugc/public/resource/js/8103.ec1b381a.js (119)
[0620/123713.254:INFO:CONSOLE:119] "console.groupEnd", source: https://fe-static.xhscdn.com/formula-static/ugc/public/resource/js/8103.ec1b381a.js (119)
[0620/123713.429:INFO:CONSOLE:3] "Error", source:  (3)
[0620/123713.549:INFO:CONSOLE:119] "[apm] httpRequestTiming", source: https://fe-static.xhscdn.com/formula-static/ugc/public/resource/js/8103.ec1b381a.js (119)
[0620/123713.549:INFO:CONSOLE:119] "console.groupEnd", source: https://fe-static.xhscdn.com/formula-static/ugc/public/resource/js/8103.ec1b381a.js (119)
[0620/123713.549:INFO:CONSOLE:119] "[apm] httpRequestTiming", source: https://fe-static.xhscdn.com/formula-static/ugc/public/resource/js/8103.ec1b381a.js (119)
[0620/123713.549:INFO:CONSOLE:119] "console.groupEnd", source: https://fe-static.xhscdn.com/formula-static/ugc/public/resource/js/8103.ec1b381a.js (119)
[0620/123713.549:INFO:CONSOLE:119] "[apm] httpRequestTiming", source: https://fe-static.xhscdn.com/formula-static/ugc/public/resource/js/8103.ec1b381a.js (119)
[0620/123713.549:INFO:CONSOLE:119] "console.groupEnd", source: https://fe-static.xhscdn.com/formula-static/ugc/public/resource/js/8103.ec1b381a.js (119)
[0620/123713.549:INFO:CONSOLE:119] "[apm] sns_web_publish_new_bootstrap", source: https://fe-static.xhscdn.com/formula-static/ugc/public/resource/js/8103.ec1b381a.js (119)
[0620/123713.549:INFO:CONSOLE:119] "console.groupEnd", source: https://fe-static.xhscdn.com/formula-static/ugc/public/resource/js/8103.ec1b381a.js (119)
[0620/123713.549:INFO:CONSOLE:119] "[apm] sns_web_publish_perf", source: https://fe-static.xhscdn.com/formula-static/ugc/public/resource/js/8103.ec1b381a.js (119)
[0620/123713.549:INFO:CONSOLE:119] "console.groupEnd", source: https://fe-static.xhscdn.com/formula-static/ugc/public/resource/js/8103.ec1b381a.js (119)
[0620/123713.604:INFO:CONSOLE:119] "[apm] sns_web_publish_upload_image", source: https://fe-static.xhscdn.com/formula-static/ugc/public/resource/js/8103.ec1b381a.js (119)
[0620/123713.604:INFO:CONSOLE:119] "console.groupEnd", source: https://fe-static.xhscdn.com/formula-static/ugc/public/resource/js/8103.ec1b381a.js (119)
[0620/123713.604:INFO:CONSOLE:119] "[apm] sns_web_publish_upload_image", source: https://fe-static.xhscdn.com/formula-static/ugc/public/resource/js/8103.ec1b381a.js (119)
[0620/123713.604:INFO:CONSOLE:119] "console.groupEnd", source: https://fe-static.xhscdn.com/formula-static/ugc/public/resource/js/8103.ec1b381a.js (119)
[0620/123713.604:INFO:CONSOLE:119] "[apm] sns_web_publish_perf", source: https://fe-static.xhscdn.com/formula-static/ugc/public/resource/js/8103.ec1b381a.js (119)
[0620/123713.604:INFO:CONSOLE:119] "console.groupEnd", source: https://fe-static.xhscdn.com/formula-static/ugc/public/resource/js/8103.ec1b381a.js (119)
[0620/123713.604:INFO:CONSOLE:119] "[apm] sns_web_draft_point", source: https://fe-static.xhscdn.com/formula-static/ugc/public/resource/js/8103.ec1b381a.js (119)
[0620/123713.604:INFO:CONSOLE:119] "console.groupEnd", source: https://fe-static.xhscdn.com/formula-static/ugc/public/resource/js/8103.ec1b381a.js (119)
[0620/123713.604:INFO:CONSOLE:119] "[apm] httpRequestTiming", source: https://fe-static.xhscdn.com/formula-static/ugc/public/resource/js/8103.ec1b381a.js (119)
[0620/123713.604:INFO:CONSOLE:119] "console.groupEnd", source: https://fe-static.xhscdn.com/formula-static/ugc/public/resource/js/8103.ec1b381a.js (119)
[0620/123716.090:INFO:CONSOLE:3] "Error", source:  (3)
[0620/123718.435:INFO:CONSOLE:3] "Error", source:  (3)
[0620/123718.602:INFO:CONSOLE:3] "Error", source:  (3)
[0620/123718.613:INFO:CONSOLE:1] "Error", source: https://fe-static.xhscdn.com/formula-static/ugc/public/resource/js/async/9936.c458759f.js (1)
[0620/123718.663:INFO:CONSOLE:1] "[object GeolocationPositionError]", source: https://fe-static.xhscdn.com/formula-static/ugc/public/resource/js/project-publish-vue.1428a0fb.js (1)
[0620/123718.841:INFO:CONSOLE:119] "[apm] sns_web_publish_perf", source: https://fe-static.xhscdn.com/formula-static/ugc/public/resource/js/8103.ec1b381a.js (119)
[0620/123718.841:INFO:CONSOLE:119] "console.groupEnd", source: https://fe-static.xhscdn.com/formula-static/ugc/public/resource/js/8103.ec1b381a.js (119)
[0620/123718.841:INFO:CONSOLE:119] "[apm] httpRequestTiming", source: https://fe-static.xhscdn.com/formula-static/ugc/public/resource/js/8103.ec1b381a.js (119)
[0620/123718.841:INFO:CONSOLE:119] "console.groupEnd", source: https://fe-static.xhscdn.com/formula-static/ugc/public/resource/js/8103.ec1b381a.js (119)
[0620/123718.841:INFO:CONSOLE:119] "[apm] sns_web_publish_upload_image", source: https://fe-static.xhscdn.com/formula-static/ugc/public/resource/js/8103.ec1b381a.js (119)
[0620/123718.841:INFO:CONSOLE:119] "console.groupEnd", source: https://fe-static.xhscdn.com/formula-static/ugc/public/resource/js/8103.ec1b381a.js (119)
[0620/123718.841:INFO:CONSOLE:119] "[apm] sns_web_publish_upload_image", source: https://fe-static.xhscdn.com/formula-static/ugc/public/resource/js/8103.ec1b381a.js (119)
[0620/123718.841:INFO:CONSOLE:119] "console.groupEnd", source: https://fe-static.xhscdn.com/formula-static/ugc/public/resource/js/8103.ec1b381a.js (119)
[0620/123718.841:INFO:CONSOLE:119] "[apm] sns_web_publish_upload_image", source: https://fe-static.xhscdn.com/formula-static/ugc/public/resource/js/8103.ec1b381a.js (119)
[0620/123718.841:INFO:CONSOLE:119] "console.groupEnd", source: https://fe-static.xhscdn.com/formula-static/ugc/public/resource/js/8103.ec1b381a.js (119)
[0620/123718.841:INFO:CONSOLE:119] "[apm] sns_web_publish_upload_image", source: https://fe-static.xhscdn.com/formula-static/ugc/public/resource/js/8103.ec1b381a.js (119)
[0620/123718.841:INFO:CONSOLE:119] "console.groupEnd", source: https://fe-static.xhscdn.com/formula-static/ugc/public/resource/js/8103.ec1b381a.js (119)
[0620/123718.842:INFO:CONSOLE:119] "[apm] sns_web_publish_publish", source: https://fe-static.xhscdn.com/formula-static/ugc/public/resource/js/8103.ec1b381a.js (119)
[0620/123718.842:INFO:CONSOLE:119] "console.groupEnd", source: https://fe-static.xhscdn.com/formula-static/ugc/public/resource/js/8103.ec1b381a.js (119)
[0620/123718.842:INFO:CONSOLE:119] "[apm] sns_web_publish_upload_image", source: https://fe-static.xhscdn.com/formula-static/ugc/public/resource/js/8103.ec1b381a.js (119)
[0620/123718.842:INFO:CONSOLE:119] "console.groupEnd", source: https://fe-static.xhscdn.com/formula-static/ugc/public/resource/js/8103.ec1b381a.js (119)
[0620/123718.842:INFO:CONSOLE:119] "[apm] sns_web_draft_point", source: https://fe-static.xhscdn.com/formula-static/ugc/public/resource/js/8103.ec1b381a.js (119)
[0620/123718.842:INFO:CONSOLE:119] "console.groupEnd", source: https://fe-static.xhscdn.com/formula-static/ugc/public/resource/js/8103.ec1b381a.js (119)
[0620/123718.842:INFO:CONSOLE:119] "[apm] httpRequestTiming", source: https://fe-static.xhscdn.com/formula-static/ugc/public/resource/js/8103.ec1b381a.js (119)
[0620/123718.842:INFO:CONSOLE:119] "console.groupEnd", source: https://fe-static.xhscdn.com/formula-static/ugc/public/resource/js/8103.ec1b381a.js (119)
[0620/123719.330:INFO:CONSOLE:119] "[apm] httpRequestTiming", source: https://fe-static.xhscdn.com/formula-static/ugc/public/resource/js/8103.ec1b381a.js (119)
[0620/123719.330:INFO:CONSOLE:119] "console.groupEnd", source: https://fe-static.xhscdn.com/formula-static/ugc/public/resource/js/8103.ec1b381a.js (119)
[0620/123719.331:INFO:CONSOLE:119] "[apm] httpRequestTiming", source: https://fe-static.xhscdn.com/formula-static/ugc/public/resource/js/8103.ec1b381a.js (119)
[0620/123719.331:INFO:CONSOLE:119] "console.groupEnd", source: https://fe-static.xhscdn.com/formula-static/ugc/public/resource/js/8103.ec1b381a.js (119)
[0620/123719.331:INFO:CONSOLE:119] "[apm] httpRequestTiming", source: https://fe-static.xhscdn.com/formula-static/ugc/public/resource/js/8103.ec1b381a.js (119)
[0620/123719.331:INFO:CONSOLE:119] "console.groupEnd", source: https://fe-static.xhscdn.com/formula-static/ugc/public/resource/js/8103.ec1b381a.js (119)
[0620/123719.331:INFO:CONSOLE:119] "[apm] httpRequestTiming", source: https://fe-static.xhscdn.com/formula-static/ugc/public/resource/js/8103.ec1b381a.js (119)
[0620/123719.331:INFO:CONSOLE:119] "console.groupEnd", source: https://fe-static.xhscdn.com/formula-static/ugc/public/resource/js/8103.ec1b381a.js (119)
[0620/123719.331:INFO:CONSOLE:119] "[apm] httpRequestTiming", source: https://fe-static.xhscdn.com/formula-static/ugc/public/resource/js/8103.ec1b381a.js (119)
[0620/123719.331:INFO:CONSOLE:119] "console.groupEnd", source: https://fe-static.xhscdn.com/formula-static/ugc/public/resource/js/8103.ec1b381a.js (119)
[0620/123723.406:INFO:CONSOLE:1] "实时竞速: 10042.384033203125 ms", source: https://fe-static.xhscdn.com/formula-static/ugc/public/resource/js/index.51912041.js (1)
[0620/123725.612:INFO:CONSOLE:119] "[apm] httpRequestTiming", source: https://fe-static.xhscdn.com/formula-static/ugc/public/resource/js/8103.ec1b381a.js (119)
[0620/123725.612:INFO:CONSOLE:119] "console.groupEnd", source: https://fe-static.xhscdn.com/formula-static/ugc/public/resource/js/8103.ec1b381a.js (119)
[0620/123725.612:INFO:CONSOLE:119] "[apm] httpRequestTiming", source: https://fe-static.xhscdn.com/formula-static/ugc/public/resource/js/8103.ec1b381a.js (119)
[0620/123725.612:INFO:CONSOLE:119] "console.groupEnd", source: https://fe-static.xhscdn.com/formula-static/ugc/public/resource/js/8103.ec1b381a.js (119)
[0620/123725.612:INFO:CONSOLE:119] "[apm] sns_web_publish_lcp", source: https://fe-static.xhscdn.com/formula-static/ugc/public/resource/js/8103.ec1b381a.js (119)
[0620/123725.612:INFO:CONSOLE:119] "console.groupEnd", source: https://fe-static.xhscdn.com/formula-static/ugc/public/resource/js/8103.ec1b381a.js (119)
[0620/123725.612:INFO:CONSOLE:119] "[apm] sns_web_publish_upload_image", source: https://fe-static.xhscdn.com/formula-static/ugc/public/resource/js/8103.ec1b381a.js (119)
[0620/123725.612:INFO:CONSOLE:119] "console.groupEnd", source: https://fe-static.xhscdn.com/formula-static/ugc/public/resource/js/8103.ec1b381a.js (119)
[0620/123725.613:INFO:CONSOLE:119] "[apm] sns_web_publish_upload_speed", source: https://fe-static.xhscdn.com/formula-static/ugc/public/resource/js/8103.ec1b381a.js (119)
[0620/123725.613:INFO:CONSOLE:119] "console.groupEnd", source: https://fe-static.xhscdn.com/formula-static/ugc/public/resource/js/8103.ec1b381a.js (119)
[0620/123726.956:INFO:CONSOLE:3] "Error", source:  (3)
[0620/123728.301:INFO:CONSOLE:1] "Error", source: https://fe-static.xhscdn.com/formula-static/ugc/public/resource/js/async/9936.c458759f.js (1)
[0620/123728.828:INFO:CONSOLE:119] "Uncaught (in promise) Error: [Eaglet Exception] no match enum `1` in `NoteEditSource` field", source: https://fe-static.xhscdn.com/formula-static/ugc/public/resource/js/8103.ec1b381a.js (119)
[0620/123728.895:INFO:CONSOLE:119] "[apm] httpRequestTiming", source: https://fe-static.xhscdn.com/formula-static/ugc/public/resource/js/8103.ec1b381a.js (119)
[0620/123728.895:INFO:CONSOLE:119] "console.groupEnd", source: https://fe-static.xhscdn.com/formula-static/ugc/public/resource/js/8103.ec1b381a.js (119)
[0620/123728.895:INFO:CONSOLE:119] "[apm] sns_web_publish_publish", source: https://fe-static.xhscdn.com/formula-static/ugc/public/resource/js/8103.ec1b381a.js (119)
[0620/123728.896:INFO:CONSOLE:119] "console.groupEnd", source: https://fe-static.xhscdn.com/formula-static/ugc/public/resource/js/8103.ec1b381a.js (119)
[0620/123728.896:INFO:CONSOLE:119] "[apm] httpRequestTiming", source: https://fe-static.xhscdn.com/formula-static/ugc/public/resource/js/8103.ec1b381a.js (119)
[0620/123728.896:INFO:CONSOLE:119] "console.groupEnd", source: https://fe-static.xhscdn.com/formula-static/ugc/public/resource/js/8103.ec1b381a.js (119)
[0620/123728.896:INFO:CONSOLE:119] "[apm] sns_web_publish_publish", source: https://fe-static.xhscdn.com/formula-static/ugc/public/resource/js/8103.ec1b381a.js (119)
[0620/123728.896:INFO:CONSOLE:119] "console.groupEnd", source: https://fe-static.xhscdn.com/formula-static/ugc/public/resource/js/8103.ec1b381a.js (119)
[0620/123728.896:INFO:CONSOLE:119] "[apm] sns_web_publish_timing_image", source: https://fe-static.xhscdn.com/formula-static/ugc/public/resource/js/8103.ec1b381a.js (119)
[0620/123728.896:INFO:CONSOLE:119] "console.groupEnd", source: https://fe-static.xhscdn.com/formula-static/ugc/public/resource/js/8103.ec1b381a.js (119)
[0620/123734.117:INFO:CONSOLE:119] "[apm] sns_web_publish_timing", source: https://fe-static.xhscdn.com/formula-static/ugc/public/resource/js/8103.ec1b381a.js (119)
[0620/123734.117:INFO:CONSOLE:119] "console.groupEnd", source: https://fe-static.xhscdn.com/formula-static/ugc/public/resource/js/8103.ec1b381a.js (119)
[0620/123740.065:INFO:CONSOLE:119] "[apm] sns_web_publish_new_bootstrap", source: https://fe-static.xhscdn.com/formula-static/ugc/public/resource/js/8103.ec1b381a.js (119)
[0620/123740.065:INFO:CONSOLE:119] "console.groupEnd", source: https://fe-static.xhscdn.com/formula-static/ugc/public/resource/js/8103.ec1b381a.js (119)
[0620/123740.065:INFO:CONSOLE:119] "[apm] sns_web_publish_upload_video", source: https://fe-static.xhscdn.com/formula-static/ugc/public/resource/js/8103.ec1b381a.js (119)
[0620/123740.065:INFO:CONSOLE:119] "console.groupEnd", source: https://fe-static.xhscdn.com/formula-static/ugc/public/resource/js/8103.ec1b381a.js (119)
[0620/123740.065:INFO:CONSOLE:119] "[apm] sns_web_draft_point", source: https://fe-static.xhscdn.com/formula-static/ugc/public/resource/js/8103.ec1b381a.js (119)
[0620/123740.065:INFO:CONSOLE:119] "console.groupEnd", source: https://fe-static.xhscdn.com/formula-static/ugc/public/resource/js/8103.ec1b381a.js (119)
[0620/123910.068:INFO:CONSOLE:3] "Error", source:  (3)
[0620/123910.083:INFO:CONSOLE:3] "Error", source:  (3)
[0620/123910.383:INFO:CONSOLE:119] "[apm] httpRequestTiming", source: https://fe-static.xhscdn.com/formula-static/ugc/public/resource/js/8103.ec1b381a.js (119)
[0620/123910.383:INFO:CONSOLE:119] "console.groupEnd", source: https://fe-static.xhscdn.com/formula-static/ugc/public/resource/js/8103.ec1b381a.js (119)
[0620/123910.383:INFO:CONSOLE:119] "[apm] infra_sec_web_api_walify", source: https://fe-static.xhscdn.com/formula-static/ugc/public/resource/js/8103.ec1b381a.js (119)
[0620/123910.383:INFO:CONSOLE:119] "console.groupEnd", source: https://fe-static.xhscdn.com/formula-static/ugc/public/resource/js/8103.ec1b381a.js (119)
[0620/123910.383:INFO:CONSOLE:119] "[apm] httpRequestTiming", source: https://fe-static.xhscdn.com/formula-static/ugc/public/resource/js/8103.ec1b381a.js (119)
[0620/123910.383:INFO:CONSOLE:119] "console.groupEnd", source: https://fe-static.xhscdn.com/formula-static/ugc/public/resource/js/8103.ec1b381a.js (119)
[0620/123910.383:INFO:CONSOLE:119] "[apm] infra_sec_web_api_walify", source: https://fe-static.xhscdn.com/formula-static/ugc/public/resource/js/8103.ec1b381a.js (119)
[0620/123910.383:INFO:CONSOLE:119] "console.groupEnd", source: https://fe-static.xhscdn.com/formula-static/ugc/public/resource/js/8103.ec1b381a.js (119)
[0620/123910.383:INFO:CONSOLE:119] "[apm] infra_sec_web_api_walify", source: https://fe-static.xhscdn.com/formula-static/ugc/public/resource/js/8103.ec1b381a.js (119)
[0620/123910.383:INFO:CONSOLE:119] "console.groupEnd", source: https://fe-static.xhscdn.com/formula-static/ugc/public/resource/js/8103.ec1b381a.js (119)
[0620/123931.641:INFO:CONSOLE:119] "[apm performance metric] interactiveTiming", source: https://fe-static.xhscdn.com/formula-static/ugc/public/resource/js/8103.ec1b381a.js (119)
[0620/123931.641:INFO:CONSOLE:119] "console.groupEnd", source: https://fe-static.xhscdn.com/formula-static/ugc/public/resource/js/8103.ec1b381a.js (119)
[0620/123931.641:INFO:CONSOLE:119] "[apm performance metric] interactiveTiming", source: https://fe-static.xhscdn.com/formula-static/ugc/public/resource/js/8103.ec1b381a.js (119)
[0620/123931.642:INFO:CONSOLE:119] "console.groupEnd", source: https://fe-static.xhscdn.com/formula-static/ugc/public/resource/js/8103.ec1b381a.js (119)
[0620/123931.642:INFO:CONSOLE:119] "[apm performance metric] interactiveTiming", source: https://fe-static.xhscdn.com/formula-static/ugc/public/resource/js/8103.ec1b381a.js (119)
[0620/123931.642:INFO:CONSOLE:119] "console.groupEnd", source: https://fe-static.xhscdn.com/formula-static/ugc/public/resource/js/8103.ec1b381a.js (119)
[0620/123931.643:INFO:CONSOLE:119] "[apm performance metric] visualStability", source: https://fe-static.xhscdn.com/formula-static/ugc/public/resource/js/8103.ec1b381a.js (119)
[0620/123931.643:INFO:CONSOLE:119] "console.groupEnd", source: https://fe-static.xhscdn.com/formula-static/ugc/public/resource/js/8103.ec1b381a.js (119)
[0620/123931.643:INFO:CONSOLE:119] "[apm performance metric] interactiveTiming", source: https://fe-static.xhscdn.com/formula-static/ugc/public/resource/js/8103.ec1b381a.js (119)
[0620/123931.643:INFO:CONSOLE:119] "console.groupEnd", source: https://fe-static.xhscdn.com/formula-static/ugc/public/resource/js/8103.ec1b381a.js (119)
[0620/123931.643:INFO:CONSOLE:119] "[apm performance metric] interactiveTiming", source: https://fe-static.xhscdn.com/formula-static/ugc/public/resource/js/8103.ec1b381a.js (119)
[0620/123931.643:INFO:CONSOLE:119] "console.groupEnd", source: https://fe-static.xhscdn.com/formula-static/ugc/public/resource/js/8103.ec1b381a.js (119)
[0620/123931.717:INFO:CONSOLE:119] "框架和 SDK 输出的日志默认不展示，可在框架配置文件中设置开启，详见 https://doc.weixin.qq.com/doc/w3_AWkASAb9APAr8IdJI5VS0OyqetUE6?scode=ANAAyQcbAAgB8qKjm9AWkASAb9APA", source: https://fe-static.xhscdn.com/formula-static/ugc/public/resource/js/8103.ec1b381a.js (119)
[0620/123931.763:INFO:CONSOLE:3] "Error", source:  (3)
[0620/123931.887:INFO:CONSOLE:3] "Error", source:  (3)
[0620/123931.893:INFO:CONSOLE:3] "Error", source:  (3)
[0620/123931.898:INFO:CONSOLE:3] "Error", source:  (3)
[0620/123932.104:INFO:CONSOLE:119] "[apm] anti_spam_ds_fail", source: https://fe-static.xhscdn.com/formula-static/ugc/public/resource/js/8103.ec1b381a.js (119)
[0620/123932.104:INFO:CONSOLE:119] "console.groupEnd", source: https://fe-static.xhscdn.com/formula-static/ugc/public/resource/js/8103.ec1b381a.js (119)
[0620/123932.104:INFO:CONSOLE:119] "[apm] webmns_error", source: https://fe-static.xhscdn.com/formula-static/ugc/public/resource/js/8103.ec1b381a.js (119)
[0620/123932.104:INFO:CONSOLE:119] "console.groupEnd", source: https://fe-static.xhscdn.com/formula-static/ugc/public/resource/js/8103.ec1b381a.js (119)
[0620/123932.104:INFO:CONSOLE:119] "[apm] infraBrowserResourceTiming", source: https://fe-static.xhscdn.com/formula-static/ugc/public/resource/js/8103.ec1b381a.js (119)
[0620/123932.104:INFO:CONSOLE:119] "console.groupEnd", source: https://fe-static.xhscdn.com/formula-static/ugc/public/resource/js/8103.ec1b381a.js (119)
[0620/123932.104:INFO:CONSOLE:119] "[apm] infraBrowserResourceTiming", source: https://fe-static.xhscdn.com/formula-static/ugc/public/resource/js/8103.ec1b381a.js (119)
[0620/123932.104:INFO:CONSOLE:119] "console.groupEnd", source: https://fe-static.xhscdn.com/formula-static/ugc/public/resource/js/8103.ec1b381a.js (119)
[0620/123932.105:INFO:CONSOLE:119] "[apm] infraBrowserResourceTiming", source: https://fe-static.xhscdn.com/formula-static/ugc/public/resource/js/8103.ec1b381a.js (119)
[0620/123932.105:INFO:CONSOLE:119] "console.groupEnd", source: https://fe-static.xhscdn.com/formula-static/ugc/public/resource/js/8103.ec1b381a.js (119)
[0620/123932.105:INFO:CONSOLE:119] "[apm] infraBrowserResourceTiming", source: https://fe-static.xhscdn.com/formula-static/ugc/public/resource/js/8103.ec1b381a.js (119)
[0620/123932.105:INFO:CONSOLE:119] "console.groupEnd", source: https://fe-static.xhscdn.com/formula-static/ugc/public/resource/js/8103.ec1b381a.js (119)
[0620/123932.105:INFO:CONSOLE:119] "[apm] infraBrowserResourceTiming", source: https://fe-static.xhscdn.com/formula-static/ugc/public/resource/js/8103.ec1b381a.js (119)
[0620/123932.105:INFO:CONSOLE:119] "console.groupEnd", source: https://fe-static.xhscdn.com/formula-static/ugc/public/resource/js/8103.ec1b381a.js (119)
[0620/123932.105:INFO:CONSOLE:119] "[apm] infraBrowserResourceTiming", source: https://fe-static.xhscdn.com/formula-static/ugc/public/resource/js/8103.ec1b381a.js (119)
[0620/123932.105:INFO:CONSOLE:119] "console.groupEnd", source: https://fe-static.xhscdn.com/formula-static/ugc/public/resource/js/8103.ec1b381a.js (119)
[0620/123932.105:INFO:CONSOLE:119] "[apm] infraBrowserResourceTiming", source: https://fe-static.xhscdn.com/formula-static/ugc/public/resource/js/8103.ec1b381a.js (119)
[0620/123932.105:INFO:CONSOLE:119] "console.groupEnd", source: https://fe-static.xhscdn.com/formula-static/ugc/public/resource/js/8103.ec1b381a.js (119)
[0620/123932.105:INFO:CONSOLE:119] "[apm] infraBrowserResourceTiming", source: https://fe-static.xhscdn.com/formula-static/ugc/public/resource/js/8103.ec1b381a.js (119)
[0620/123932.105:INFO:CONSOLE:119] "console.groupEnd", source: https://fe-static.xhscdn.com/formula-static/ugc/public/resource/js/8103.ec1b381a.js (119)
[0620/123932.105:INFO:CONSOLE:119] "[apm] infraBrowserResourceTiming", source: https://fe-static.xhscdn.com/formula-static/ugc/public/resource/js/8103.ec1b381a.js (119)
[0620/123932.105:INFO:CONSOLE:119] "console.groupEnd", source: https://fe-static.xhscdn.com/formula-static/ugc/public/resource/js/8103.ec1b381a.js (119)
[0620/123932.105:INFO:CONSOLE:119] "[apm] infraBrowserResourceTiming", source: https://fe-static.xhscdn.com/formula-static/ugc/public/resource/js/8103.ec1b381a.js (119)
[0620/123932.105:INFO:CONSOLE:119] "console.groupEnd", source: https://fe-static.xhscdn.com/formula-static/ugc/public/resource/js/8103.ec1b381a.js (119)
[0620/123932.105:INFO:CONSOLE:119] "[apm] infraBrowserResourceTiming", source: https://fe-static.xhscdn.com/formula-static/ugc/public/resource/js/8103.ec1b381a.js (119)
[0620/123932.106:INFO:CONSOLE:119] "console.groupEnd", source: https://fe-static.xhscdn.com/formula-static/ugc/public/resource/js/8103.ec1b381a.js (119)
[0620/123932.106:INFO:CONSOLE:119] "[apm] infraBrowserResourceTiming", source: https://fe-static.xhscdn.com/formula-static/ugc/public/resource/js/8103.ec1b381a.js (119)
[0620/123932.106:INFO:CONSOLE:119] "console.groupEnd", source: https://fe-static.xhscdn.com/formula-static/ugc/public/resource/js/8103.ec1b381a.js (119)
[0620/123932.106:INFO:CONSOLE:119] "[apm] infraBrowserResourceTiming", source: https://fe-static.xhscdn.com/formula-static/ugc/public/resource/js/8103.ec1b381a.js (119)
[0620/123932.106:INFO:CONSOLE:119] "console.groupEnd", source: https://fe-static.xhscdn.com/formula-static/ugc/public/resource/js/8103.ec1b381a.js (119)
[0620/123932.106:INFO:CONSOLE:119] "[apm] infraBrowserResourceTiming", source: https://fe-static.xhscdn.com/formula-static/ugc/public/resource/js/8103.ec1b381a.js (119)
[0620/123932.106:INFO:CONSOLE:119] "console.groupEnd", source: https://fe-static.xhscdn.com/formula-static/ugc/public/resource/js/8103.ec1b381a.js (119)
[0620/123932.106:INFO:CONSOLE:119] "[apm] infraBrowserResourceTiming", source: https://fe-static.xhscdn.com/formula-static/ugc/public/resource/js/8103.ec1b381a.js (119)
[0620/123932.106:INFO:CONSOLE:119] "console.groupEnd", source: https://fe-static.xhscdn.com/formula-static/ugc/public/resource/js/8103.ec1b381a.js (119)
[0620/123932.106:INFO:CONSOLE:119] "[apm] infraBrowserResourceTiming", source: https://fe-static.xhscdn.com/formula-static/ugc/public/resource/js/8103.ec1b381a.js (119)
[0620/123932.106:INFO:CONSOLE:119] "console.groupEnd", source: https://fe-static.xhscdn.com/formula-static/ugc/public/resource/js/8103.ec1b381a.js (119)
[0620/123932.106:INFO:CONSOLE:119] "[apm] infraBrowserResourceTiming", source: https://fe-static.xhscdn.com/formula-static/ugc/public/resource/js/8103.ec1b381a.js (119)
[0620/123932.106:INFO:CONSOLE:119] "console.groupEnd", source: https://fe-static.xhscdn.com/formula-static/ugc/public/resource/js/8103.ec1b381a.js (119)
[0620/123932.106:INFO:CONSOLE:119] "[apm] infraBrowserResourceTiming", source: https://fe-static.xhscdn.com/formula-static/ugc/public/resource/js/8103.ec1b381a.js (119)
[0620/123932.106:INFO:CONSOLE:119] "console.groupEnd", source: https://fe-static.xhscdn.com/formula-static/ugc/public/resource/js/8103.ec1b381a.js (119)
[0620/123932.204:INFO:CONSOLE:119] "[apm] infraBrowserResourceTiming", source: https://fe-static.xhscdn.com/formula-static/ugc/public/resource/js/8103.ec1b381a.js (119)
[0620/123932.204:INFO:CONSOLE:119] "console.groupEnd", source: https://fe-static.xhscdn.com/formula-static/ugc/public/resource/js/8103.ec1b381a.js (119)
[0620/123932.204:INFO:CONSOLE:119] "[apm] infraBrowserResourceTiming", source: https://fe-static.xhscdn.com/formula-static/ugc/public/resource/js/8103.ec1b381a.js (119)
[0620/123932.204:INFO:CONSOLE:119] "console.groupEnd", source: https://fe-static.xhscdn.com/formula-static/ugc/public/resource/js/8103.ec1b381a.js (119)
[0620/123932.204:INFO:CONSOLE:119] "[apm] infraBrowserResourceTiming", source: https://fe-static.xhscdn.com/formula-static/ugc/public/resource/js/8103.ec1b381a.js (119)
[0620/123932.204:INFO:CONSOLE:119] "console.groupEnd", source: https://fe-static.xhscdn.com/formula-static/ugc/public/resource/js/8103.ec1b381a.js (119)
[0620/123932.204:INFO:CONSOLE:119] "[apm] infraBrowserResourceTiming", source: https://fe-static.xhscdn.com/formula-static/ugc/public/resource/js/8103.ec1b381a.js (119)
[0620/123932.204:INFO:CONSOLE:119] "console.groupEnd", source: https://fe-static.xhscdn.com/formula-static/ugc/public/resource/js/8103.ec1b381a.js (119)
[0620/123932.204:INFO:CONSOLE:119] "[apm] infraBrowserResourceTiming", source: https://fe-static.xhscdn.com/formula-static/ugc/public/resource/js/8103.ec1b381a.js (119)
[0620/123932.204:INFO:CONSOLE:119] "console.groupEnd", source: https://fe-static.xhscdn.com/formula-static/ugc/public/resource/js/8103.ec1b381a.js (119)
[0620/123932.206:INFO:CONSOLE:119] "[apm] infraBrowserResourceTiming", source: https://fe-static.xhscdn.com/formula-static/ugc/public/resource/js/8103.ec1b381a.js (119)
[0620/123932.206:INFO:CONSOLE:119] "console.groupEnd", source: https://fe-static.xhscdn.com/formula-static/ugc/public/resource/js/8103.ec1b381a.js (119)
[0620/123932.206:INFO:CONSOLE:119] "[apm] infraBrowserResourceTiming", source: https://fe-static.xhscdn.com/formula-static/ugc/public/resource/js/8103.ec1b381a.js (119)
[0620/123932.206:INFO:CONSOLE:119] "console.groupEnd", source: https://fe-static.xhscdn.com/formula-static/ugc/public/resource/js/8103.ec1b381a.js (119)
[0620/123932.206:INFO:CONSOLE:119] "[apm] infraBrowserResourceTiming", source: https://fe-static.xhscdn.com/formula-static/ugc/public/resource/js/8103.ec1b381a.js (119)
[0620/123932.206:INFO:CONSOLE:119] "console.groupEnd", source: https://fe-static.xhscdn.com/formula-static/ugc/public/resource/js/8103.ec1b381a.js (119)
[0620/123932.206:INFO:CONSOLE:119] "[apm] infraBrowserResourceTiming", source: https://fe-static.xhscdn.com/formula-static/ugc/public/resource/js/8103.ec1b381a.js (119)
[0620/123932.206:INFO:CONSOLE:119] "console.groupEnd", source: https://fe-static.xhscdn.com/formula-static/ugc/public/resource/js/8103.ec1b381a.js (119)
[0620/123932.206:INFO:CONSOLE:119] "[apm] infraBrowserResourceTiming", source: https://fe-static.xhscdn.com/formula-static/ugc/public/resource/js/8103.ec1b381a.js (119)
[0620/123932.207:INFO:CONSOLE:119] "console.groupEnd", source: https://fe-static.xhscdn.com/formula-static/ugc/public/resource/js/8103.ec1b381a.js (119)
[0620/123932.247:INFO:CONSOLE:3] "Error", source:  (3)
[0620/123932.318:INFO:CONSOLE:119] "[apm] infraBrowserResourceTiming", source: https://fe-static.xhscdn.com/formula-static/ugc/public/resource/js/8103.ec1b381a.js (119)
[0620/123932.318:INFO:CONSOLE:119] "console.groupEnd", source: https://fe-static.xhscdn.com/formula-static/ugc/public/resource/js/8103.ec1b381a.js (119)
[0620/123932.318:INFO:CONSOLE:119] "[apm] infraBrowserResourceTiming", source: https://fe-static.xhscdn.com/formula-static/ugc/public/resource/js/8103.ec1b381a.js (119)
[0620/123932.318:INFO:CONSOLE:119] "console.groupEnd", source: https://fe-static.xhscdn.com/formula-static/ugc/public/resource/js/8103.ec1b381a.js (119)
[0620/123932.318:INFO:CONSOLE:119] "[apm] infraBrowserResourceTiming", source: https://fe-static.xhscdn.com/formula-static/ugc/public/resource/js/8103.ec1b381a.js (119)
[0620/123932.318:INFO:CONSOLE:119] "console.groupEnd", source: https://fe-static.xhscdn.com/formula-static/ugc/public/resource/js/8103.ec1b381a.js (119)
[0620/123932.318:INFO:CONSOLE:119] "[apm] infraBrowserResourceTiming", source: https://fe-static.xhscdn.com/formula-static/ugc/public/resource/js/8103.ec1b381a.js (119)
[0620/123932.318:INFO:CONSOLE:119] "console.groupEnd", source: https://fe-static.xhscdn.com/formula-static/ugc/public/resource/js/8103.ec1b381a.js (119)
[0620/123932.318:INFO:CONSOLE:119] "[apm] infraBrowserResourceTiming", source: https://fe-static.xhscdn.com/formula-static/ugc/public/resource/js/8103.ec1b381a.js (119)
[0620/123932.318:INFO:CONSOLE:119] "console.groupEnd", source: https://fe-static.xhscdn.com/formula-static/ugc/public/resource/js/8103.ec1b381a.js (119)
[0620/123932.318:INFO:CONSOLE:119] "[apm] infraBrowserResourceTiming", source: https://fe-static.xhscdn.com/formula-static/ugc/public/resource/js/8103.ec1b381a.js (119)
[0620/123932.318:INFO:CONSOLE:119] "console.groupEnd", source: https://fe-static.xhscdn.com/formula-static/ugc/public/resource/js/8103.ec1b381a.js (119)
[0620/123932.318:INFO:CONSOLE:119] "[apm] infraBrowserResourceTiming", source: https://fe-static.xhscdn.com/formula-static/ugc/public/resource/js/8103.ec1b381a.js (119)
[0620/123932.318:INFO:CONSOLE:119] "console.groupEnd", source: https://fe-static.xhscdn.com/formula-static/ugc/public/resource/js/8103.ec1b381a.js (119)
[0620/123932.318:INFO:CONSOLE:119] "[apm] infraBrowserResourceTiming", source: https://fe-static.xhscdn.com/formula-static/ugc/public/resource/js/8103.ec1b381a.js (119)
[0620/123932.318:INFO:CONSOLE:119] "console.groupEnd", source: https://fe-static.xhscdn.com/formula-static/ugc/public/resource/js/8103.ec1b381a.js (119)
[0620/123932.318:INFO:CONSOLE:119] "[apm] infraBrowserResourceTiming", source: https://fe-static.xhscdn.com/formula-static/ugc/public/resource/js/8103.ec1b381a.js (119)
[0620/123932.318:INFO:CONSOLE:119] "console.groupEnd", source: https://fe-static.xhscdn.com/formula-static/ugc/public/resource/js/8103.ec1b381a.js (119)
[0620/123932.318:INFO:CONSOLE:119] "[apm] infraBrowserResourceTiming", source: https://fe-static.xhscdn.com/formula-static/ugc/public/resource/js/8103.ec1b381a.js (119)
[0620/123932.319:INFO:CONSOLE:119] "console.groupEnd", source: https://fe-static.xhscdn.com/formula-static/ugc/public/resource/js/8103.ec1b381a.js (119)
[0620/123932.507:INFO:CONSOLE:3] "Error", source:  (3)
[0620/123932.536:INFO:CONSOLE:3] "Error", source:  (3)
[0620/123932.547:INFO:CONSOLE:3] "Error", source:  (3)
[0620/123932.554:INFO:CONSOLE:3] "Error", source:  (3)
[0620/123932.569:INFO:CONSOLE:3] "Error", source:  (3)
[0620/123932.683:INFO:CONSOLE:119] "[apm] infraBrowserResourceTiming", source: https://fe-static.xhscdn.com/formula-static/ugc/public/resource/js/8103.ec1b381a.js (119)
[0620/123932.683:INFO:CONSOLE:119] "console.groupEnd", source: https://fe-static.xhscdn.com/formula-static/ugc/public/resource/js/8103.ec1b381a.js (119)
[0620/123932.683:INFO:CONSOLE:119] "[apm] httpRequestTiming", source: https://fe-static.xhscdn.com/formula-static/ugc/public/resource/js/8103.ec1b381a.js (119)
[0620/123932.683:INFO:CONSOLE:119] "console.groupEnd", source: https://fe-static.xhscdn.com/formula-static/ugc/public/resource/js/8103.ec1b381a.js (119)
[0620/123932.683:INFO:CONSOLE:119] "[apm] httpRequestTiming", source: https://fe-static.xhscdn.com/formula-static/ugc/public/resource/js/8103.ec1b381a.js (119)
[0620/123932.683:INFO:CONSOLE:119] "console.groupEnd", source: https://fe-static.xhscdn.com/formula-static/ugc/public/resource/js/8103.ec1b381a.js (119)
[0620/123932.683:INFO:CONSOLE:119] "[apm] httpRequestTiming", source: https://fe-static.xhscdn.com/formula-static/ugc/public/resource/js/8103.ec1b381a.js (119)
[0620/123932.683:INFO:CONSOLE:119] "console.groupEnd", source: https://fe-static.xhscdn.com/formula-static/ugc/public/resource/js/8103.ec1b381a.js (119)
[0620/123932.683:INFO:CONSOLE:119] "[apm] infra_sec_web_api_walify", source: https://fe-static.xhscdn.com/formula-static/ugc/public/resource/js/8103.ec1b381a.js (119)
[0620/123932.683:INFO:CONSOLE:119] "console.groupEnd", source: https://fe-static.xhscdn.com/formula-static/ugc/public/resource/js/8103.ec1b381a.js (119)
[0620/123932.844:INFO:CONSOLE:119] "[apm] httpRequestTiming", source: https://fe-static.xhscdn.com/formula-static/ugc/public/resource/js/8103.ec1b381a.js (119)
[0620/123932.844:INFO:CONSOLE:119] "console.groupEnd", source: https://fe-static.xhscdn.com/formula-static/ugc/public/resource/js/8103.ec1b381a.js (119)
[0620/123932.844:INFO:CONSOLE:119] "[apm] infra_sec_web_api_walify", source: https://fe-static.xhscdn.com/formula-static/ugc/public/resource/js/8103.ec1b381a.js (119)
[0620/123932.844:INFO:CONSOLE:119] "console.groupEnd", source: https://fe-static.xhscdn.com/formula-static/ugc/public/resource/js/8103.ec1b381a.js (119)
[0620/123932.844:INFO:CONSOLE:119] "[apm] infra_sec_web_api_walify", source: https://fe-static.xhscdn.com/formula-static/ugc/public/resource/js/8103.ec1b381a.js (119)
[0620/123932.844:INFO:CONSOLE:119] "console.groupEnd", source: https://fe-static.xhscdn.com/formula-static/ugc/public/resource/js/8103.ec1b381a.js (119)
[0620/123932.844:INFO:CONSOLE:119] "[apm] httpRequestTiming", source: https://fe-static.xhscdn.com/formula-static/ugc/public/resource/js/8103.ec1b381a.js (119)
[0620/123932.844:INFO:CONSOLE:119] "console.groupEnd", source: https://fe-static.xhscdn.com/formula-static/ugc/public/resource/js/8103.ec1b381a.js (119)
[0620/123932.844:INFO:CONSOLE:119] "[apm] httpRequestTiming", source: https://fe-static.xhscdn.com/formula-static/ugc/public/resource/js/8103.ec1b381a.js (119)
[0620/123932.844:INFO:CONSOLE:119] "console.groupEnd", source: https://fe-static.xhscdn.com/formula-static/ugc/public/resource/js/8103.ec1b381a.js (119)
[0620/123933.290:INFO:CONSOLE:0] "Mixed Content: The page at 'https://creator.xiaohongshu.com/new/home' was loaded over HTTPS, but requested an insecure element 'http://ci.xiaohongshu.com/spectrum/1040g0k031hgh4s8g38005n251e51f4uojrj2d3o?imageView2/2/w/1080/format/jpg'. This request was automatically upgraded to HTTPS, For more information see https://blog.chromium.org/2019/10/no-more-mixed-messages-about-https.html", source: https://creator.xiaohongshu.com/new/home (0)
[0620/123933.290:INFO:CONSOLE:0] "Mixed Content: The page at 'https://creator.xiaohongshu.com/new/home' was loaded over HTTPS, but requested an insecure element 'http://ci.xiaohongshu.com/spectrum/1040g34o31hhr9ouvk22g5n251e51f4uoq88kbh8?imageView2/2/w/1080/format/jpg'. This request was automatically upgraded to HTTPS, For more information see https://blog.chromium.org/2019/10/no-more-mixed-messages-about-https.html", source: https://creator.xiaohongshu.com/new/home (0)
[0620/123933.290:INFO:CONSOLE:0] "Mixed Content: The page at 'https://creator.xiaohongshu.com/new/home' was loaded over HTTPS, but requested an insecure element 'http://ci.xiaohongshu.com/spectrum/1040g0k031hhfvke238005n251e51f4uont3lh30?imageView2/2/w/1080/format/jpg'. This request was automatically upgraded to HTTPS, For more information see https://blog.chromium.org/2019/10/no-more-mixed-messages-about-https.html", source: https://creator.xiaohongshu.com/new/home (0)
[0620/123933.290:INFO:CONSOLE:0] "Mixed Content: The page at 'https://creator.xiaohongshu.com/new/home' was loaded over HTTPS, but requested an insecure element 'http://ci.xiaohongshu.com/spectrum/1040g0k031e5io2s4h2005n251e51f4uov9jiue8?imageView2/2/w/1080/format/jpg'. This request was automatically upgraded to HTTPS, For more information see https://blog.chromium.org/2019/10/no-more-mixed-messages-about-https.html", source: https://creator.xiaohongshu.com/new/home (0)
[0620/123933.391:INFO:CONSOLE:1] "Fetch API cannot load chrome-extension://dhjaibcmgocbpegmejfphjhhpaphmkpp/is.js. URL scheme "chrome-extension" is not supported.", source: https://fe-static.xhscdn.com/formula-static/ugc/public/resource/js/async/9936.c458759f.js (1)
[0620/123933.392:INFO:CONSOLE:1] "Fetch API cannot load chrome-extension://beeaddblkeeialcohiolkkoiifhgjooj/manifest.json. URL scheme "chrome-extension" is not supported.", source: https://fe-static.xhscdn.com/formula-static/ugc/public/resource/js/async/9936.c458759f.js (1)
[0620/123933.392:INFO:CONSOLE:1] "Fetch API cannot load chrome-extension://ddgooekaaihgnbfbgalfiooiicdnmnia/js/js-index.ts.js. URL scheme "chrome-extension" is not supported.", source: https://fe-static.xhscdn.com/formula-static/ugc/public/resource/js/async/9936.c458759f.js (1)
[0620/123933.392:INFO:CONSOLE:1] "Fetch API cannot load chrome-extension://keeelahekhhgkpaipdodgjnmgkfcdpde/inject.6070000c.js. URL scheme "chrome-extension" is not supported.", source: https://fe-static.xhscdn.com/formula-static/ugc/public/resource/js/async/9936.c458759f.js (1)
[0620/123933.392:INFO:CONSOLE:1] "Fetch API cannot load chrome-extension://dbichmdlbjdeplpkhcejgkakobjbjalc/content-scripts/xiaohongshu.css. URL scheme "chrome-extension" is not supported.", source: https://fe-static.xhscdn.com/formula-static/ugc/public/resource/js/async/9936.c458759f.js (1)
[0620/123933.392:INFO:CONSOLE:1] "Fetch API cannot load chrome-extension://piejlhcmefdepbgalcongckfomfobokb/worker.js. URL scheme "chrome-extension" is not supported.", source: https://fe-static.xhscdn.com/formula-static/ugc/public/resource/js/async/9936.c458759f.js (1)
[0620/123933.392:INFO:CONSOLE:1] "Fetch API cannot load chrome-extension://lenndnnbdichpjlfmfadcjpaenmiflan/inject.bundle.js. URL scheme "chrome-extension" is not supported.", source: https://fe-static.xhscdn.com/formula-static/ugc/public/resource/js/async/9936.c458759f.js (1)
[0620/123933.393:INFO:CONSOLE:1] "Fetch API cannot load chrome-extension://hmeohemhimcjlegdjloglnkfablbneif/inject.bundle.js. URL scheme "chrome-extension" is not supported.", source: https://fe-static.xhscdn.com/formula-static/ugc/public/resource/js/async/9936.c458759f.js (1)
[0620/123933.394:INFO:CONSOLE:119] "[apm] sns_web_publish_sw", source: https://fe-static.xhscdn.com/formula-static/ugc/public/resource/js/8103.ec1b381a.js (119)
[0620/123933.394:INFO:CONSOLE:119] "console.groupEnd", source: https://fe-static.xhscdn.com/formula-static/ugc/public/resource/js/8103.ec1b381a.js (119)
[0620/123933.394:INFO:CONSOLE:119] "[apm] httpRequestTiming", source: https://fe-static.xhscdn.com/formula-static/ugc/public/resource/js/8103.ec1b381a.js (119)
[0620/123933.394:INFO:CONSOLE:119] "console.groupEnd", source: https://fe-static.xhscdn.com/formula-static/ugc/public/resource/js/8103.ec1b381a.js (119)
[0620/123933.394:INFO:CONSOLE:119] "[apm] httpRequestTiming", source: https://fe-static.xhscdn.com/formula-static/ugc/public/resource/js/8103.ec1b381a.js (119)
[0620/123933.394:INFO:CONSOLE:119] "console.groupEnd", source: https://fe-static.xhscdn.com/formula-static/ugc/public/resource/js/8103.ec1b381a.js (119)
[0620/123933.394:INFO:CONSOLE:119] "[apm] httpRequestTiming", source: https://fe-static.xhscdn.com/formula-static/ugc/public/resource/js/8103.ec1b381a.js (119)
[0620/123933.394:INFO:CONSOLE:119] "console.groupEnd", source: https://fe-static.xhscdn.com/formula-static/ugc/public/resource/js/8103.ec1b381a.js (119)
[0620/123933.394:INFO:CONSOLE:119] "[apm] httpRequestTiming", source: https://fe-static.xhscdn.com/formula-static/ugc/public/resource/js/8103.ec1b381a.js (119)
[0620/123933.394:INFO:CONSOLE:119] "console.groupEnd", source: https://fe-static.xhscdn.com/formula-static/ugc/public/resource/js/8103.ec1b381a.js (119)
[0620/123933.564:INFO:CONSOLE:119] "[apm] httpRequestTiming", source: https://fe-static.xhscdn.com/formula-static/ugc/public/resource/js/8103.ec1b381a.js (119)
[0620/123933.564:INFO:CONSOLE:119] "console.groupEnd", source: https://fe-static.xhscdn.com/formula-static/ugc/public/resource/js/8103.ec1b381a.js (119)
[0620/123933.564:INFO:CONSOLE:119] "[apm] httpRequestTiming", source: https://fe-static.xhscdn.com/formula-static/ugc/public/resource/js/8103.ec1b381a.js (119)
[0620/123933.564:INFO:CONSOLE:119] "console.groupEnd", source: https://fe-static.xhscdn.com/formula-static/ugc/public/resource/js/8103.ec1b381a.js (119)
[0620/123933.564:INFO:CONSOLE:119] "[apm] httpRequestTiming", source: https://fe-static.xhscdn.com/formula-static/ugc/public/resource/js/8103.ec1b381a.js (119)
[0620/123933.564:INFO:CONSOLE:119] "console.groupEnd", source: https://fe-static.xhscdn.com/formula-static/ugc/public/resource/js/8103.ec1b381a.js (119)
[0620/123933.564:INFO:CONSOLE:119] "[apm] httpRequestTiming", source: https://fe-static.xhscdn.com/formula-static/ugc/public/resource/js/8103.ec1b381a.js (119)
[0620/123933.564:INFO:CONSOLE:119] "console.groupEnd", source: https://fe-static.xhscdn.com/formula-static/ugc/public/resource/js/8103.ec1b381a.js (119)
[0620/123933.564:INFO:CONSOLE:119] "[apm] httpRequestTiming", source: https://fe-static.xhscdn.com/formula-static/ugc/public/resource/js/8103.ec1b381a.js (119)
[0620/123933.564:INFO:CONSOLE:119] "console.groupEnd", source: https://fe-static.xhscdn.com/formula-static/ugc/public/resource/js/8103.ec1b381a.js (119)
[0620/123933.667:INFO:CONSOLE:0] "Mixed Content: The page at 'https://creator.xiaohongshu.com/new/home' was loaded over HTTPS, but requested an insecure element 'http://ci.xiaohongshu.com/spectrum/1040g34o321kgph0t741g5q9l4qsskusb04gu5kg?imageView2/2/w/1080/format/jpg'. This request was automatically upgraded to HTTPS, For more information see https://blog.chromium.org/2019/10/no-more-mixed-messages-about-https.html", source: https://creator.xiaohongshu.com/new/home (0)
[0620/123933.681:INFO:CONSOLE:0] "Mixed Content: The page at 'https://creator.xiaohongshu.com/new/home' was loaded over HTTPS, but requested an insecure element 'http://ci.xiaohongshu.com/0219df73-68d0-3502-a77c-72b1fd4cfcfb?imageView2/2/w/270/format/jpg'. This request was automatically upgraded to HTTPS, For more information see https://blog.chromium.org/2019/10/no-more-mixed-messages-about-https.html", source: https://creator.xiaohongshu.com/new/home (0)
[0620/123933.681:INFO:CONSOLE:0] "Mixed Content: The page at 'https://creator.xiaohongshu.com/new/home' was loaded over HTTPS, but requested an insecure element 'http://ci.xiaohongshu.com/fdbba771-8c11-318d-bd7e-65084dfa6236?imageView2/2/w/270/format/jpg'. This request was automatically upgraded to HTTPS, For more information see https://blog.chromium.org/2019/10/no-more-mixed-messages-about-https.html", source: https://creator.xiaohongshu.com/new/home (0)
[0620/123933.681:INFO:CONSOLE:0] "Mixed Content: The page at 'https://creator.xiaohongshu.com/new/home' was loaded over HTTPS, but requested an insecure element 'http://ci.xiaohongshu.com/f84f0e81-44d3-3284-bd8c-df0cd50db549?imageView2/2/w/270/format/jpg'. This request was automatically upgraded to HTTPS, For more information see https://blog.chromium.org/2019/10/no-more-mixed-messages-about-https.html", source: https://creator.xiaohongshu.com/new/home (0)
[0620/123933.681:INFO:CONSOLE:0] "Mixed Content: The page at 'https://creator.xiaohongshu.com/new/home' was loaded over HTTPS, but requested an insecure element 'http://ci.xiaohongshu.com/32cacced-3b28-321d-9ed6-7745e001e985?imageView2/2/w/270/format/jpg'. This request was automatically upgraded to HTTPS, For more information see https://blog.chromium.org/2019/10/no-more-mixed-messages-about-https.html", source: https://creator.xiaohongshu.com/new/home (0)
[0620/123933.681:INFO:CONSOLE:0] "Mixed Content: The page at 'https://creator.xiaohongshu.com/new/home' was loaded over HTTPS, but requested an insecure element 'http://ci.xiaohongshu.com/cbc2f859-bb10-3d3f-a141-5dd92056725d?imageView2/2/w/270/format/jpg'. This request was automatically upgraded to HTTPS, For more information see https://blog.chromium.org/2019/10/no-more-mixed-messages-about-https.html", source: https://creator.xiaohongshu.com/new/home (0)
[0620/123933.681:INFO:CONSOLE:0] "Mixed Content: The page at 'https://creator.xiaohongshu.com/new/home' was loaded over HTTPS, but requested an insecure element 'http://ci.xiaohongshu.com/d7762267-69c7-3bc0-a89a-3c7127f0f738?imageView2/2/w/270/format/jpg'. This request was automatically upgraded to HTTPS, For more information see https://blog.chromium.org/2019/10/no-more-mixed-messages-about-https.html", source: https://creator.xiaohongshu.com/new/home (0)
[0620/123933.683:INFO:CONSOLE:0] "Mixed Content: The page at 'https://creator.xiaohongshu.com/new/home' was loaded over HTTPS, but requested an insecure element 'http://ci.xiaohongshu.com/6ddf4fe1-2908-3b71-8ca7-fee885c4eab9?imageView2/2/w/270/format/jpg'. This request was automatically upgraded to HTTPS, For more information see https://blog.chromium.org/2019/10/no-more-mixed-messages-about-https.html", source: https://creator.xiaohongshu.com/new/home (0)
[0620/123933.683:INFO:CONSOLE:0] "Mixed Content: The page at 'https://creator.xiaohongshu.com/new/home' was loaded over HTTPS, but requested an insecure element 'http://ci.xiaohongshu.com/dfa37da0-ca01-31a7-9bb7-2e30e21c724a?imageView2/2/w/270/format/jpg'. This request was automatically upgraded to HTTPS, For more information see https://blog.chromium.org/2019/10/no-more-mixed-messages-about-https.html", source: https://creator.xiaohongshu.com/new/home (0)
[0620/123933.683:INFO:CONSOLE:0] "Mixed Content: The page at 'https://creator.xiaohongshu.com/new/home' was loaded over HTTPS, but requested an insecure element 'http://ci.xiaohongshu.com/dcef525b-8e58-38d5-ab60-0e6cb5a185f7?imageView2/2/w/270/format/jpg'. This request was automatically upgraded to HTTPS, For more information see https://blog.chromium.org/2019/10/no-more-mixed-messages-about-https.html", source: https://creator.xiaohongshu.com/new/home (0)
[0620/123933.683:INFO:CONSOLE:0] "Mixed Content: The page at 'https://creator.xiaohongshu.com/new/home' was loaded over HTTPS, but requested an insecure element 'http://ci.xiaohongshu.com/2d9fa2fa-3d30-3ce8-b8f1-54b97d788720?imageView2/2/w/270/format/jpg'. This request was automatically upgraded to HTTPS, For more information see https://blog.chromium.org/2019/10/no-more-mixed-messages-about-https.html", source: https://creator.xiaohongshu.com/new/home (0)
[0620/123933.683:INFO:CONSOLE:0] "Mixed Content: The page at 'https://creator.xiaohongshu.com/new/home' was loaded over HTTPS, but requested an insecure element 'http://ci.xiaohongshu.com/347a3290-049d-3a1f-bd88-33fd260672a1?imageView2/2/w/270/format/jpg'. This request was automatically upgraded to HTTPS, For more information see https://blog.chromium.org/2019/10/no-more-mixed-messages-about-https.html", source: https://creator.xiaohongshu.com/new/home (0)
[0620/123933.683:INFO:CONSOLE:0] "Mixed Content: The page at 'https://creator.xiaohongshu.com/new/home' was loaded over HTTPS, but requested an insecure element 'http://ci.xiaohongshu.com/2404ddb6-deb7-33ba-9d03-d2c434a02e46?imageView2/2/w/270/format/jpg'. This request was automatically upgraded to HTTPS, For more information see https://blog.chromium.org/2019/10/no-more-mixed-messages-about-https.html", source: https://creator.xiaohongshu.com/new/home (0)
[0620/123933.683:INFO:CONSOLE:0] "Mixed Content: The page at 'https://creator.xiaohongshu.com/new/home' was loaded over HTTPS, but requested an insecure element 'http://ci.xiaohongshu.com/77c0d478-c016-39c9-954d-1cdaac23e79c?imageView2/2/w/270/format/jpg'. This request was automatically upgraded to HTTPS, For more information see https://blog.chromium.org/2019/10/no-more-mixed-messages-about-https.html", source: https://creator.xiaohongshu.com/new/home (0)
[0620/123933.683:INFO:CONSOLE:0] "Mixed Content: The page at 'https://creator.xiaohongshu.com/new/home' was loaded over HTTPS, but requested an insecure element 'http://ci.xiaohongshu.com/cb9a7294-3b4c-3da3-8121-ed0637cad6b4?imageView2/2/w/270/format/jpg'. This request was automatically upgraded to HTTPS, For more information see https://blog.chromium.org/2019/10/no-more-mixed-messages-about-https.html", source: https://creator.xiaohongshu.com/new/home (0)
[0620/123933.683:INFO:CONSOLE:0] "Mixed Content: The page at 'https://creator.xiaohongshu.com/new/home' was loaded over HTTPS, but requested an insecure element 'http://ci.xiaohongshu.com/010272016jzd5soyf9t0103dw2t2hyvlhx?imageView2/2/w/270/format/jpg'. This request was automatically upgraded to HTTPS, For more information see https://blog.chromium.org/2019/10/no-more-mixed-messages-about-https.html", source: https://creator.xiaohongshu.com/new/home (0)
[0620/123933.683:INFO:CONSOLE:0] "Mixed Content: The page at 'https://creator.xiaohongshu.com/new/home' was loaded over HTTPS, but requested an insecure element 'http://ci.xiaohongshu.com/0219df73-68d0-3502-a77c-72b1fd4cfcfb?imageView2/2/w/270/format/jpg'. This request was automatically upgraded to HTTPS, For more information see https://blog.chromium.org/2019/10/no-more-mixed-messages-about-https.html", source: https://creator.xiaohongshu.com/new/home (0)
[0620/123933.683:INFO:CONSOLE:0] "Mixed Content: The page at 'https://creator.xiaohongshu.com/new/home' was loaded over HTTPS, but requested an insecure element 'http://ci.xiaohongshu.com/fdbba771-8c11-318d-bd7e-65084dfa6236?imageView2/2/w/270/format/jpg'. This request was automatically upgraded to HTTPS, For more information see https://blog.chromium.org/2019/10/no-more-mixed-messages-about-https.html", source: https://creator.xiaohongshu.com/new/home (0)
[0620/123933.683:INFO:CONSOLE:0] "Mixed Content: The page at 'https://creator.xiaohongshu.com/new/home' was loaded over HTTPS, but requested an insecure element 'http://ci.xiaohongshu.com/f84f0e81-44d3-3284-bd8c-df0cd50db549?imageView2/2/w/270/format/jpg'. This request was automatically upgraded to HTTPS, For more information see https://blog.chromium.org/2019/10/no-more-mixed-messages-about-https.html", source: https://creator.xiaohongshu.com/new/home (0)
[0620/123933.683:INFO:CONSOLE:0] "Mixed Content: The page at 'https://creator.xiaohongshu.com/new/home' was loaded over HTTPS, but requested an insecure element 'http://ci.xiaohongshu.com/32cacced-3b28-321d-9ed6-7745e001e985?imageView2/2/w/270/format/jpg'. This request was automatically upgraded to HTTPS, For more information see https://blog.chromium.org/2019/10/no-more-mixed-messages-about-https.html", source: https://creator.xiaohongshu.com/new/home (0)
[0620/123933.683:INFO:CONSOLE:0] "Mixed Content: The page at 'https://creator.xiaohongshu.com/new/home' was loaded over HTTPS, but requested an insecure element 'http://ci.xiaohongshu.com/cbc2f859-bb10-3d3f-a141-5dd92056725d?imageView2/2/w/270/format/jpg'. This request was automatically upgraded to HTTPS, For more information see https://blog.chromium.org/2019/10/no-more-mixed-messages-about-https.html", source: https://creator.xiaohongshu.com/new/home (0)
[0620/123933.683:INFO:CONSOLE:0] "Mixed Content: The page at 'https://creator.xiaohongshu.com/new/home' was loaded over HTTPS, but requested an insecure element 'http://ci.xiaohongshu.com/d7762267-69c7-3bc0-a89a-3c7127f0f738?imageView2/2/w/270/format/jpg'. This request was automatically upgraded to HTTPS, For more information see https://blog.chromium.org/2019/10/no-more-mixed-messages-about-https.html", source: https://creator.xiaohongshu.com/new/home (0)
[0620/123933.683:INFO:CONSOLE:0] "Mixed Content: The page at 'https://creator.xiaohongshu.com/new/home' was loaded over HTTPS, but requested an insecure element 'http://ci.xiaohongshu.com/6ddf4fe1-2908-3b71-8ca7-fee885c4eab9?imageView2/2/w/270/format/jpg'. This request was automatically upgraded to HTTPS, For more information see https://blog.chromium.org/2019/10/no-more-mixed-messages-about-https.html", source: https://creator.xiaohongshu.com/new/home (0)
[0620/123933.683:INFO:CONSOLE:0] "Mixed Content: The page at 'https://creator.xiaohongshu.com/new/home' was loaded over HTTPS, but requested an insecure element 'http://ci.xiaohongshu.com/dfa37da0-ca01-31a7-9bb7-2e30e21c724a?imageView2/2/w/270/format/jpg'. This request was automatically upgraded to HTTPS, For more information see https://blog.chromium.org/2019/10/no-more-mixed-messages-about-https.html", source: https://creator.xiaohongshu.com/new/home (0)
[0620/123933.683:INFO:CONSOLE:0] "Mixed Content: The page at 'https://creator.xiaohongshu.com/new/home' was loaded over HTTPS, but requested an insecure element 'http://ci.xiaohongshu.com/dcef525b-8e58-38d5-ab60-0e6cb5a185f7?imageView2/2/w/270/format/jpg'. This request was automatically upgraded to HTTPS, For more information see https://blog.chromium.org/2019/10/no-more-mixed-messages-about-https.html", source: https://creator.xiaohongshu.com/new/home (0)
[0620/123933.683:INFO:CONSOLE:0] "Mixed Content: The page at 'https://creator.xiaohongshu.com/new/home' was loaded over HTTPS, but requested an insecure element 'http://ci.xiaohongshu.com/2d9fa2fa-3d30-3ce8-b8f1-54b97d788720?imageView2/2/w/270/format/jpg'. This request was automatically upgraded to HTTPS, For more information see https://blog.chromium.org/2019/10/no-more-mixed-messages-about-https.html", source: https://creator.xiaohongshu.com/new/home (0)
[0620/123933.683:INFO:CONSOLE:0] "Mixed Content: The page at 'https://creator.xiaohongshu.com/new/home' was loaded over HTTPS, but requested an insecure element 'http://ci.xiaohongshu.com/347a3290-049d-3a1f-bd88-33fd260672a1?imageView2/2/w/270/format/jpg'. This request was automatically upgraded to HTTPS, For more information see https://blog.chromium.org/2019/10/no-more-mixed-messages-about-https.html", source: https://creator.xiaohongshu.com/new/home (0)
[0620/123933.683:INFO:CONSOLE:0] "Mixed Content: The page at 'https://creator.xiaohongshu.com/new/home' was loaded over HTTPS, but requested an insecure element 'http://ci.xiaohongshu.com/2404ddb6-deb7-33ba-9d03-d2c434a02e46?imageView2/2/w/270/format/jpg'. This request was automatically upgraded to HTTPS, For more information see https://blog.chromium.org/2019/10/no-more-mixed-messages-about-https.html", source: https://creator.xiaohongshu.com/new/home (0)
[0620/123933.683:INFO:CONSOLE:0] "Mixed Content: The page at 'https://creator.xiaohongshu.com/new/home' was loaded over HTTPS, but requested an insecure element 'http://ci.xiaohongshu.com/77c0d478-c016-39c9-954d-1cdaac23e79c?imageView2/2/w/270/format/jpg'. This request was automatically upgraded to HTTPS, For more information see https://blog.chromium.org/2019/10/no-more-mixed-messages-about-https.html", source: https://creator.xiaohongshu.com/new/home (0)
[0620/123933.683:INFO:CONSOLE:0] "Mixed Content: The page at 'https://creator.xiaohongshu.com/new/home' was loaded over HTTPS, but requested an insecure element 'http://ci.xiaohongshu.com/cb9a7294-3b4c-3da3-8121-ed0637cad6b4?imageView2/2/w/270/format/jpg'. This request was automatically upgraded to HTTPS, For more information see https://blog.chromium.org/2019/10/no-more-mixed-messages-about-https.html", source: https://creator.xiaohongshu.com/new/home (0)
[0620/123933.683:INFO:CONSOLE:0] "Mixed Content: The page at 'https://creator.xiaohongshu.com/new/home' was loaded over HTTPS, but requested an insecure element 'http://ci.xiaohongshu.com/010272016jzd5soyf9t0103dw2t2hyvlhx?imageView2/2/w/270/format/jpg'. This request was automatically upgraded to HTTPS, For more information see https://blog.chromium.org/2019/10/no-more-mixed-messages-about-https.html", source: https://creator.xiaohongshu.com/new/home (0)
[0620/123933.683:INFO:CONSOLE:0] "Mixed Content: The page at 'https://creator.xiaohongshu.com/new/home' was loaded over HTTPS, but requested an insecure element 'http://ci.xiaohongshu.com/0219df73-68d0-3502-a77c-72b1fd4cfcfb?imageView2/2/w/270/format/jpg'. This request was automatically upgraded to HTTPS, For more information see https://blog.chromium.org/2019/10/no-more-mixed-messages-about-https.html", source: https://creator.xiaohongshu.com/new/home (0)
[0620/123933.683:INFO:CONSOLE:0] "Mixed Content: The page at 'https://creator.xiaohongshu.com/new/home' was loaded over HTTPS, but requested an insecure element 'http://ci.xiaohongshu.com/fdbba771-8c11-318d-bd7e-65084dfa6236?imageView2/2/w/270/format/jpg'. This request was automatically upgraded to HTTPS, For more information see https://blog.chromium.org/2019/10/no-more-mixed-messages-about-https.html", source: https://creator.xiaohongshu.com/new/home (0)
[0620/123933.683:INFO:CONSOLE:0] "Mixed Content: The page at 'https://creator.xiaohongshu.com/new/home' was loaded over HTTPS, but requested an insecure element 'http://ci.xiaohongshu.com/f84f0e81-44d3-3284-bd8c-df0cd50db549?imageView2/2/w/270/format/jpg'. This request was automatically upgraded to HTTPS, For more information see https://blog.chromium.org/2019/10/no-more-mixed-messages-about-https.html", source: https://creator.xiaohongshu.com/new/home (0)
[0620/123933.683:INFO:CONSOLE:0] "Mixed Content: The page at 'https://creator.xiaohongshu.com/new/home' was loaded over HTTPS, but requested an insecure element 'http://ci.xiaohongshu.com/32cacced-3b28-321d-9ed6-7745e001e985?imageView2/2/w/270/format/jpg'. This request was automatically upgraded to HTTPS, For more information see https://blog.chromium.org/2019/10/no-more-mixed-messages-about-https.html", source: https://creator.xiaohongshu.com/new/home (0)
[0620/123933.683:INFO:CONSOLE:0] "Mixed Content: The page at 'https://creator.xiaohongshu.com/new/home' was loaded over HTTPS, but requested an insecure element 'http://ci.xiaohongshu.com/cbc2f859-bb10-3d3f-a141-5dd92056725d?imageView2/2/w/270/format/jpg'. This request was automatically upgraded to HTTPS, For more information see https://blog.chromium.org/2019/10/no-more-mixed-messages-about-https.html", source: https://creator.xiaohongshu.com/new/home (0)
[0620/123933.683:INFO:CONSOLE:0] "Mixed Content: The page at 'https://creator.xiaohongshu.com/new/home' was loaded over HTTPS, but requested an insecure element 'http://ci.xiaohongshu.com/d7762267-69c7-3bc0-a89a-3c7127f0f738?imageView2/2/w/270/format/jpg'. This request was automatically upgraded to HTTPS, For more information see https://blog.chromium.org/2019/10/no-more-mixed-messages-about-https.html", source: https://creator.xiaohongshu.com/new/home (0)
[0620/123933.683:INFO:CONSOLE:0] "Mixed Content: The page at 'https://creator.xiaohongshu.com/new/home' was loaded over HTTPS, but requested an insecure element 'http://ci.xiaohongshu.com/6ddf4fe1-2908-3b71-8ca7-fee885c4eab9?imageView2/2/w/270/format/jpg'. This request was automatically upgraded to HTTPS, For more information see https://blog.chromium.org/2019/10/no-more-mixed-messages-about-https.html", source: https://creator.xiaohongshu.com/new/home (0)
[0620/123933.684:INFO:CONSOLE:0] "Mixed Content: The page at 'https://creator.xiaohongshu.com/new/home' was loaded over HTTPS, but requested an insecure element 'http://ci.xiaohongshu.com/dfa37da0-ca01-31a7-9bb7-2e30e21c724a?imageView2/2/w/270/format/jpg'. This request was automatically upgraded to HTTPS, For more information see https://blog.chromium.org/2019/10/no-more-mixed-messages-about-https.html", source: https://creator.xiaohongshu.com/new/home (0)
[0620/123933.684:INFO:CONSOLE:0] "Mixed Content: The page at 'https://creator.xiaohongshu.com/new/home' was loaded over HTTPS, but requested an insecure element 'http://ci.xiaohongshu.com/dcef525b-8e58-38d5-ab60-0e6cb5a185f7?imageView2/2/w/270/format/jpg'. This request was automatically upgraded to HTTPS, For more information see https://blog.chromium.org/2019/10/no-more-mixed-messages-about-https.html", source: https://creator.xiaohongshu.com/new/home (0)
[0620/123933.684:INFO:CONSOLE:0] "Mixed Content: The page at 'https://creator.xiaohongshu.com/new/home' was loaded over HTTPS, but requested an insecure element 'http://ci.xiaohongshu.com/2d9fa2fa-3d30-3ce8-b8f1-54b97d788720?imageView2/2/w/270/format/jpg'. This request was automatically upgraded to HTTPS, For more information see https://blog.chromium.org/2019/10/no-more-mixed-messages-about-https.html", source: https://creator.xiaohongshu.com/new/home (0)
[0620/123933.684:INFO:CONSOLE:0] "Mixed Content: The page at 'https://creator.xiaohongshu.com/new/home' was loaded over HTTPS, but requested an insecure element 'http://ci.xiaohongshu.com/347a3290-049d-3a1f-bd88-33fd260672a1?imageView2/2/w/270/format/jpg'. This request was automatically upgraded to HTTPS, For more information see https://blog.chromium.org/2019/10/no-more-mixed-messages-about-https.html", source: https://creator.xiaohongshu.com/new/home (0)
[0620/123933.684:INFO:CONSOLE:0] "Mixed Content: The page at 'https://creator.xiaohongshu.com/new/home' was loaded over HTTPS, but requested an insecure element 'http://ci.xiaohongshu.com/2404ddb6-deb7-33ba-9d03-d2c434a02e46?imageView2/2/w/270/format/jpg'. This request was automatically upgraded to HTTPS, For more information see https://blog.chromium.org/2019/10/no-more-mixed-messages-about-https.html", source: https://creator.xiaohongshu.com/new/home (0)
[0620/123933.684:INFO:CONSOLE:0] "Mixed Content: The page at 'https://creator.xiaohongshu.com/new/home' was loaded over HTTPS, but requested an insecure element 'http://ci.xiaohongshu.com/77c0d478-c016-39c9-954d-1cdaac23e79c?imageView2/2/w/270/format/jpg'. This request was automatically upgraded to HTTPS, For more information see https://blog.chromium.org/2019/10/no-more-mixed-messages-about-https.html", source: https://creator.xiaohongshu.com/new/home (0)
[0620/123933.684:INFO:CONSOLE:0] "Mixed Content: The page at 'https://creator.xiaohongshu.com/new/home' was loaded over HTTPS, but requested an insecure element 'http://ci.xiaohongshu.com/cb9a7294-3b4c-3da3-8121-ed0637cad6b4?imageView2/2/w/270/format/jpg'. This request was automatically upgraded to HTTPS, For more information see https://blog.chromium.org/2019/10/no-more-mixed-messages-about-https.html", source: https://creator.xiaohongshu.com/new/home (0)
[0620/123933.684:INFO:CONSOLE:0] "Mixed Content: The page at 'https://creator.xiaohongshu.com/new/home' was loaded over HTTPS, but requested an insecure element 'http://ci.xiaohongshu.com/010272016jzd5soyf9t0103dw2t2hyvlhx?imageView2/2/w/270/format/jpg'. This request was automatically upgraded to HTTPS, For more information see https://blog.chromium.org/2019/10/no-more-mixed-messages-about-https.html", source: https://creator.xiaohongshu.com/new/home (0)
[0620/123933.684:INFO:CONSOLE:0] "Mixed Content: The page at 'https://creator.xiaohongshu.com/new/home' was loaded over HTTPS, but requested an insecure element 'http://ci.xiaohongshu.com/0219df73-68d0-3502-a77c-72b1fd4cfcfb?imageView2/2/w/270/format/jpg'. This request was automatically upgraded to HTTPS, For more information see https://blog.chromium.org/2019/10/no-more-mixed-messages-about-https.html", source: https://creator.xiaohongshu.com/new/home (0)
[0620/123933.684:INFO:CONSOLE:0] "Mixed Content: The page at 'https://creator.xiaohongshu.com/new/home' was loaded over HTTPS, but requested an insecure element 'http://ci.xiaohongshu.com/fdbba771-8c11-318d-bd7e-65084dfa6236?imageView2/2/w/270/format/jpg'. This request was automatically upgraded to HTTPS, For more information see https://blog.chromium.org/2019/10/no-more-mixed-messages-about-https.html", source: https://creator.xiaohongshu.com/new/home (0)
[0620/123933.684:INFO:CONSOLE:0] "Mixed Content: The page at 'https://creator.xiaohongshu.com/new/home' was loaded over HTTPS, but requested an insecure element 'http://ci.xiaohongshu.com/f84f0e81-44d3-3284-bd8c-df0cd50db549?imageView2/2/w/270/format/jpg'. This request was automatically upgraded to HTTPS, For more information see https://blog.chromium.org/2019/10/no-more-mixed-messages-about-https.html", source: https://creator.xiaohongshu.com/new/home (0)
[0620/123933.684:INFO:CONSOLE:0] "Mixed Content: The page at 'https://creator.xiaohongshu.com/new/home' was loaded over HTTPS, but requested an insecure element 'http://ci.xiaohongshu.com/32cacced-3b28-321d-9ed6-7745e001e985?imageView2/2/w/270/format/jpg'. This request was automatically upgraded to HTTPS, For more information see https://blog.chromium.org/2019/10/no-more-mixed-messages-about-https.html", source: https://creator.xiaohongshu.com/new/home (0)
[0620/123933.684:INFO:CONSOLE:0] "Mixed Content: The page at 'https://creator.xiaohongshu.com/new/home' was loaded over HTTPS, but requested an insecure element 'http://ci.xiaohongshu.com/cbc2f859-bb10-3d3f-a141-5dd92056725d?imageView2/2/w/270/format/jpg'. This request was automatically upgraded to HTTPS, For more information see https://blog.chromium.org/2019/10/no-more-mixed-messages-about-https.html", source: https://creator.xiaohongshu.com/new/home (0)
[0620/123933.684:INFO:CONSOLE:0] "Mixed Content: The page at 'https://creator.xiaohongshu.com/new/home' was loaded over HTTPS, but requested an insecure element 'http://ci.xiaohongshu.com/d7762267-69c7-3bc0-a89a-3c7127f0f738?imageView2/2/w/270/format/jpg'. This request was automatically upgraded to HTTPS, For more information see https://blog.chromium.org/2019/10/no-more-mixed-messages-about-https.html", source: https://creator.xiaohongshu.com/new/home (0)
[0620/123933.685:INFO:CONSOLE:0] "Mixed Content: The page at 'https://creator.xiaohongshu.com/new/home' was loaded over HTTPS, but requested an insecure element 'http://ci.xiaohongshu.com/6ddf4fe1-2908-3b71-8ca7-fee885c4eab9?imageView2/2/w/270/format/jpg'. This request was automatically upgraded to HTTPS, For more information see https://blog.chromium.org/2019/10/no-more-mixed-messages-about-https.html", source: https://creator.xiaohongshu.com/new/home (0)
[0620/123933.685:INFO:CONSOLE:0] "Mixed Content: The page at 'https://creator.xiaohongshu.com/new/home' was loaded over HTTPS, but requested an insecure element 'http://ci.xiaohongshu.com/dfa37da0-ca01-31a7-9bb7-2e30e21c724a?imageView2/2/w/270/format/jpg'. This request was automatically upgraded to HTTPS, For more information see https://blog.chromium.org/2019/10/no-more-mixed-messages-about-https.html", source: https://creator.xiaohongshu.com/new/home (0)
[0620/123933.685:INFO:CONSOLE:0] "Mixed Content: The page at 'https://creator.xiaohongshu.com/new/home' was loaded over HTTPS, but requested an insecure element 'http://ci.xiaohongshu.com/dcef525b-8e58-38d5-ab60-0e6cb5a185f7?imageView2/2/w/270/format/jpg'. This request was automatically upgraded to HTTPS, For more information see https://blog.chromium.org/2019/10/no-more-mixed-messages-about-https.html", source: https://creator.xiaohongshu.com/new/home (0)
[0620/123933.685:INFO:CONSOLE:0] "Mixed Content: The page at 'https://creator.xiaohongshu.com/new/home' was loaded over HTTPS, but requested an insecure element 'http://ci.xiaohongshu.com/2d9fa2fa-3d30-3ce8-b8f1-54b97d788720?imageView2/2/w/270/format/jpg'. This request was automatically upgraded to HTTPS, For more information see https://blog.chromium.org/2019/10/no-more-mixed-messages-about-https.html", source: https://creator.xiaohongshu.com/new/home (0)
[0620/123933.685:INFO:CONSOLE:0] "Mixed Content: The page at 'https://creator.xiaohongshu.com/new/home' was loaded over HTTPS, but requested an insecure element 'http://ci.xiaohongshu.com/347a3290-049d-3a1f-bd88-33fd260672a1?imageView2/2/w/270/format/jpg'. This request was automatically upgraded to HTTPS, For more information see https://blog.chromium.org/2019/10/no-more-mixed-messages-about-https.html", source: https://creator.xiaohongshu.com/new/home (0)
[0620/123933.685:INFO:CONSOLE:0] "Mixed Content: The page at 'https://creator.xiaohongshu.com/new/home' was loaded over HTTPS, but requested an insecure element 'http://ci.xiaohongshu.com/2404ddb6-deb7-33ba-9d03-d2c434a02e46?imageView2/2/w/270/format/jpg'. This request was automatically upgraded to HTTPS, For more information see https://blog.chromium.org/2019/10/no-more-mixed-messages-about-https.html", source: https://creator.xiaohongshu.com/new/home (0)
[0620/123933.685:INFO:CONSOLE:0] "Mixed Content: The page at 'https://creator.xiaohongshu.com/new/home' was loaded over HTTPS, but requested an insecure element 'http://ci.xiaohongshu.com/77c0d478-c016-39c9-954d-1cdaac23e79c?imageView2/2/w/270/format/jpg'. This request was automatically upgraded to HTTPS, For more information see https://blog.chromium.org/2019/10/no-more-mixed-messages-about-https.html", source: https://creator.xiaohongshu.com/new/home (0)
[0620/123933.685:INFO:CONSOLE:0] "Mixed Content: The page at 'https://creator.xiaohongshu.com/new/home' was loaded over HTTPS, but requested an insecure element 'http://ci.xiaohongshu.com/cb9a7294-3b4c-3da3-8121-ed0637cad6b4?imageView2/2/w/270/format/jpg'. This request was automatically upgraded to HTTPS, For more information see https://blog.chromium.org/2019/10/no-more-mixed-messages-about-https.html", source: https://creator.xiaohongshu.com/new/home (0)
[0620/123933.685:INFO:CONSOLE:0] "Mixed Content: The page at 'https://creator.xiaohongshu.com/new/home' was loaded over HTTPS, but requested an insecure element 'http://ci.xiaohongshu.com/010272016jzd5soyf9t0103dw2t2hyvlhx?imageView2/2/w/270/format/jpg'. This request was automatically upgraded to HTTPS, For more information see https://blog.chromium.org/2019/10/no-more-mixed-messages-about-https.html", source: https://creator.xiaohongshu.com/new/home (0)
[0620/123933.685:INFO:CONSOLE:0] "Mixed Content: The page at 'https://creator.xiaohongshu.com/new/home' was loaded over HTTPS, but requested an insecure element 'http://ci.xiaohongshu.com/0219df73-68d0-3502-a77c-72b1fd4cfcfb?imageView2/2/w/270/format/jpg'. This request was automatically upgraded to HTTPS, For more information see https://blog.chromium.org/2019/10/no-more-mixed-messages-about-https.html", source: https://creator.xiaohongshu.com/new/home (0)
[0620/123933.685:INFO:CONSOLE:0] "Mixed Content: The page at 'https://creator.xiaohongshu.com/new/home' was loaded over HTTPS, but requested an insecure element 'http://ci.xiaohongshu.com/fdbba771-8c11-318d-bd7e-65084dfa6236?imageView2/2/w/270/format/jpg'. This request was automatically upgraded to HTTPS, For more information see https://blog.chromium.org/2019/10/no-more-mixed-messages-about-https.html", source: https://creator.xiaohongshu.com/new/home (0)
[0620/123933.685:INFO:CONSOLE:0] "Mixed Content: The page at 'https://creator.xiaohongshu.com/new/home' was loaded over HTTPS, but requested an insecure element 'http://ci.xiaohongshu.com/f84f0e81-44d3-3284-bd8c-df0cd50db549?imageView2/2/w/270/format/jpg'. This request was automatically upgraded to HTTPS, For more information see https://blog.chromium.org/2019/10/no-more-mixed-messages-about-https.html", source: https://creator.xiaohongshu.com/new/home (0)
[0620/123933.685:INFO:CONSOLE:0] "Mixed Content: The page at 'https://creator.xiaohongshu.com/new/home' was loaded over HTTPS, but requested an insecure element 'http://ci.xiaohongshu.com/32cacced-3b28-321d-9ed6-7745e001e985?imageView2/2/w/270/format/jpg'. This request was automatically upgraded to HTTPS, For more information see https://blog.chromium.org/2019/10/no-more-mixed-messages-about-https.html", source: https://creator.xiaohongshu.com/new/home (0)
[0620/123933.685:INFO:CONSOLE:0] "Mixed Content: The page at 'https://creator.xiaohongshu.com/new/home' was loaded over HTTPS, but requested an insecure element 'http://ci.xiaohongshu.com/cbc2f859-bb10-3d3f-a141-5dd92056725d?imageView2/2/w/270/format/jpg'. This request was automatically upgraded to HTTPS, For more information see https://blog.chromium.org/2019/10/no-more-mixed-messages-about-https.html", source: https://creator.xiaohongshu.com/new/home (0)
[0620/123933.685:INFO:CONSOLE:0] "Mixed Content: The page at 'https://creator.xiaohongshu.com/new/home' was loaded over HTTPS, but requested an insecure element 'http://ci.xiaohongshu.com/d7762267-69c7-3bc0-a89a-3c7127f0f738?imageView2/2/w/270/format/jpg'. This request was automatically upgraded to HTTPS, For more information see https://blog.chromium.org/2019/10/no-more-mixed-messages-about-https.html", source: https://creator.xiaohongshu.com/new/home (0)
[0620/123933.685:INFO:CONSOLE:0] "Mixed Content: The page at 'https://creator.xiaohongshu.com/new/home' was loaded over HTTPS, but requested an insecure element 'http://ci.xiaohongshu.com/6ddf4fe1-2908-3b71-8ca7-fee885c4eab9?imageView2/2/w/270/format/jpg'. This request was automatically upgraded to HTTPS, For more information see https://blog.chromium.org/2019/10/no-more-mixed-messages-about-https.html", source: https://creator.xiaohongshu.com/new/home (0)
[0620/123933.685:INFO:CONSOLE:0] "Mixed Content: The page at 'https://creator.xiaohongshu.com/new/home' was loaded over HTTPS, but requested an insecure element 'http://ci.xiaohongshu.com/dfa37da0-ca01-31a7-9bb7-2e30e21c724a?imageView2/2/w/270/format/jpg'. This request was automatically upgraded to HTTPS, For more information see https://blog.chromium.org/2019/10/no-more-mixed-messages-about-https.html", source: https://creator.xiaohongshu.com/new/home (0)
[0620/123933.685:INFO:CONSOLE:0] "Mixed Content: The page at 'https://creator.xiaohongshu.com/new/home' was loaded over HTTPS, but requested an insecure element 'http://ci.xiaohongshu.com/dcef525b-8e58-38d5-ab60-0e6cb5a185f7?imageView2/2/w/270/format/jpg'. This request was automatically upgraded to HTTPS, For more information see https://blog.chromium.org/2019/10/no-more-mixed-messages-about-https.html", source: https://creator.xiaohongshu.com/new/home (0)
[0620/123933.685:INFO:CONSOLE:0] "Mixed Content: The page at 'https://creator.xiaohongshu.com/new/home' was loaded over HTTPS, but requested an insecure element 'http://ci.xiaohongshu.com/2d9fa2fa-3d30-3ce8-b8f1-54b97d788720?imageView2/2/w/270/format/jpg'. This request was automatically upgraded to HTTPS, For more information see https://blog.chromium.org/2019/10/no-more-mixed-messages-about-https.html", source: https://creator.xiaohongshu.com/new/home (0)
[0620/123933.685:INFO:CONSOLE:0] "Mixed Content: The page at 'https://creator.xiaohongshu.com/new/home' was loaded over HTTPS, but requested an insecure element 'http://ci.xiaohongshu.com/347a3290-049d-3a1f-bd88-33fd260672a1?imageView2/2/w/270/format/jpg'. This request was automatically upgraded to HTTPS, For more information see https://blog.chromium.org/2019/10/no-more-mixed-messages-about-https.html", source: https://creator.xiaohongshu.com/new/home (0)
[0620/123933.685:INFO:CONSOLE:0] "Mixed Content: The page at 'https://creator.xiaohongshu.com/new/home' was loaded over HTTPS, but requested an insecure element 'http://ci.xiaohongshu.com/2404ddb6-deb7-33ba-9d03-d2c434a02e46?imageView2/2/w/270/format/jpg'. This request was automatically upgraded to HTTPS, For more information see https://blog.chromium.org/2019/10/no-more-mixed-messages-about-https.html", source: https://creator.xiaohongshu.com/new/home (0)
[0620/123933.685:INFO:CONSOLE:0] "Mixed Content: The page at 'https://creator.xiaohongshu.com/new/home' was loaded over HTTPS, but requested an insecure element 'http://ci.xiaohongshu.com/77c0d478-c016-39c9-954d-1cdaac23e79c?imageView2/2/w/270/format/jpg'. This request was automatically upgraded to HTTPS, For more information see https://blog.chromium.org/2019/10/no-more-mixed-messages-about-https.html", source: https://creator.xiaohongshu.com/new/home (0)
[0620/123933.685:INFO:CONSOLE:0] "Mixed Content: The page at 'https://creator.xiaohongshu.com/new/home' was loaded over HTTPS, but requested an insecure element 'http://ci.xiaohongshu.com/cb9a7294-3b4c-3da3-8121-ed0637cad6b4?imageView2/2/w/270/format/jpg'. This request was automatically upgraded to HTTPS, For more information see https://blog.chromium.org/2019/10/no-more-mixed-messages-about-https.html", source: https://creator.xiaohongshu.com/new/home (0)
[0620/123933.686:INFO:CONSOLE:0] "Mixed Content: The page at 'https://creator.xiaohongshu.com/new/home' was loaded over HTTPS, but requested an insecure element 'http://ci.xiaohongshu.com/010272016jzd5soyf9t0103dw2t2hyvlhx?imageView2/2/w/270/format/jpg'. This request was automatically upgraded to HTTPS, For more information see https://blog.chromium.org/2019/10/no-more-mixed-messages-about-https.html", source: https://creator.xiaohongshu.com/new/home (0)
[0620/123933.686:INFO:CONSOLE:0] "Mixed Content: The page at 'https://creator.xiaohongshu.com/new/home' was loaded over HTTPS, but requested an insecure element 'http://ci.xiaohongshu.com/0219df73-68d0-3502-a77c-72b1fd4cfcfb?imageView2/2/w/270/format/jpg'. This request was automatically upgraded to HTTPS, For more information see https://blog.chromium.org/2019/10/no-more-mixed-messages-about-https.html", source: https://creator.xiaohongshu.com/new/home (0)
[0620/123933.686:INFO:CONSOLE:0] "Mixed Content: The page at 'https://creator.xiaohongshu.com/new/home' was loaded over HTTPS, but requested an insecure element 'http://ci.xiaohongshu.com/fdbba771-8c11-318d-bd7e-65084dfa6236?imageView2/2/w/270/format/jpg'. This request was automatically upgraded to HTTPS, For more information see https://blog.chromium.org/2019/10/no-more-mixed-messages-about-https.html", source: https://creator.xiaohongshu.com/new/home (0)
[0620/123933.686:INFO:CONSOLE:0] "Mixed Content: The page at 'https://creator.xiaohongshu.com/new/home' was loaded over HTTPS, but requested an insecure element 'http://ci.xiaohongshu.com/f84f0e81-44d3-3284-bd8c-df0cd50db549?imageView2/2/w/270/format/jpg'. This request was automatically upgraded to HTTPS, For more information see https://blog.chromium.org/2019/10/no-more-mixed-messages-about-https.html", source: https://creator.xiaohongshu.com/new/home (0)
[0620/123933.686:INFO:CONSOLE:0] "Mixed Content: The page at 'https://creator.xiaohongshu.com/new/home' was loaded over HTTPS, but requested an insecure element 'http://ci.xiaohongshu.com/32cacced-3b28-321d-9ed6-7745e001e985?imageView2/2/w/270/format/jpg'. This request was automatically upgraded to HTTPS, For more information see https://blog.chromium.org/2019/10/no-more-mixed-messages-about-https.html", source: https://creator.xiaohongshu.com/new/home (0)
[0620/123933.686:INFO:CONSOLE:0] "Mixed Content: The page at 'https://creator.xiaohongshu.com/new/home' was loaded over HTTPS, but requested an insecure element 'http://ci.xiaohongshu.com/cbc2f859-bb10-3d3f-a141-5dd92056725d?imageView2/2/w/270/format/jpg'. This request was automatically upgraded to HTTPS, For more information see https://blog.chromium.org/2019/10/no-more-mixed-messages-about-https.html", source: https://creator.xiaohongshu.com/new/home (0)
[0620/123933.686:INFO:CONSOLE:0] "Mixed Content: The page at 'https://creator.xiaohongshu.com/new/home' was loaded over HTTPS, but requested an insecure element 'http://ci.xiaohongshu.com/d7762267-69c7-3bc0-a89a-3c7127f0f738?imageView2/2/w/270/format/jpg'. This request was automatically upgraded to HTTPS, For more information see https://blog.chromium.org/2019/10/no-more-mixed-messages-about-https.html", source: https://creator.xiaohongshu.com/new/home (0)
[0620/123933.686:INFO:CONSOLE:0] "Mixed Content: The page at 'https://creator.xiaohongshu.com/new/home' was loaded over HTTPS, but requested an insecure element 'http://ci.xiaohongshu.com/6ddf4fe1-2908-3b71-8ca7-fee885c4eab9?imageView2/2/w/270/format/jpg'. This request was automatically upgraded to HTTPS, For more information see https://blog.chromium.org/2019/10/no-more-mixed-messages-about-https.html", source: https://creator.xiaohongshu.com/new/home (0)
[0620/123933.686:INFO:CONSOLE:0] "Mixed Content: The page at 'https://creator.xiaohongshu.com/new/home' was loaded over HTTPS, but requested an insecure element 'http://ci.xiaohongshu.com/dfa37da0-ca01-31a7-9bb7-2e30e21c724a?imageView2/2/w/270/format/jpg'. This request was automatically upgraded to HTTPS, For more information see https://blog.chromium.org/2019/10/no-more-mixed-messages-about-https.html", source: https://creator.xiaohongshu.com/new/home (0)
[0620/123933.686:INFO:CONSOLE:0] "Mixed Content: The page at 'https://creator.xiaohongshu.com/new/home' was loaded over HTTPS, but requested an insecure element 'http://ci.xiaohongshu.com/dcef525b-8e58-38d5-ab60-0e6cb5a185f7?imageView2/2/w/270/format/jpg'. This request was automatically upgraded to HTTPS, For more information see https://blog.chromium.org/2019/10/no-more-mixed-messages-about-https.html", source: https://creator.xiaohongshu.com/new/home (0)
[0620/123933.686:INFO:CONSOLE:0] "Mixed Content: The page at 'https://creator.xiaohongshu.com/new/home' was loaded over HTTPS, but requested an insecure element 'http://ci.xiaohongshu.com/2d9fa2fa-3d30-3ce8-b8f1-54b97d788720?imageView2/2/w/270/format/jpg'. This request was automatically upgraded to HTTPS, For more information see https://blog.chromium.org/2019/10/no-more-mixed-messages-about-https.html", source: https://creator.xiaohongshu.com/new/home (0)
[0620/123933.686:INFO:CONSOLE:0] "Mixed Content: The page at 'https://creator.xiaohongshu.com/new/home' was loaded over HTTPS, but requested an insecure element 'http://ci.xiaohongshu.com/347a3290-049d-3a1f-bd88-33fd260672a1?imageView2/2/w/270/format/jpg'. This request was automatically upgraded to HTTPS, For more information see https://blog.chromium.org/2019/10/no-more-mixed-messages-about-https.html", source: https://creator.xiaohongshu.com/new/home (0)
[0620/123933.686:INFO:CONSOLE:0] "Mixed Content: The page at 'https://creator.xiaohongshu.com/new/home' was loaded over HTTPS, but requested an insecure element 'http://ci.xiaohongshu.com/2404ddb6-deb7-33ba-9d03-d2c434a02e46?imageView2/2/w/270/format/jpg'. This request was automatically upgraded to HTTPS, For more information see https://blog.chromium.org/2019/10/no-more-mixed-messages-about-https.html", source: https://creator.xiaohongshu.com/new/home (0)
[0620/123933.686:INFO:CONSOLE:0] "Mixed Content: The page at 'https://creator.xiaohongshu.com/new/home' was loaded over HTTPS, but requested an insecure element 'http://ci.xiaohongshu.com/77c0d478-c016-39c9-954d-1cdaac23e79c?imageView2/2/w/270/format/jpg'. This request was automatically upgraded to HTTPS, For more information see https://blog.chromium.org/2019/10/no-more-mixed-messages-about-https.html", source: https://creator.xiaohongshu.com/new/home (0)
[0620/123933.686:INFO:CONSOLE:0] "Mixed Content: The page at 'https://creator.xiaohongshu.com/new/home' was loaded over HTTPS, but requested an insecure element 'http://ci.xiaohongshu.com/cb9a7294-3b4c-3da3-8121-ed0637cad6b4?imageView2/2/w/270/format/jpg'. This request was automatically upgraded to HTTPS, For more information see https://blog.chromium.org/2019/10/no-more-mixed-messages-about-https.html", source: https://creator.xiaohongshu.com/new/home (0)
[0620/123933.686:INFO:CONSOLE:0] "Mixed Content: The page at 'https://creator.xiaohongshu.com/new/home' was loaded over HTTPS, but requested an insecure element 'http://ci.xiaohongshu.com/010272016jzd5soyf9t0103dw2t2hyvlhx?imageView2/2/w/270/format/jpg'. This request was automatically upgraded to HTTPS, For more information see https://blog.chromium.org/2019/10/no-more-mixed-messages-about-https.html", source: https://creator.xiaohongshu.com/new/home (0)
[0620/123935.282:INFO:CONSOLE:3] "Error", source:  (3)
[0620/123935.527:INFO:CONSOLE:119] "[apm] httpRequestTiming", source: https://fe-static.xhscdn.com/formula-static/ugc/public/resource/js/8103.ec1b381a.js (119)
[0620/123935.527:INFO:CONSOLE:119] "console.groupEnd", source: https://fe-static.xhscdn.com/formula-static/ugc/public/resource/js/8103.ec1b381a.js (119)
[0620/123935.527:INFO:CONSOLE:119] "[apm] httpRequestTiming", source: https://fe-static.xhscdn.com/formula-static/ugc/public/resource/js/8103.ec1b381a.js (119)
[0620/123935.527:INFO:CONSOLE:119] "console.groupEnd", source: https://fe-static.xhscdn.com/formula-static/ugc/public/resource/js/8103.ec1b381a.js (119)
[0620/123935.527:INFO:CONSOLE:119] "[apm] httpRequestTiming", source: https://fe-static.xhscdn.com/formula-static/ugc/public/resource/js/8103.ec1b381a.js (119)
[0620/123935.527:INFO:CONSOLE:119] "console.groupEnd", source: https://fe-static.xhscdn.com/formula-static/ugc/public/resource/js/8103.ec1b381a.js (119)
[0620/123935.527:INFO:CONSOLE:119] "[apm] httpRequestTiming", source: https://fe-static.xhscdn.com/formula-static/ugc/public/resource/js/8103.ec1b381a.js (119)
[0620/123935.527:INFO:CONSOLE:119] "console.groupEnd", source: https://fe-static.xhscdn.com/formula-static/ugc/public/resource/js/8103.ec1b381a.js (119)
[0620/123935.527:INFO:CONSOLE:119] "[apm] httpRequestTiming", source: https://fe-static.xhscdn.com/formula-static/ugc/public/resource/js/8103.ec1b381a.js (119)
[0620/123935.527:INFO:CONSOLE:119] "console.groupEnd", source: https://fe-static.xhscdn.com/formula-static/ugc/public/resource/js/8103.ec1b381a.js (119)
[0620/123936.007:INFO:CONSOLE:119] "[apm performance metric] paintTiming", source: https://fe-static.xhscdn.com/formula-static/ugc/public/resource/js/8103.ec1b381a.js (119)
[0620/123936.007:INFO:CONSOLE:119] "console.groupEnd", source: https://fe-static.xhscdn.com/formula-static/ugc/public/resource/js/8103.ec1b381a.js (119)
[0620/123936.226:INFO:CONSOLE:3] "Error", source:  (3)
[0620/123936.633:INFO:CONSOLE:119] "[apm] sns_web_publish_new_bootstrap", source: https://fe-static.xhscdn.com/formula-static/ugc/public/resource/js/8103.ec1b381a.js (119)
[0620/123936.634:INFO:CONSOLE:119] "console.groupEnd", source: https://fe-static.xhscdn.com/formula-static/ugc/public/resource/js/8103.ec1b381a.js (119)
[0620/123936.634:INFO:CONSOLE:119] "[apm] sns_web_publish_perf", source: https://fe-static.xhscdn.com/formula-static/ugc/public/resource/js/8103.ec1b381a.js (119)
[0620/123936.634:INFO:CONSOLE:119] "console.groupEnd", source: https://fe-static.xhscdn.com/formula-static/ugc/public/resource/js/8103.ec1b381a.js (119)
[0620/123936.634:INFO:CONSOLE:119] "[apm] sns_web_publish_perf", source: https://fe-static.xhscdn.com/formula-static/ugc/public/resource/js/8103.ec1b381a.js (119)
[0620/123936.634:INFO:CONSOLE:119] "console.groupEnd", source: https://fe-static.xhscdn.com/formula-static/ugc/public/resource/js/8103.ec1b381a.js (119)
[0620/123936.634:INFO:CONSOLE:119] "[apm] sns_web_publish_upload_image", source: https://fe-static.xhscdn.com/formula-static/ugc/public/resource/js/8103.ec1b381a.js (119)
[0620/123936.634:INFO:CONSOLE:119] "console.groupEnd", source: https://fe-static.xhscdn.com/formula-static/ugc/public/resource/js/8103.ec1b381a.js (119)
[0620/123936.634:INFO:CONSOLE:119] "[apm] sns_web_publish_upload_image", source: https://fe-static.xhscdn.com/formula-static/ugc/public/resource/js/8103.ec1b381a.js (119)
[0620/123936.634:INFO:CONSOLE:119] "console.groupEnd", source: https://fe-static.xhscdn.com/formula-static/ugc/public/resource/js/8103.ec1b381a.js (119)
[0620/123938.868:INFO:CONSOLE:3] "Error", source:  (3)
[0620/123941.211:INFO:CONSOLE:3] "Error", source:  (3)
[0620/123941.220:INFO:CONSOLE:3] "Error", source:  (3)
[0620/123941.226:INFO:CONSOLE:3] "Error", source:  (3)
[0620/123941.246:INFO:CONSOLE:1] "Error", source: https://fe-static.xhscdn.com/formula-static/ugc/public/resource/js/async/9936.c458759f.js (1)
[0620/123941.279:INFO:CONSOLE:1] "[object GeolocationPositionError]", source: https://fe-static.xhscdn.com/formula-static/ugc/public/resource/js/project-publish-vue.1428a0fb.js (1)
[0620/123941.280:INFO:CONSOLE:3] "Error", source:  (3)
[0620/123941.487:INFO:CONSOLE:119] "[apm] sns_web_draft_point", source: https://fe-static.xhscdn.com/formula-static/ugc/public/resource/js/8103.ec1b381a.js (119)
[0620/123941.487:INFO:CONSOLE:119] "console.groupEnd", source: https://fe-static.xhscdn.com/formula-static/ugc/public/resource/js/8103.ec1b381a.js (119)
[0620/123941.487:INFO:CONSOLE:119] "[apm] httpRequestTiming", source: https://fe-static.xhscdn.com/formula-static/ugc/public/resource/js/8103.ec1b381a.js (119)
[0620/123941.487:INFO:CONSOLE:119] "console.groupEnd", source: https://fe-static.xhscdn.com/formula-static/ugc/public/resource/js/8103.ec1b381a.js (119)
[0620/123941.487:INFO:CONSOLE:119] "[apm] sns_web_publish_perf", source: https://fe-static.xhscdn.com/formula-static/ugc/public/resource/js/8103.ec1b381a.js (119)
[0620/123941.487:INFO:CONSOLE:119] "console.groupEnd", source: https://fe-static.xhscdn.com/formula-static/ugc/public/resource/js/8103.ec1b381a.js (119)
[0620/123941.487:INFO:CONSOLE:119] "[apm] httpRequestTiming", source: https://fe-static.xhscdn.com/formula-static/ugc/public/resource/js/8103.ec1b381a.js (119)
[0620/123941.487:INFO:CONSOLE:119] "console.groupEnd", source: https://fe-static.xhscdn.com/formula-static/ugc/public/resource/js/8103.ec1b381a.js (119)
[0620/123941.487:INFO:CONSOLE:119] "[apm] sns_web_publish_upload_image", source: https://fe-static.xhscdn.com/formula-static/ugc/public/resource/js/8103.ec1b381a.js (119)
[0620/123941.487:INFO:CONSOLE:119] "console.groupEnd", source: https://fe-static.xhscdn.com/formula-static/ugc/public/resource/js/8103.ec1b381a.js (119)
[0620/123941.487:INFO:CONSOLE:119] "[apm] sns_web_publish_upload_image", source: https://fe-static.xhscdn.com/formula-static/ugc/public/resource/js/8103.ec1b381a.js (119)
[0620/123941.487:INFO:CONSOLE:119] "console.groupEnd", source: https://fe-static.xhscdn.com/formula-static/ugc/public/resource/js/8103.ec1b381a.js (119)
[0620/123941.487:INFO:CONSOLE:119] "[apm] sns_web_publish_upload_image", source: https://fe-static.xhscdn.com/formula-static/ugc/public/resource/js/8103.ec1b381a.js (119)
[0620/123941.487:INFO:CONSOLE:119] "console.groupEnd", source: https://fe-static.xhscdn.com/formula-static/ugc/public/resource/js/8103.ec1b381a.js (119)
[0620/123941.487:INFO:CONSOLE:119] "[apm] sns_web_publish_upload_image", source: https://fe-static.xhscdn.com/formula-static/ugc/public/resource/js/8103.ec1b381a.js (119)
[0620/123941.487:INFO:CONSOLE:119] "console.groupEnd", source: https://fe-static.xhscdn.com/formula-static/ugc/public/resource/js/8103.ec1b381a.js (119)
[0620/123941.487:INFO:CONSOLE:119] "[apm] sns_web_publish_publish", source: https://fe-static.xhscdn.com/formula-static/ugc/public/resource/js/8103.ec1b381a.js (119)
[0620/123941.487:INFO:CONSOLE:119] "console.groupEnd", source: https://fe-static.xhscdn.com/formula-static/ugc/public/resource/js/8103.ec1b381a.js (119)
[0620/123941.487:INFO:CONSOLE:119] "[apm] sns_web_publish_upload_image", source: https://fe-static.xhscdn.com/formula-static/ugc/public/resource/js/8103.ec1b381a.js (119)
[0620/123941.487:INFO:CONSOLE:119] "console.groupEnd", source: https://fe-static.xhscdn.com/formula-static/ugc/public/resource/js/8103.ec1b381a.js (119)
[0620/123941.683:INFO:CONSOLE:119] "[apm] sns_web_draft_point", source: https://fe-static.xhscdn.com/formula-static/ugc/public/resource/js/8103.ec1b381a.js (119)
[0620/123941.683:INFO:CONSOLE:119] "console.groupEnd", source: https://fe-static.xhscdn.com/formula-static/ugc/public/resource/js/8103.ec1b381a.js (119)
[0620/123941.683:INFO:CONSOLE:119] "[apm] httpRequestTiming", source: https://fe-static.xhscdn.com/formula-static/ugc/public/resource/js/8103.ec1b381a.js (119)
[0620/123941.683:INFO:CONSOLE:119] "console.groupEnd", source: https://fe-static.xhscdn.com/formula-static/ugc/public/resource/js/8103.ec1b381a.js (119)
[0620/123941.683:INFO:CONSOLE:119] "[apm] httpRequestTiming", source: https://fe-static.xhscdn.com/formula-static/ugc/public/resource/js/8103.ec1b381a.js (119)
[0620/123941.683:INFO:CONSOLE:119] "console.groupEnd", source: https://fe-static.xhscdn.com/formula-static/ugc/public/resource/js/8103.ec1b381a.js (119)
[0620/123941.683:INFO:CONSOLE:119] "[apm] httpRequestTiming", source: https://fe-static.xhscdn.com/formula-static/ugc/public/resource/js/8103.ec1b381a.js (119)
[0620/123941.683:INFO:CONSOLE:119] "console.groupEnd", source: https://fe-static.xhscdn.com/formula-static/ugc/public/resource/js/8103.ec1b381a.js (119)
[0620/123941.683:INFO:CONSOLE:119] "[apm] httpRequestTiming", source: https://fe-static.xhscdn.com/formula-static/ugc/public/resource/js/8103.ec1b381a.js (119)
[0620/123941.683:INFO:CONSOLE:119] "console.groupEnd", source: https://fe-static.xhscdn.com/formula-static/ugc/public/resource/js/8103.ec1b381a.js (119)
[0620/123946.296:INFO:CONSOLE:1] "实时竞速: 10149.97705078125 ms", source: https://fe-static.xhscdn.com/formula-static/ugc/public/resource/js/index.51912041.js (1)
[0620/123946.585:INFO:CONSOLE:119] "[apm] httpRequestTiming", source: https://fe-static.xhscdn.com/formula-static/ugc/public/resource/js/8103.ec1b381a.js (119)
[0620/123946.585:INFO:CONSOLE:119] "console.groupEnd", source: https://fe-static.xhscdn.com/formula-static/ugc/public/resource/js/8103.ec1b381a.js (119)
[0620/123946.585:INFO:CONSOLE:119] "[apm] httpRequestTiming", source: https://fe-static.xhscdn.com/formula-static/ugc/public/resource/js/8103.ec1b381a.js (119)
[0620/123946.585:INFO:CONSOLE:119] "console.groupEnd", source: https://fe-static.xhscdn.com/formula-static/ugc/public/resource/js/8103.ec1b381a.js (119)
[0620/123946.585:INFO:CONSOLE:119] "[apm] httpRequestTiming", source: https://fe-static.xhscdn.com/formula-static/ugc/public/resource/js/8103.ec1b381a.js (119)
[0620/123946.585:INFO:CONSOLE:119] "console.groupEnd", source: https://fe-static.xhscdn.com/formula-static/ugc/public/resource/js/8103.ec1b381a.js (119)
[0620/123946.585:INFO:CONSOLE:119] "[apm] httpRequestTiming", source: https://fe-static.xhscdn.com/formula-static/ugc/public/resource/js/8103.ec1b381a.js (119)
[0620/123946.585:INFO:CONSOLE:119] "console.groupEnd", source: https://fe-static.xhscdn.com/formula-static/ugc/public/resource/js/8103.ec1b381a.js (119)
[0620/123951.014:INFO:CONSOLE:3] "Error", source:  (3)
[0620/123951.026:INFO:CONSOLE:1] "Error", source: https://fe-static.xhscdn.com/formula-static/ugc/public/resource/js/async/9936.c458759f.js (1)
[0620/123951.427:INFO:CONSOLE:119] "Uncaught (in promise) Error: [Eaglet Exception] no match enum `1` in `NoteEditSource` field", source: https://fe-static.xhscdn.com/formula-static/ugc/public/resource/js/8103.ec1b381a.js (119)
[0620/123952.190:INFO:CONSOLE:119] "[apm] sns_web_publish_upload_image", source: https://fe-static.xhscdn.com/formula-static/ugc/public/resource/js/8103.ec1b381a.js (119)
[0620/123952.190:INFO:CONSOLE:119] "console.groupEnd", source: https://fe-static.xhscdn.com/formula-static/ugc/public/resource/js/8103.ec1b381a.js (119)
[0620/123952.190:INFO:CONSOLE:119] "[apm] sns_web_publish_upload_speed", source: https://fe-static.xhscdn.com/formula-static/ugc/public/resource/js/8103.ec1b381a.js (119)
[0620/123952.190:INFO:CONSOLE:119] "console.groupEnd", source: https://fe-static.xhscdn.com/formula-static/ugc/public/resource/js/8103.ec1b381a.js (119)
[0620/123952.190:INFO:CONSOLE:119] "[apm] sns_web_publish_lcp", source: https://fe-static.xhscdn.com/formula-static/ugc/public/resource/js/8103.ec1b381a.js (119)
[0620/123952.190:INFO:CONSOLE:119] "console.groupEnd", source: https://fe-static.xhscdn.com/formula-static/ugc/public/resource/js/8103.ec1b381a.js (119)
[0620/123952.190:INFO:CONSOLE:119] "[apm] httpRequestTiming", source: https://fe-static.xhscdn.com/formula-static/ugc/public/resource/js/8103.ec1b381a.js (119)
[0620/123952.190:INFO:CONSOLE:119] "console.groupEnd", source: https://fe-static.xhscdn.com/formula-static/ugc/public/resource/js/8103.ec1b381a.js (119)
[0620/123952.190:INFO:CONSOLE:119] "[apm] sns_web_publish_publish", source: https://fe-static.xhscdn.com/formula-static/ugc/public/resource/js/8103.ec1b381a.js (119)
[0620/123952.190:INFO:CONSOLE:119] "console.groupEnd", source: https://fe-static.xhscdn.com/formula-static/ugc/public/resource/js/8103.ec1b381a.js (119)
[0620/123956.525:INFO:CONSOLE:119] "[apm] httpRequestTiming", source: https://fe-static.xhscdn.com/formula-static/ugc/public/resource/js/8103.ec1b381a.js (119)
[0620/123956.525:INFO:CONSOLE:119] "console.groupEnd", source: https://fe-static.xhscdn.com/formula-static/ugc/public/resource/js/8103.ec1b381a.js (119)
[0620/123956.525:INFO:CONSOLE:119] "[apm] sns_web_publish_publish", source: https://fe-static.xhscdn.com/formula-static/ugc/public/resource/js/8103.ec1b381a.js (119)
[0620/123956.525:INFO:CONSOLE:119] "console.groupEnd", source: https://fe-static.xhscdn.com/formula-static/ugc/public/resource/js/8103.ec1b381a.js (119)
[0620/123956.525:INFO:CONSOLE:119] "[apm] sns_web_publish_timing_image", source: https://fe-static.xhscdn.com/formula-static/ugc/public/resource/js/8103.ec1b381a.js (119)
[0620/123956.525:INFO:CONSOLE:119] "console.groupEnd", source: https://fe-static.xhscdn.com/formula-static/ugc/public/resource/js/8103.ec1b381a.js (119)
[0620/123956.525:INFO:CONSOLE:119] "[apm] sns_web_publish_timing", source: https://fe-static.xhscdn.com/formula-static/ugc/public/resource/js/8103.ec1b381a.js (119)
[0620/123956.525:INFO:CONSOLE:119] "console.groupEnd", source: https://fe-static.xhscdn.com/formula-static/ugc/public/resource/js/8103.ec1b381a.js (119)
[0620/124002.641:INFO:CONSOLE:119] "[apm] sns_web_publish_new_bootstrap", source: https://fe-static.xhscdn.com/formula-static/ugc/public/resource/js/8103.ec1b381a.js (119)
[0620/124002.641:INFO:CONSOLE:119] "console.groupEnd", source: https://fe-static.xhscdn.com/formula-static/ugc/public/resource/js/8103.ec1b381a.js (119)
[0620/124002.641:INFO:CONSOLE:119] "[apm] sns_web_publish_upload_video", source: https://fe-static.xhscdn.com/formula-static/ugc/public/resource/js/8103.ec1b381a.js (119)
[0620/124002.641:INFO:CONSOLE:119] "console.groupEnd", source: https://fe-static.xhscdn.com/formula-static/ugc/public/resource/js/8103.ec1b381a.js (119)
[0620/124002.641:INFO:CONSOLE:119] "[apm] sns_web_draft_point", source: https://fe-static.xhscdn.com/formula-static/ugc/public/resource/js/8103.ec1b381a.js (119)
[0620/124002.641:INFO:CONSOLE:119] "console.groupEnd", source: https://fe-static.xhscdn.com/formula-static/ugc/public/resource/js/8103.ec1b381a.js (119)
[0620/124132.326:INFO:CONSOLE:3] "Error", source:  (3)
[0620/124132.574:INFO:CONSOLE:119] "[apm] httpRequestTiming", source: https://fe-static.xhscdn.com/formula-static/ugc/public/resource/js/8103.ec1b381a.js (119)
[0620/124132.574:INFO:CONSOLE:119] "console.groupEnd", source: https://fe-static.xhscdn.com/formula-static/ugc/public/resource/js/8103.ec1b381a.js (119)
[0620/124132.574:INFO:CONSOLE:119] "[apm] infra_sec_web_api_walify", source: https://fe-static.xhscdn.com/formula-static/ugc/public/resource/js/8103.ec1b381a.js (119)
[0620/124132.574:INFO:CONSOLE:119] "console.groupEnd", source: https://fe-static.xhscdn.com/formula-static/ugc/public/resource/js/8103.ec1b381a.js (119)
[0620/124132.574:INFO:CONSOLE:119] "[apm] httpRequestTiming", source: https://fe-static.xhscdn.com/formula-static/ugc/public/resource/js/8103.ec1b381a.js (119)
[0620/124132.574:INFO:CONSOLE:119] "console.groupEnd", source: https://fe-static.xhscdn.com/formula-static/ugc/public/resource/js/8103.ec1b381a.js (119)
[0620/124132.574:INFO:CONSOLE:119] "[apm] infra_sec_web_api_walify", source: https://fe-static.xhscdn.com/formula-static/ugc/public/resource/js/8103.ec1b381a.js (119)
[0620/124132.574:INFO:CONSOLE:119] "console.groupEnd", source: https://fe-static.xhscdn.com/formula-static/ugc/public/resource/js/8103.ec1b381a.js (119)
[0620/124132.574:INFO:CONSOLE:119] "[apm] infra_sec_web_api_walify", source: https://fe-static.xhscdn.com/formula-static/ugc/public/resource/js/8103.ec1b381a.js (119)
[0620/124132.574:INFO:CONSOLE:119] "console.groupEnd", source: https://fe-static.xhscdn.com/formula-static/ugc/public/resource/js/8103.ec1b381a.js (119)
[0620/124154.331:INFO:CONSOLE:119] "[apm performance metric] interactiveTiming", source: https://fe-static.xhscdn.com/formula-static/ugc/public/resource/js/8103.ec1b381a.js (119)
[0620/124154.331:INFO:CONSOLE:119] "console.groupEnd", source: https://fe-static.xhscdn.com/formula-static/ugc/public/resource/js/8103.ec1b381a.js (119)
[0620/124154.332:INFO:CONSOLE:119] "[apm performance metric] interactiveTiming", source: https://fe-static.xhscdn.com/formula-static/ugc/public/resource/js/8103.ec1b381a.js (119)
[0620/124154.332:INFO:CONSOLE:119] "console.groupEnd", source: https://fe-static.xhscdn.com/formula-static/ugc/public/resource/js/8103.ec1b381a.js (119)
[0620/124154.332:INFO:CONSOLE:119] "[apm performance metric] interactiveTiming", source: https://fe-static.xhscdn.com/formula-static/ugc/public/resource/js/8103.ec1b381a.js (119)
[0620/124154.332:INFO:CONSOLE:119] "console.groupEnd", source: https://fe-static.xhscdn.com/formula-static/ugc/public/resource/js/8103.ec1b381a.js (119)
[0620/124154.333:INFO:CONSOLE:119] "[apm performance metric] visualStability", source: https://fe-static.xhscdn.com/formula-static/ugc/public/resource/js/8103.ec1b381a.js (119)
[0620/124154.333:INFO:CONSOLE:119] "console.groupEnd", source: https://fe-static.xhscdn.com/formula-static/ugc/public/resource/js/8103.ec1b381a.js (119)
[0620/124154.333:INFO:CONSOLE:119] "[apm performance metric] interactiveTiming", source: https://fe-static.xhscdn.com/formula-static/ugc/public/resource/js/8103.ec1b381a.js (119)
[0620/124154.333:INFO:CONSOLE:119] "console.groupEnd", source: https://fe-static.xhscdn.com/formula-static/ugc/public/resource/js/8103.ec1b381a.js (119)
[0620/124154.333:INFO:CONSOLE:119] "[apm performance metric] interactiveTiming", source: https://fe-static.xhscdn.com/formula-static/ugc/public/resource/js/8103.ec1b381a.js (119)
[0620/124154.333:INFO:CONSOLE:119] "console.groupEnd", source: https://fe-static.xhscdn.com/formula-static/ugc/public/resource/js/8103.ec1b381a.js (119)
[0620/124154.374:INFO:CONSOLE:119] "框架和 SDK 输出的日志默认不展示，可在框架配置文件中设置开启，详见 https://doc.weixin.qq.com/doc/w3_AWkASAb9APAr8IdJI5VS0OyqetUE6?scode=ANAAyQcbAAgB8qKjm9AWkASAb9APA", source: https://fe-static.xhscdn.com/formula-static/ugc/public/resource/js/8103.ec1b381a.js (119)
[0620/124154.406:INFO:CONSOLE:3] "Error", source:  (3)
[0620/124154.493:INFO:CONSOLE:3] "Error", source:  (3)
[0620/124154.517:INFO:CONSOLE:3] "Error", source:  (3)
[0620/124154.736:INFO:CONSOLE:119] "[apm] infraBrowserResourceTiming", source: https://fe-static.xhscdn.com/formula-static/ugc/public/resource/js/8103.ec1b381a.js (119)
[0620/124154.736:INFO:CONSOLE:119] "console.groupEnd", source: https://fe-static.xhscdn.com/formula-static/ugc/public/resource/js/8103.ec1b381a.js (119)
[0620/124154.737:INFO:CONSOLE:119] "[apm] infraBrowserResourceTiming", source: https://fe-static.xhscdn.com/formula-static/ugc/public/resource/js/8103.ec1b381a.js (119)
[0620/124154.737:INFO:CONSOLE:119] "console.groupEnd", source: https://fe-static.xhscdn.com/formula-static/ugc/public/resource/js/8103.ec1b381a.js (119)
[0620/124154.737:INFO:CONSOLE:119] "[apm] infraBrowserResourceTiming", source: https://fe-static.xhscdn.com/formula-static/ugc/public/resource/js/8103.ec1b381a.js (119)
[0620/124154.737:INFO:CONSOLE:119] "console.groupEnd", source: https://fe-static.xhscdn.com/formula-static/ugc/public/resource/js/8103.ec1b381a.js (119)
[0620/124154.737:INFO:CONSOLE:119] "[apm] infraBrowserResourceTiming", source: https://fe-static.xhscdn.com/formula-static/ugc/public/resource/js/8103.ec1b381a.js (119)
[0620/124154.737:INFO:CONSOLE:119] "console.groupEnd", source: https://fe-static.xhscdn.com/formula-static/ugc/public/resource/js/8103.ec1b381a.js (119)
[0620/124154.737:INFO:CONSOLE:119] "[apm] infraBrowserResourceTiming", source: https://fe-static.xhscdn.com/formula-static/ugc/public/resource/js/8103.ec1b381a.js (119)
[0620/124154.737:INFO:CONSOLE:119] "console.groupEnd", source: https://fe-static.xhscdn.com/formula-static/ugc/public/resource/js/8103.ec1b381a.js (119)
[0620/124154.737:INFO:CONSOLE:119] "[apm] infraBrowserResourceTiming", source: https://fe-static.xhscdn.com/formula-static/ugc/public/resource/js/8103.ec1b381a.js (119)
[0620/124154.737:INFO:CONSOLE:119] "console.groupEnd", source: https://fe-static.xhscdn.com/formula-static/ugc/public/resource/js/8103.ec1b381a.js (119)
[0620/124154.737:INFO:CONSOLE:119] "[apm] infraBrowserResourceTiming", source: https://fe-static.xhscdn.com/formula-static/ugc/public/resource/js/8103.ec1b381a.js (119)
[0620/124154.738:INFO:CONSOLE:119] "console.groupEnd", source: https://fe-static.xhscdn.com/formula-static/ugc/public/resource/js/8103.ec1b381a.js (119)
[0620/124154.738:INFO:CONSOLE:119] "[apm] infraBrowserResourceTiming", source: https://fe-static.xhscdn.com/formula-static/ugc/public/resource/js/8103.ec1b381a.js (119)
[0620/124154.738:INFO:CONSOLE:119] "console.groupEnd", source: https://fe-static.xhscdn.com/formula-static/ugc/public/resource/js/8103.ec1b381a.js (119)
[0620/124154.738:INFO:CONSOLE:119] "[apm] infraBrowserResourceTiming", source: https://fe-static.xhscdn.com/formula-static/ugc/public/resource/js/8103.ec1b381a.js (119)
[0620/124154.738:INFO:CONSOLE:119] "console.groupEnd", source: https://fe-static.xhscdn.com/formula-static/ugc/public/resource/js/8103.ec1b381a.js (119)
[0620/124154.738:INFO:CONSOLE:119] "[apm] infraBrowserResourceTiming", source: https://fe-static.xhscdn.com/formula-static/ugc/public/resource/js/8103.ec1b381a.js (119)
[0620/124154.738:INFO:CONSOLE:119] "console.groupEnd", source: https://fe-static.xhscdn.com/formula-static/ugc/public/resource/js/8103.ec1b381a.js (119)
[0620/124154.738:INFO:CONSOLE:119] "[apm] infraBrowserResourceTiming", source: https://fe-static.xhscdn.com/formula-static/ugc/public/resource/js/8103.ec1b381a.js (119)
[0620/124154.738:INFO:CONSOLE:119] "console.groupEnd", source: https://fe-static.xhscdn.com/formula-static/ugc/public/resource/js/8103.ec1b381a.js (119)
[0620/124154.738:INFO:CONSOLE:119] "[apm] infraBrowserResourceTiming", source: https://fe-static.xhscdn.com/formula-static/ugc/public/resource/js/8103.ec1b381a.js (119)
[0620/124154.738:INFO:CONSOLE:119] "console.groupEnd", source: https://fe-static.xhscdn.com/formula-static/ugc/public/resource/js/8103.ec1b381a.js (119)
[0620/124154.738:INFO:CONSOLE:119] "[apm] infraBrowserResourceTiming", source: https://fe-static.xhscdn.com/formula-static/ugc/public/resource/js/8103.ec1b381a.js (119)
[0620/124154.738:INFO:CONSOLE:119] "console.groupEnd", source: https://fe-static.xhscdn.com/formula-static/ugc/public/resource/js/8103.ec1b381a.js (119)
[0620/124154.738:INFO:CONSOLE:119] "[apm] infraBrowserResourceTiming", source: https://fe-static.xhscdn.com/formula-static/ugc/public/resource/js/8103.ec1b381a.js (119)
[0620/124154.738:INFO:CONSOLE:119] "console.groupEnd", source: https://fe-static.xhscdn.com/formula-static/ugc/public/resource/js/8103.ec1b381a.js (119)
[0620/124154.738:INFO:CONSOLE:119] "[apm] infraBrowserResourceTiming", source: https://fe-static.xhscdn.com/formula-static/ugc/public/resource/js/8103.ec1b381a.js (119)
[0620/124154.738:INFO:CONSOLE:119] "console.groupEnd", source: https://fe-static.xhscdn.com/formula-static/ugc/public/resource/js/8103.ec1b381a.js (119)
[0620/124154.738:INFO:CONSOLE:119] "[apm] anti_spam_ds_fail", source: https://fe-static.xhscdn.com/formula-static/ugc/public/resource/js/8103.ec1b381a.js (119)
[0620/124154.738:INFO:CONSOLE:119] "console.groupEnd", source: https://fe-static.xhscdn.com/formula-static/ugc/public/resource/js/8103.ec1b381a.js (119)
[0620/124154.738:INFO:CONSOLE:119] "[apm] webmns_error", source: https://fe-static.xhscdn.com/formula-static/ugc/public/resource/js/8103.ec1b381a.js (119)
[0620/124154.738:INFO:CONSOLE:119] "console.groupEnd", source: https://fe-static.xhscdn.com/formula-static/ugc/public/resource/js/8103.ec1b381a.js (119)
[0620/124154.738:INFO:CONSOLE:119] "[apm] infraBrowserResourceTiming", source: https://fe-static.xhscdn.com/formula-static/ugc/public/resource/js/8103.ec1b381a.js (119)
[0620/124154.738:INFO:CONSOLE:119] "console.groupEnd", source: https://fe-static.xhscdn.com/formula-static/ugc/public/resource/js/8103.ec1b381a.js (119)
[0620/124154.738:INFO:CONSOLE:119] "[apm] infraBrowserResourceTiming", source: https://fe-static.xhscdn.com/formula-static/ugc/public/resource/js/8103.ec1b381a.js (119)
[0620/124154.738:INFO:CONSOLE:119] "console.groupEnd", source: https://fe-static.xhscdn.com/formula-static/ugc/public/resource/js/8103.ec1b381a.js (119)
[0620/124154.738:INFO:CONSOLE:119] "[apm] infraBrowserResourceTiming", source: https://fe-static.xhscdn.com/formula-static/ugc/public/resource/js/8103.ec1b381a.js (119)
[0620/124154.738:INFO:CONSOLE:119] "console.groupEnd", source: https://fe-static.xhscdn.com/formula-static/ugc/public/resource/js/8103.ec1b381a.js (119)
[0620/124154.767:INFO:CONSOLE:119] "[apm] infraBrowserResourceTiming", source: https://fe-static.xhscdn.com/formula-static/ugc/public/resource/js/8103.ec1b381a.js (119)
[0620/124154.767:INFO:CONSOLE:119] "console.groupEnd", source: https://fe-static.xhscdn.com/formula-static/ugc/public/resource/js/8103.ec1b381a.js (119)
[0620/124154.767:INFO:CONSOLE:119] "[apm] infraBrowserResourceTiming", source: https://fe-static.xhscdn.com/formula-static/ugc/public/resource/js/8103.ec1b381a.js (119)
[0620/124154.767:INFO:CONSOLE:119] "console.groupEnd", source: https://fe-static.xhscdn.com/formula-static/ugc/public/resource/js/8103.ec1b381a.js (119)
[0620/124154.767:INFO:CONSOLE:119] "[apm] infraBrowserResourceTiming", source: https://fe-static.xhscdn.com/formula-static/ugc/public/resource/js/8103.ec1b381a.js (119)
[0620/124154.767:INFO:CONSOLE:119] "console.groupEnd", source: https://fe-static.xhscdn.com/formula-static/ugc/public/resource/js/8103.ec1b381a.js (119)
[0620/124154.767:INFO:CONSOLE:119] "[apm] infraBrowserResourceTiming", source: https://fe-static.xhscdn.com/formula-static/ugc/public/resource/js/8103.ec1b381a.js (119)
[0620/124154.767:INFO:CONSOLE:119] "console.groupEnd", source: https://fe-static.xhscdn.com/formula-static/ugc/public/resource/js/8103.ec1b381a.js (119)
[0620/124154.767:INFO:CONSOLE:119] "[apm] infraBrowserResourceTiming", source: https://fe-static.xhscdn.com/formula-static/ugc/public/resource/js/8103.ec1b381a.js (119)
[0620/124154.767:INFO:CONSOLE:119] "console.groupEnd", source: https://fe-static.xhscdn.com/formula-static/ugc/public/resource/js/8103.ec1b381a.js (119)
[0620/124154.768:INFO:CONSOLE:119] "[apm] infraBrowserResourceTiming", source: https://fe-static.xhscdn.com/formula-static/ugc/public/resource/js/8103.ec1b381a.js (119)
[0620/124154.768:INFO:CONSOLE:119] "console.groupEnd", source: https://fe-static.xhscdn.com/formula-static/ugc/public/resource/js/8103.ec1b381a.js (119)
[0620/124154.768:INFO:CONSOLE:119] "[apm] infraBrowserResourceTiming", source: https://fe-static.xhscdn.com/formula-static/ugc/public/resource/js/8103.ec1b381a.js (119)
[0620/124154.768:INFO:CONSOLE:119] "console.groupEnd", source: https://fe-static.xhscdn.com/formula-static/ugc/public/resource/js/8103.ec1b381a.js (119)
[0620/124154.768:INFO:CONSOLE:119] "[apm] infraBrowserResourceTiming", source: https://fe-static.xhscdn.com/formula-static/ugc/public/resource/js/8103.ec1b381a.js (119)
[0620/124154.768:INFO:CONSOLE:119] "console.groupEnd", source: https://fe-static.xhscdn.com/formula-static/ugc/public/resource/js/8103.ec1b381a.js (119)
[0620/124154.768:INFO:CONSOLE:119] "[apm] infraBrowserResourceTiming", source: https://fe-static.xhscdn.com/formula-static/ugc/public/resource/js/8103.ec1b381a.js (119)
[0620/124154.768:INFO:CONSOLE:119] "console.groupEnd", source: https://fe-static.xhscdn.com/formula-static/ugc/public/resource/js/8103.ec1b381a.js (119)
[0620/124154.768:INFO:CONSOLE:119] "[apm] infraBrowserResourceTiming", source: https://fe-static.xhscdn.com/formula-static/ugc/public/resource/js/8103.ec1b381a.js (119)
[0620/124154.768:INFO:CONSOLE:119] "console.groupEnd", source: https://fe-static.xhscdn.com/formula-static/ugc/public/resource/js/8103.ec1b381a.js (119)
[0620/124154.769:INFO:CONSOLE:119] "[apm] infraBrowserResourceTiming", source: https://fe-static.xhscdn.com/formula-static/ugc/public/resource/js/8103.ec1b381a.js (119)
[0620/124154.769:INFO:CONSOLE:119] "console.groupEnd", source: https://fe-static.xhscdn.com/formula-static/ugc/public/resource/js/8103.ec1b381a.js (119)
[0620/124154.769:INFO:CONSOLE:119] "[apm] infraBrowserResourceTiming", source: https://fe-static.xhscdn.com/formula-static/ugc/public/resource/js/8103.ec1b381a.js (119)
[0620/124154.769:INFO:CONSOLE:119] "console.groupEnd", source: https://fe-static.xhscdn.com/formula-static/ugc/public/resource/js/8103.ec1b381a.js (119)
[0620/124154.769:INFO:CONSOLE:119] "[apm] infraBrowserResourceTiming", source: https://fe-static.xhscdn.com/formula-static/ugc/public/resource/js/8103.ec1b381a.js (119)
[0620/124154.769:INFO:CONSOLE:119] "console.groupEnd", source: https://fe-static.xhscdn.com/formula-static/ugc/public/resource/js/8103.ec1b381a.js (119)
[0620/124154.769:INFO:CONSOLE:119] "[apm] infraBrowserResourceTiming", source: https://fe-static.xhscdn.com/formula-static/ugc/public/resource/js/8103.ec1b381a.js (119)
[0620/124154.769:INFO:CONSOLE:119] "console.groupEnd", source: https://fe-static.xhscdn.com/formula-static/ugc/public/resource/js/8103.ec1b381a.js (119)
[0620/124154.769:INFO:CONSOLE:119] "[apm] infraBrowserResourceTiming", source: https://fe-static.xhscdn.com/formula-static/ugc/public/resource/js/8103.ec1b381a.js (119)
[0620/124154.769:INFO:CONSOLE:119] "console.groupEnd", source: https://fe-static.xhscdn.com/formula-static/ugc/public/resource/js/8103.ec1b381a.js (119)
[0620/124154.769:INFO:CONSOLE:119] "[apm] infraBrowserResourceTiming", source: https://fe-static.xhscdn.com/formula-static/ugc/public/resource/js/8103.ec1b381a.js (119)
[0620/124154.769:INFO:CONSOLE:119] "console.groupEnd", source: https://fe-static.xhscdn.com/formula-static/ugc/public/resource/js/8103.ec1b381a.js (119)
[0620/124154.769:INFO:CONSOLE:119] "[apm] infraBrowserResourceTiming", source: https://fe-static.xhscdn.com/formula-static/ugc/public/resource/js/8103.ec1b381a.js (119)
[0620/124154.769:INFO:CONSOLE:119] "console.groupEnd", source: https://fe-static.xhscdn.com/formula-static/ugc/public/resource/js/8103.ec1b381a.js (119)
[0620/124154.769:INFO:CONSOLE:119] "[apm] infraBrowserResourceTiming", source: https://fe-static.xhscdn.com/formula-static/ugc/public/resource/js/8103.ec1b381a.js (119)
[0620/124154.769:INFO:CONSOLE:119] "console.groupEnd", source: https://fe-static.xhscdn.com/formula-static/ugc/public/resource/js/8103.ec1b381a.js (119)
[0620/124154.769:INFO:CONSOLE:119] "[apm] infraBrowserResourceTiming", source: https://fe-static.xhscdn.com/formula-static/ugc/public/resource/js/8103.ec1b381a.js (119)
[0620/124154.769:INFO:CONSOLE:119] "console.groupEnd", source: https://fe-static.xhscdn.com/formula-static/ugc/public/resource/js/8103.ec1b381a.js (119)
[0620/124154.769:INFO:CONSOLE:119] "[apm] infraBrowserResourceTiming", source: https://fe-static.xhscdn.com/formula-static/ugc/public/resource/js/8103.ec1b381a.js (119)
[0620/124154.769:INFO:CONSOLE:119] "console.groupEnd", source: https://fe-static.xhscdn.com/formula-static/ugc/public/resource/js/8103.ec1b381a.js (119)
[0620/124154.834:INFO:CONSOLE:3] "Error", source:  (3)
[0620/124154.865:INFO:CONSOLE:119] "[apm] infraBrowserResourceTiming", source: https://fe-static.xhscdn.com/formula-static/ugc/public/resource/js/8103.ec1b381a.js (119)
[0620/124154.865:INFO:CONSOLE:119] "console.groupEnd", source: https://fe-static.xhscdn.com/formula-static/ugc/public/resource/js/8103.ec1b381a.js (119)
[0620/124154.865:INFO:CONSOLE:119] "[apm] httpRequestTiming", source: https://fe-static.xhscdn.com/formula-static/ugc/public/resource/js/8103.ec1b381a.js (119)
[0620/124154.865:INFO:CONSOLE:119] "console.groupEnd", source: https://fe-static.xhscdn.com/formula-static/ugc/public/resource/js/8103.ec1b381a.js (119)
[0620/124154.865:INFO:CONSOLE:119] "[apm] infra_sec_web_api_walify", source: https://fe-static.xhscdn.com/formula-static/ugc/public/resource/js/8103.ec1b381a.js (119)
[0620/124154.865:INFO:CONSOLE:119] "console.groupEnd", source: https://fe-static.xhscdn.com/formula-static/ugc/public/resource/js/8103.ec1b381a.js (119)
[0620/124154.865:INFO:CONSOLE:119] "[apm] httpRequestTiming", source: https://fe-static.xhscdn.com/formula-static/ugc/public/resource/js/8103.ec1b381a.js (119)
[0620/124154.865:INFO:CONSOLE:119] "console.groupEnd", source: https://fe-static.xhscdn.com/formula-static/ugc/public/resource/js/8103.ec1b381a.js (119)
[0620/124154.865:INFO:CONSOLE:119] "[apm] httpRequestTiming", source: https://fe-static.xhscdn.com/formula-static/ugc/public/resource/js/8103.ec1b381a.js (119)
[0620/124154.865:INFO:CONSOLE:119] "console.groupEnd", source: https://fe-static.xhscdn.com/formula-static/ugc/public/resource/js/8103.ec1b381a.js (119)
[0620/124155.074:INFO:CONSOLE:3] "Error", source:  (3)
[0620/124155.081:INFO:CONSOLE:3] "Error", source:  (3)
[0620/124155.106:INFO:CONSOLE:3] "Error", source:  (3)
[0620/124155.114:INFO:CONSOLE:3] "Error", source:  (3)
[0620/124155.130:INFO:CONSOLE:3] "Error", source:  (3)
[0620/124155.287:INFO:CONSOLE:119] "[apm] httpRequestTiming", source: https://fe-static.xhscdn.com/formula-static/ugc/public/resource/js/8103.ec1b381a.js (119)
[0620/124155.287:INFO:CONSOLE:119] "console.groupEnd", source: https://fe-static.xhscdn.com/formula-static/ugc/public/resource/js/8103.ec1b381a.js (119)
[0620/124155.287:INFO:CONSOLE:119] "[apm] httpRequestTiming", source: https://fe-static.xhscdn.com/formula-static/ugc/public/resource/js/8103.ec1b381a.js (119)
[0620/124155.287:INFO:CONSOLE:119] "console.groupEnd", source: https://fe-static.xhscdn.com/formula-static/ugc/public/resource/js/8103.ec1b381a.js (119)
[0620/124155.287:INFO:CONSOLE:119] "[apm] infra_sec_web_api_walify", source: https://fe-static.xhscdn.com/formula-static/ugc/public/resource/js/8103.ec1b381a.js (119)
[0620/124155.287:INFO:CONSOLE:119] "console.groupEnd", source: https://fe-static.xhscdn.com/formula-static/ugc/public/resource/js/8103.ec1b381a.js (119)
[0620/124155.287:INFO:CONSOLE:119] "[apm] infra_sec_web_api_walify", source: https://fe-static.xhscdn.com/formula-static/ugc/public/resource/js/8103.ec1b381a.js (119)
[0620/124155.287:INFO:CONSOLE:119] "console.groupEnd", source: https://fe-static.xhscdn.com/formula-static/ugc/public/resource/js/8103.ec1b381a.js (119)
[0620/124155.287:INFO:CONSOLE:119] "[apm] httpRequestTiming", source: https://fe-static.xhscdn.com/formula-static/ugc/public/resource/js/8103.ec1b381a.js (119)
[0620/124155.287:INFO:CONSOLE:119] "console.groupEnd", source: https://fe-static.xhscdn.com/formula-static/ugc/public/resource/js/8103.ec1b381a.js (119)
[0620/124155.504:INFO:CONSOLE:0] "Mixed Content: The page at 'https://creator.xiaohongshu.com/new/home' was loaded over HTTPS, but requested an insecure element 'http://ci.xiaohongshu.com/spectrum/1040g0k031hgh4s8g38005n251e51f4uojrj2d3o?imageView2/2/w/1080/format/jpg'. This request was automatically upgraded to HTTPS, For more information see https://blog.chromium.org/2019/10/no-more-mixed-messages-about-https.html", source: https://creator.xiaohongshu.com/new/home (0)
[0620/124155.504:INFO:CONSOLE:0] "Mixed Content: The page at 'https://creator.xiaohongshu.com/new/home' was loaded over HTTPS, but requested an insecure element 'http://ci.xiaohongshu.com/spectrum/1040g34o31hhr9ouvk22g5n251e51f4uoq88kbh8?imageView2/2/w/1080/format/jpg'. This request was automatically upgraded to HTTPS, For more information see https://blog.chromium.org/2019/10/no-more-mixed-messages-about-https.html", source: https://creator.xiaohongshu.com/new/home (0)
[0620/124155.504:INFO:CONSOLE:0] "Mixed Content: The page at 'https://creator.xiaohongshu.com/new/home' was loaded over HTTPS, but requested an insecure element 'http://ci.xiaohongshu.com/spectrum/1040g0k031hhfvke238005n251e51f4uont3lh30?imageView2/2/w/1080/format/jpg'. This request was automatically upgraded to HTTPS, For more information see https://blog.chromium.org/2019/10/no-more-mixed-messages-about-https.html", source: https://creator.xiaohongshu.com/new/home (0)
[0620/124155.504:INFO:CONSOLE:0] "Mixed Content: The page at 'https://creator.xiaohongshu.com/new/home' was loaded over HTTPS, but requested an insecure element 'http://ci.xiaohongshu.com/spectrum/1040g0k031e5io2s4h2005n251e51f4uov9jiue8?imageView2/2/w/1080/format/jpg'. This request was automatically upgraded to HTTPS, For more information see https://blog.chromium.org/2019/10/no-more-mixed-messages-about-https.html", source: https://creator.xiaohongshu.com/new/home (0)
[0620/124155.585:INFO:CONSOLE:119] "[apm] sns_web_publish_sw", source: https://fe-static.xhscdn.com/formula-static/ugc/public/resource/js/8103.ec1b381a.js (119)
[0620/124155.586:INFO:CONSOLE:119] "console.groupEnd", source: https://fe-static.xhscdn.com/formula-static/ugc/public/resource/js/8103.ec1b381a.js (119)
[0620/124155.586:INFO:CONSOLE:119] "[apm] httpRequestTiming", source: https://fe-static.xhscdn.com/formula-static/ugc/public/resource/js/8103.ec1b381a.js (119)
[0620/124155.586:INFO:CONSOLE:119] "console.groupEnd", source: https://fe-static.xhscdn.com/formula-static/ugc/public/resource/js/8103.ec1b381a.js (119)
[0620/124155.586:INFO:CONSOLE:119] "[apm] httpRequestTiming", source: https://fe-static.xhscdn.com/formula-static/ugc/public/resource/js/8103.ec1b381a.js (119)
[0620/124155.586:INFO:CONSOLE:119] "console.groupEnd", source: https://fe-static.xhscdn.com/formula-static/ugc/public/resource/js/8103.ec1b381a.js (119)
[0620/124155.586:INFO:CONSOLE:119] "[apm] httpRequestTiming", source: https://fe-static.xhscdn.com/formula-static/ugc/public/resource/js/8103.ec1b381a.js (119)
[0620/124155.586:INFO:CONSOLE:119] "console.groupEnd", source: https://fe-static.xhscdn.com/formula-static/ugc/public/resource/js/8103.ec1b381a.js (119)
[0620/124155.586:INFO:CONSOLE:119] "[apm] httpRequestTiming", source: https://fe-static.xhscdn.com/formula-static/ugc/public/resource/js/8103.ec1b381a.js (119)
[0620/124155.586:INFO:CONSOLE:119] "console.groupEnd", source: https://fe-static.xhscdn.com/formula-static/ugc/public/resource/js/8103.ec1b381a.js (119)
[0620/124155.611:INFO:CONSOLE:119] "[apm] httpRequestTiming", source: https://fe-static.xhscdn.com/formula-static/ugc/public/resource/js/8103.ec1b381a.js (119)
[0620/124155.611:INFO:CONSOLE:119] "console.groupEnd", source: https://fe-static.xhscdn.com/formula-static/ugc/public/resource/js/8103.ec1b381a.js (119)
[0620/124155.612:INFO:CONSOLE:119] "[apm] httpRequestTiming", source: https://fe-static.xhscdn.com/formula-static/ugc/public/resource/js/8103.ec1b381a.js (119)
[0620/124155.612:INFO:CONSOLE:119] "console.groupEnd", source: https://fe-static.xhscdn.com/formula-static/ugc/public/resource/js/8103.ec1b381a.js (119)
[0620/124155.612:INFO:CONSOLE:119] "[apm] httpRequestTiming", source: https://fe-static.xhscdn.com/formula-static/ugc/public/resource/js/8103.ec1b381a.js (119)
[0620/124155.612:INFO:CONSOLE:119] "console.groupEnd", source: https://fe-static.xhscdn.com/formula-static/ugc/public/resource/js/8103.ec1b381a.js (119)
[0620/124155.612:INFO:CONSOLE:119] "[apm] httpRequestTiming", source: https://fe-static.xhscdn.com/formula-static/ugc/public/resource/js/8103.ec1b381a.js (119)
[0620/124155.612:INFO:CONSOLE:119] "console.groupEnd", source: https://fe-static.xhscdn.com/formula-static/ugc/public/resource/js/8103.ec1b381a.js (119)
[0620/124155.612:INFO:CONSOLE:119] "[apm] httpRequestTiming", source: https://fe-static.xhscdn.com/formula-static/ugc/public/resource/js/8103.ec1b381a.js (119)
[0620/124155.612:INFO:CONSOLE:119] "console.groupEnd", source: https://fe-static.xhscdn.com/formula-static/ugc/public/resource/js/8103.ec1b381a.js (119)
[0620/124155.735:INFO:CONSOLE:1] "Fetch API cannot load chrome-extension://dhjaibcmgocbpegmejfphjhhpaphmkpp/is.js. URL scheme "chrome-extension" is not supported.", source: https://fe-static.xhscdn.com/formula-static/ugc/public/resource/js/async/9936.c458759f.js (1)
[0620/124155.735:INFO:CONSOLE:1] "Fetch API cannot load chrome-extension://beeaddblkeeialcohiolkkoiifhgjooj/manifest.json. URL scheme "chrome-extension" is not supported.", source: https://fe-static.xhscdn.com/formula-static/ugc/public/resource/js/async/9936.c458759f.js (1)
[0620/124155.735:INFO:CONSOLE:1] "Fetch API cannot load chrome-extension://ddgooekaaihgnbfbgalfiooiicdnmnia/js/js-index.ts.js. URL scheme "chrome-extension" is not supported.", source: https://fe-static.xhscdn.com/formula-static/ugc/public/resource/js/async/9936.c458759f.js (1)
[0620/124155.735:INFO:CONSOLE:1] "Fetch API cannot load chrome-extension://keeelahekhhgkpaipdodgjnmgkfcdpde/inject.6070000c.js. URL scheme "chrome-extension" is not supported.", source: https://fe-static.xhscdn.com/formula-static/ugc/public/resource/js/async/9936.c458759f.js (1)
[0620/124155.736:INFO:CONSOLE:1] "Fetch API cannot load chrome-extension://dbichmdlbjdeplpkhcejgkakobjbjalc/content-scripts/xiaohongshu.css. URL scheme "chrome-extension" is not supported.", source: https://fe-static.xhscdn.com/formula-static/ugc/public/resource/js/async/9936.c458759f.js (1)
[0620/124155.736:INFO:CONSOLE:1] "Fetch API cannot load chrome-extension://piejlhcmefdepbgalcongckfomfobokb/worker.js. URL scheme "chrome-extension" is not supported.", source: https://fe-static.xhscdn.com/formula-static/ugc/public/resource/js/async/9936.c458759f.js (1)
[0620/124155.736:INFO:CONSOLE:1] "Fetch API cannot load chrome-extension://lenndnnbdichpjlfmfadcjpaenmiflan/inject.bundle.js. URL scheme "chrome-extension" is not supported.", source: https://fe-static.xhscdn.com/formula-static/ugc/public/resource/js/async/9936.c458759f.js (1)
[0620/124155.736:INFO:CONSOLE:1] "Fetch API cannot load chrome-extension://hmeohemhimcjlegdjloglnkfablbneif/inject.bundle.js. URL scheme "chrome-extension" is not supported.", source: https://fe-static.xhscdn.com/formula-static/ugc/public/resource/js/async/9936.c458759f.js (1)
[0620/124155.768:INFO:CONSOLE:0] "Mixed Content: The page at 'https://creator.xiaohongshu.com/new/home' was loaded over HTTPS, but requested an insecure element 'http://ci.xiaohongshu.com/0219df73-68d0-3502-a77c-72b1fd4cfcfb?imageView2/2/w/270/format/jpg'. This request was automatically upgraded to HTTPS, For more information see https://blog.chromium.org/2019/10/no-more-mixed-messages-about-https.html", source: https://creator.xiaohongshu.com/new/home (0)
[0620/124155.768:INFO:CONSOLE:0] "Mixed Content: The page at 'https://creator.xiaohongshu.com/new/home' was loaded over HTTPS, but requested an insecure element 'http://ci.xiaohongshu.com/fdbba771-8c11-318d-bd7e-65084dfa6236?imageView2/2/w/270/format/jpg'. This request was automatically upgraded to HTTPS, For more information see https://blog.chromium.org/2019/10/no-more-mixed-messages-about-https.html", source: https://creator.xiaohongshu.com/new/home (0)
[0620/124155.768:INFO:CONSOLE:0] "Mixed Content: The page at 'https://creator.xiaohongshu.com/new/home' was loaded over HTTPS, but requested an insecure element 'http://ci.xiaohongshu.com/f84f0e81-44d3-3284-bd8c-df0cd50db549?imageView2/2/w/270/format/jpg'. This request was automatically upgraded to HTTPS, For more information see https://blog.chromium.org/2019/10/no-more-mixed-messages-about-https.html", source: https://creator.xiaohongshu.com/new/home (0)
[0620/124155.768:INFO:CONSOLE:0] "Mixed Content: The page at 'https://creator.xiaohongshu.com/new/home' was loaded over HTTPS, but requested an insecure element 'http://ci.xiaohongshu.com/32cacced-3b28-321d-9ed6-7745e001e985?imageView2/2/w/270/format/jpg'. This request was automatically upgraded to HTTPS, For more information see https://blog.chromium.org/2019/10/no-more-mixed-messages-about-https.html", source: https://creator.xiaohongshu.com/new/home (0)
[0620/124155.768:INFO:CONSOLE:0] "Mixed Content: The page at 'https://creator.xiaohongshu.com/new/home' was loaded over HTTPS, but requested an insecure element 'http://ci.xiaohongshu.com/cbc2f859-bb10-3d3f-a141-5dd92056725d?imageView2/2/w/270/format/jpg'. This request was automatically upgraded to HTTPS, For more information see https://blog.chromium.org/2019/10/no-more-mixed-messages-about-https.html", source: https://creator.xiaohongshu.com/new/home (0)
[0620/124155.768:INFO:CONSOLE:0] "Mixed Content: The page at 'https://creator.xiaohongshu.com/new/home' was loaded over HTTPS, but requested an insecure element 'http://ci.xiaohongshu.com/d7762267-69c7-3bc0-a89a-3c7127f0f738?imageView2/2/w/270/format/jpg'. This request was automatically upgraded to HTTPS, For more information see https://blog.chromium.org/2019/10/no-more-mixed-messages-about-https.html", source: https://creator.xiaohongshu.com/new/home (0)
[0620/124155.768:INFO:CONSOLE:0] "Mixed Content: The page at 'https://creator.xiaohongshu.com/new/home' was loaded over HTTPS, but requested an insecure element 'http://ci.xiaohongshu.com/6ddf4fe1-2908-3b71-8ca7-fee885c4eab9?imageView2/2/w/270/format/jpg'. This request was automatically upgraded to HTTPS, For more information see https://blog.chromium.org/2019/10/no-more-mixed-messages-about-https.html", source: https://creator.xiaohongshu.com/new/home (0)
[0620/124155.768:INFO:CONSOLE:0] "Mixed Content: The page at 'https://creator.xiaohongshu.com/new/home' was loaded over HTTPS, but requested an insecure element 'http://ci.xiaohongshu.com/dfa37da0-ca01-31a7-9bb7-2e30e21c724a?imageView2/2/w/270/format/jpg'. This request was automatically upgraded to HTTPS, For more information see https://blog.chromium.org/2019/10/no-more-mixed-messages-about-https.html", source: https://creator.xiaohongshu.com/new/home (0)
[0620/124155.769:INFO:CONSOLE:0] "Mixed Content: The page at 'https://creator.xiaohongshu.com/new/home' was loaded over HTTPS, but requested an insecure element 'http://ci.xiaohongshu.com/dcef525b-8e58-38d5-ab60-0e6cb5a185f7?imageView2/2/w/270/format/jpg'. This request was automatically upgraded to HTTPS, For more information see https://blog.chromium.org/2019/10/no-more-mixed-messages-about-https.html", source: https://creator.xiaohongshu.com/new/home (0)
[0620/124155.769:INFO:CONSOLE:0] "Mixed Content: The page at 'https://creator.xiaohongshu.com/new/home' was loaded over HTTPS, but requested an insecure element 'http://ci.xiaohongshu.com/2d9fa2fa-3d30-3ce8-b8f1-54b97d788720?imageView2/2/w/270/format/jpg'. This request was automatically upgraded to HTTPS, For more information see https://blog.chromium.org/2019/10/no-more-mixed-messages-about-https.html", source: https://creator.xiaohongshu.com/new/home (0)
[0620/124155.769:INFO:CONSOLE:0] "Mixed Content: The page at 'https://creator.xiaohongshu.com/new/home' was loaded over HTTPS, but requested an insecure element 'http://ci.xiaohongshu.com/347a3290-049d-3a1f-bd88-33fd260672a1?imageView2/2/w/270/format/jpg'. This request was automatically upgraded to HTTPS, For more information see https://blog.chromium.org/2019/10/no-more-mixed-messages-about-https.html", source: https://creator.xiaohongshu.com/new/home (0)
[0620/124155.769:INFO:CONSOLE:0] "Mixed Content: The page at 'https://creator.xiaohongshu.com/new/home' was loaded over HTTPS, but requested an insecure element 'http://ci.xiaohongshu.com/2404ddb6-deb7-33ba-9d03-d2c434a02e46?imageView2/2/w/270/format/jpg'. This request was automatically upgraded to HTTPS, For more information see https://blog.chromium.org/2019/10/no-more-mixed-messages-about-https.html", source: https://creator.xiaohongshu.com/new/home (0)
[0620/124155.769:INFO:CONSOLE:0] "Mixed Content: The page at 'https://creator.xiaohongshu.com/new/home' was loaded over HTTPS, but requested an insecure element 'http://ci.xiaohongshu.com/77c0d478-c016-39c9-954d-1cdaac23e79c?imageView2/2/w/270/format/jpg'. This request was automatically upgraded to HTTPS, For more information see https://blog.chromium.org/2019/10/no-more-mixed-messages-about-https.html", source: https://creator.xiaohongshu.com/new/home (0)
[0620/124155.769:INFO:CONSOLE:0] "Mixed Content: The page at 'https://creator.xiaohongshu.com/new/home' was loaded over HTTPS, but requested an insecure element 'http://ci.xiaohongshu.com/cb9a7294-3b4c-3da3-8121-ed0637cad6b4?imageView2/2/w/270/format/jpg'. This request was automatically upgraded to HTTPS, For more information see https://blog.chromium.org/2019/10/no-more-mixed-messages-about-https.html", source: https://creator.xiaohongshu.com/new/home (0)
[0620/124155.770:INFO:CONSOLE:0] "Mixed Content: The page at 'https://creator.xiaohongshu.com/new/home' was loaded over HTTPS, but requested an insecure element 'http://ci.xiaohongshu.com/010272016jzd5soyf9t0103dw2t2hyvlhx?imageView2/2/w/270/format/jpg'. This request was automatically upgraded to HTTPS, For more information see https://blog.chromium.org/2019/10/no-more-mixed-messages-about-https.html", source: https://creator.xiaohongshu.com/new/home (0)
[0620/124155.770:INFO:CONSOLE:0] "Mixed Content: The page at 'https://creator.xiaohongshu.com/new/home' was loaded over HTTPS, but requested an insecure element 'http://ci.xiaohongshu.com/0219df73-68d0-3502-a77c-72b1fd4cfcfb?imageView2/2/w/270/format/jpg'. This request was automatically upgraded to HTTPS, For more information see https://blog.chromium.org/2019/10/no-more-mixed-messages-about-https.html", source: https://creator.xiaohongshu.com/new/home (0)
[0620/124155.770:INFO:CONSOLE:0] "Mixed Content: The page at 'https://creator.xiaohongshu.com/new/home' was loaded over HTTPS, but requested an insecure element 'http://ci.xiaohongshu.com/fdbba771-8c11-318d-bd7e-65084dfa6236?imageView2/2/w/270/format/jpg'. This request was automatically upgraded to HTTPS, For more information see https://blog.chromium.org/2019/10/no-more-mixed-messages-about-https.html", source: https://creator.xiaohongshu.com/new/home (0)
[0620/124155.770:INFO:CONSOLE:0] "Mixed Content: The page at 'https://creator.xiaohongshu.com/new/home' was loaded over HTTPS, but requested an insecure element 'http://ci.xiaohongshu.com/f84f0e81-44d3-3284-bd8c-df0cd50db549?imageView2/2/w/270/format/jpg'. This request was automatically upgraded to HTTPS, For more information see https://blog.chromium.org/2019/10/no-more-mixed-messages-about-https.html", source: https://creator.xiaohongshu.com/new/home (0)
[0620/124155.770:INFO:CONSOLE:0] "Mixed Content: The page at 'https://creator.xiaohongshu.com/new/home' was loaded over HTTPS, but requested an insecure element 'http://ci.xiaohongshu.com/32cacced-3b28-321d-9ed6-7745e001e985?imageView2/2/w/270/format/jpg'. This request was automatically upgraded to HTTPS, For more information see https://blog.chromium.org/2019/10/no-more-mixed-messages-about-https.html", source: https://creator.xiaohongshu.com/new/home (0)
[0620/124155.770:INFO:CONSOLE:0] "Mixed Content: The page at 'https://creator.xiaohongshu.com/new/home' was loaded over HTTPS, but requested an insecure element 'http://ci.xiaohongshu.com/cbc2f859-bb10-3d3f-a141-5dd92056725d?imageView2/2/w/270/format/jpg'. This request was automatically upgraded to HTTPS, For more information see https://blog.chromium.org/2019/10/no-more-mixed-messages-about-https.html", source: https://creator.xiaohongshu.com/new/home (0)
[0620/124155.770:INFO:CONSOLE:0] "Mixed Content: The page at 'https://creator.xiaohongshu.com/new/home' was loaded over HTTPS, but requested an insecure element 'http://ci.xiaohongshu.com/d7762267-69c7-3bc0-a89a-3c7127f0f738?imageView2/2/w/270/format/jpg'. This request was automatically upgraded to HTTPS, For more information see https://blog.chromium.org/2019/10/no-more-mixed-messages-about-https.html", source: https://creator.xiaohongshu.com/new/home (0)
[0620/124155.770:INFO:CONSOLE:0] "Mixed Content: The page at 'https://creator.xiaohongshu.com/new/home' was loaded over HTTPS, but requested an insecure element 'http://ci.xiaohongshu.com/6ddf4fe1-2908-3b71-8ca7-fee885c4eab9?imageView2/2/w/270/format/jpg'. This request was automatically upgraded to HTTPS, For more information see https://blog.chromium.org/2019/10/no-more-mixed-messages-about-https.html", source: https://creator.xiaohongshu.com/new/home (0)
[0620/124155.771:INFO:CONSOLE:0] "Mixed Content: The page at 'https://creator.xiaohongshu.com/new/home' was loaded over HTTPS, but requested an insecure element 'http://ci.xiaohongshu.com/dfa37da0-ca01-31a7-9bb7-2e30e21c724a?imageView2/2/w/270/format/jpg'. This request was automatically upgraded to HTTPS, For more information see https://blog.chromium.org/2019/10/no-more-mixed-messages-about-https.html", source: https://creator.xiaohongshu.com/new/home (0)
[0620/124155.771:INFO:CONSOLE:0] "Mixed Content: The page at 'https://creator.xiaohongshu.com/new/home' was loaded over HTTPS, but requested an insecure element 'http://ci.xiaohongshu.com/dcef525b-8e58-38d5-ab60-0e6cb5a185f7?imageView2/2/w/270/format/jpg'. This request was automatically upgraded to HTTPS, For more information see https://blog.chromium.org/2019/10/no-more-mixed-messages-about-https.html", source: https://creator.xiaohongshu.com/new/home (0)
[0620/124155.771:INFO:CONSOLE:0] "Mixed Content: The page at 'https://creator.xiaohongshu.com/new/home' was loaded over HTTPS, but requested an insecure element 'http://ci.xiaohongshu.com/2d9fa2fa-3d30-3ce8-b8f1-54b97d788720?imageView2/2/w/270/format/jpg'. This request was automatically upgraded to HTTPS, For more information see https://blog.chromium.org/2019/10/no-more-mixed-messages-about-https.html", source: https://creator.xiaohongshu.com/new/home (0)
[0620/124155.771:INFO:CONSOLE:0] "Mixed Content: The page at 'https://creator.xiaohongshu.com/new/home' was loaded over HTTPS, but requested an insecure element 'http://ci.xiaohongshu.com/347a3290-049d-3a1f-bd88-33fd260672a1?imageView2/2/w/270/format/jpg'. This request was automatically upgraded to HTTPS, For more information see https://blog.chromium.org/2019/10/no-more-mixed-messages-about-https.html", source: https://creator.xiaohongshu.com/new/home (0)
[0620/124155.771:INFO:CONSOLE:0] "Mixed Content: The page at 'https://creator.xiaohongshu.com/new/home' was loaded over HTTPS, but requested an insecure element 'http://ci.xiaohongshu.com/2404ddb6-deb7-33ba-9d03-d2c434a02e46?imageView2/2/w/270/format/jpg'. This request was automatically upgraded to HTTPS, For more information see https://blog.chromium.org/2019/10/no-more-mixed-messages-about-https.html", source: https://creator.xiaohongshu.com/new/home (0)
[0620/124155.771:INFO:CONSOLE:0] "Mixed Content: The page at 'https://creator.xiaohongshu.com/new/home' was loaded over HTTPS, but requested an insecure element 'http://ci.xiaohongshu.com/77c0d478-c016-39c9-954d-1cdaac23e79c?imageView2/2/w/270/format/jpg'. This request was automatically upgraded to HTTPS, For more information see https://blog.chromium.org/2019/10/no-more-mixed-messages-about-https.html", source: https://creator.xiaohongshu.com/new/home (0)
[0620/124155.771:INFO:CONSOLE:0] "Mixed Content: The page at 'https://creator.xiaohongshu.com/new/home' was loaded over HTTPS, but requested an insecure element 'http://ci.xiaohongshu.com/cb9a7294-3b4c-3da3-8121-ed0637cad6b4?imageView2/2/w/270/format/jpg'. This request was automatically upgraded to HTTPS, For more information see https://blog.chromium.org/2019/10/no-more-mixed-messages-about-https.html", source: https://creator.xiaohongshu.com/new/home (0)
[0620/124155.771:INFO:CONSOLE:0] "Mixed Content: The page at 'https://creator.xiaohongshu.com/new/home' was loaded over HTTPS, but requested an insecure element 'http://ci.xiaohongshu.com/010272016jzd5soyf9t0103dw2t2hyvlhx?imageView2/2/w/270/format/jpg'. This request was automatically upgraded to HTTPS, For more information see https://blog.chromium.org/2019/10/no-more-mixed-messages-about-https.html", source: https://creator.xiaohongshu.com/new/home (0)
[0620/124155.771:INFO:CONSOLE:0] "Mixed Content: The page at 'https://creator.xiaohongshu.com/new/home' was loaded over HTTPS, but requested an insecure element 'http://ci.xiaohongshu.com/0219df73-68d0-3502-a77c-72b1fd4cfcfb?imageView2/2/w/270/format/jpg'. This request was automatically upgraded to HTTPS, For more information see https://blog.chromium.org/2019/10/no-more-mixed-messages-about-https.html", source: https://creator.xiaohongshu.com/new/home (0)
[0620/124155.771:INFO:CONSOLE:0] "Mixed Content: The page at 'https://creator.xiaohongshu.com/new/home' was loaded over HTTPS, but requested an insecure element 'http://ci.xiaohongshu.com/fdbba771-8c11-318d-bd7e-65084dfa6236?imageView2/2/w/270/format/jpg'. This request was automatically upgraded to HTTPS, For more information see https://blog.chromium.org/2019/10/no-more-mixed-messages-about-https.html", source: https://creator.xiaohongshu.com/new/home (0)
[0620/124155.771:INFO:CONSOLE:0] "Mixed Content: The page at 'https://creator.xiaohongshu.com/new/home' was loaded over HTTPS, but requested an insecure element 'http://ci.xiaohongshu.com/f84f0e81-44d3-3284-bd8c-df0cd50db549?imageView2/2/w/270/format/jpg'. This request was automatically upgraded to HTTPS, For more information see https://blog.chromium.org/2019/10/no-more-mixed-messages-about-https.html", source: https://creator.xiaohongshu.com/new/home (0)
[0620/124155.771:INFO:CONSOLE:0] "Mixed Content: The page at 'https://creator.xiaohongshu.com/new/home' was loaded over HTTPS, but requested an insecure element 'http://ci.xiaohongshu.com/32cacced-3b28-321d-9ed6-7745e001e985?imageView2/2/w/270/format/jpg'. This request was automatically upgraded to HTTPS, For more information see https://blog.chromium.org/2019/10/no-more-mixed-messages-about-https.html", source: https://creator.xiaohongshu.com/new/home (0)
[0620/124155.771:INFO:CONSOLE:0] "Mixed Content: The page at 'https://creator.xiaohongshu.com/new/home' was loaded over HTTPS, but requested an insecure element 'http://ci.xiaohongshu.com/cbc2f859-bb10-3d3f-a141-5dd92056725d?imageView2/2/w/270/format/jpg'. This request was automatically upgraded to HTTPS, For more information see https://blog.chromium.org/2019/10/no-more-mixed-messages-about-https.html", source: https://creator.xiaohongshu.com/new/home (0)
[0620/124155.771:INFO:CONSOLE:0] "Mixed Content: The page at 'https://creator.xiaohongshu.com/new/home' was loaded over HTTPS, but requested an insecure element 'http://ci.xiaohongshu.com/d7762267-69c7-3bc0-a89a-3c7127f0f738?imageView2/2/w/270/format/jpg'. This request was automatically upgraded to HTTPS, For more information see https://blog.chromium.org/2019/10/no-more-mixed-messages-about-https.html", source: https://creator.xiaohongshu.com/new/home (0)
[0620/124155.771:INFO:CONSOLE:0] "Mixed Content: The page at 'https://creator.xiaohongshu.com/new/home' was loaded over HTTPS, but requested an insecure element 'http://ci.xiaohongshu.com/6ddf4fe1-2908-3b71-8ca7-fee885c4eab9?imageView2/2/w/270/format/jpg'. This request was automatically upgraded to HTTPS, For more information see https://blog.chromium.org/2019/10/no-more-mixed-messages-about-https.html", source: https://creator.xiaohongshu.com/new/home (0)
[0620/124155.771:INFO:CONSOLE:0] "Mixed Content: The page at 'https://creator.xiaohongshu.com/new/home' was loaded over HTTPS, but requested an insecure element 'http://ci.xiaohongshu.com/dfa37da0-ca01-31a7-9bb7-2e30e21c724a?imageView2/2/w/270/format/jpg'. This request was automatically upgraded to HTTPS, For more information see https://blog.chromium.org/2019/10/no-more-mixed-messages-about-https.html", source: https://creator.xiaohongshu.com/new/home (0)
[0620/124155.771:INFO:CONSOLE:0] "Mixed Content: The page at 'https://creator.xiaohongshu.com/new/home' was loaded over HTTPS, but requested an insecure element 'http://ci.xiaohongshu.com/dcef525b-8e58-38d5-ab60-0e6cb5a185f7?imageView2/2/w/270/format/jpg'. This request was automatically upgraded to HTTPS, For more information see https://blog.chromium.org/2019/10/no-more-mixed-messages-about-https.html", source: https://creator.xiaohongshu.com/new/home (0)
[0620/124155.771:INFO:CONSOLE:0] "Mixed Content: The page at 'https://creator.xiaohongshu.com/new/home' was loaded over HTTPS, but requested an insecure element 'http://ci.xiaohongshu.com/2d9fa2fa-3d30-3ce8-b8f1-54b97d788720?imageView2/2/w/270/format/jpg'. This request was automatically upgraded to HTTPS, For more information see https://blog.chromium.org/2019/10/no-more-mixed-messages-about-https.html", source: https://creator.xiaohongshu.com/new/home (0)
[0620/124155.771:INFO:CONSOLE:0] "Mixed Content: The page at 'https://creator.xiaohongshu.com/new/home' was loaded over HTTPS, but requested an insecure element 'http://ci.xiaohongshu.com/347a3290-049d-3a1f-bd88-33fd260672a1?imageView2/2/w/270/format/jpg'. This request was automatically upgraded to HTTPS, For more information see https://blog.chromium.org/2019/10/no-more-mixed-messages-about-https.html", source: https://creator.xiaohongshu.com/new/home (0)
[0620/124155.771:INFO:CONSOLE:0] "Mixed Content: The page at 'https://creator.xiaohongshu.com/new/home' was loaded over HTTPS, but requested an insecure element 'http://ci.xiaohongshu.com/2404ddb6-deb7-33ba-9d03-d2c434a02e46?imageView2/2/w/270/format/jpg'. This request was automatically upgraded to HTTPS, For more information see https://blog.chromium.org/2019/10/no-more-mixed-messages-about-https.html", source: https://creator.xiaohongshu.com/new/home (0)
[0620/124155.771:INFO:CONSOLE:0] "Mixed Content: The page at 'https://creator.xiaohongshu.com/new/home' was loaded over HTTPS, but requested an insecure element 'http://ci.xiaohongshu.com/77c0d478-c016-39c9-954d-1cdaac23e79c?imageView2/2/w/270/format/jpg'. This request was automatically upgraded to HTTPS, For more information see https://blog.chromium.org/2019/10/no-more-mixed-messages-about-https.html", source: https://creator.xiaohongshu.com/new/home (0)
[0620/124155.771:INFO:CONSOLE:0] "Mixed Content: The page at 'https://creator.xiaohongshu.com/new/home' was loaded over HTTPS, but requested an insecure element 'http://ci.xiaohongshu.com/cb9a7294-3b4c-3da3-8121-ed0637cad6b4?imageView2/2/w/270/format/jpg'. This request was automatically upgraded to HTTPS, For more information see https://blog.chromium.org/2019/10/no-more-mixed-messages-about-https.html", source: https://creator.xiaohongshu.com/new/home (0)
[0620/124155.771:INFO:CONSOLE:0] "Mixed Content: The page at 'https://creator.xiaohongshu.com/new/home' was loaded over HTTPS, but requested an insecure element 'http://ci.xiaohongshu.com/010272016jzd5soyf9t0103dw2t2hyvlhx?imageView2/2/w/270/format/jpg'. This request was automatically upgraded to HTTPS, For more information see https://blog.chromium.org/2019/10/no-more-mixed-messages-about-https.html", source: https://creator.xiaohongshu.com/new/home (0)
[0620/124155.771:INFO:CONSOLE:0] "Mixed Content: The page at 'https://creator.xiaohongshu.com/new/home' was loaded over HTTPS, but requested an insecure element 'http://ci.xiaohongshu.com/0219df73-68d0-3502-a77c-72b1fd4cfcfb?imageView2/2/w/270/format/jpg'. This request was automatically upgraded to HTTPS, For more information see https://blog.chromium.org/2019/10/no-more-mixed-messages-about-https.html", source: https://creator.xiaohongshu.com/new/home (0)
[0620/124155.771:INFO:CONSOLE:0] "Mixed Content: The page at 'https://creator.xiaohongshu.com/new/home' was loaded over HTTPS, but requested an insecure element 'http://ci.xiaohongshu.com/fdbba771-8c11-318d-bd7e-65084dfa6236?imageView2/2/w/270/format/jpg'. This request was automatically upgraded to HTTPS, For more information see https://blog.chromium.org/2019/10/no-more-mixed-messages-about-https.html", source: https://creator.xiaohongshu.com/new/home (0)
[0620/124155.771:INFO:CONSOLE:0] "Mixed Content: The page at 'https://creator.xiaohongshu.com/new/home' was loaded over HTTPS, but requested an insecure element 'http://ci.xiaohongshu.com/f84f0e81-44d3-3284-bd8c-df0cd50db549?imageView2/2/w/270/format/jpg'. This request was automatically upgraded to HTTPS, For more information see https://blog.chromium.org/2019/10/no-more-mixed-messages-about-https.html", source: https://creator.xiaohongshu.com/new/home (0)
[0620/124155.771:INFO:CONSOLE:0] "Mixed Content: The page at 'https://creator.xiaohongshu.com/new/home' was loaded over HTTPS, but requested an insecure element 'http://ci.xiaohongshu.com/32cacced-3b28-321d-9ed6-7745e001e985?imageView2/2/w/270/format/jpg'. This request was automatically upgraded to HTTPS, For more information see https://blog.chromium.org/2019/10/no-more-mixed-messages-about-https.html", source: https://creator.xiaohongshu.com/new/home (0)
[0620/124155.771:INFO:CONSOLE:0] "Mixed Content: The page at 'https://creator.xiaohongshu.com/new/home' was loaded over HTTPS, but requested an insecure element 'http://ci.xiaohongshu.com/cbc2f859-bb10-3d3f-a141-5dd92056725d?imageView2/2/w/270/format/jpg'. This request was automatically upgraded to HTTPS, For more information see https://blog.chromium.org/2019/10/no-more-mixed-messages-about-https.html", source: https://creator.xiaohongshu.com/new/home (0)
[0620/124155.771:INFO:CONSOLE:0] "Mixed Content: The page at 'https://creator.xiaohongshu.com/new/home' was loaded over HTTPS, but requested an insecure element 'http://ci.xiaohongshu.com/d7762267-69c7-3bc0-a89a-3c7127f0f738?imageView2/2/w/270/format/jpg'. This request was automatically upgraded to HTTPS, For more information see https://blog.chromium.org/2019/10/no-more-mixed-messages-about-https.html", source: https://creator.xiaohongshu.com/new/home (0)
[0620/124155.771:INFO:CONSOLE:0] "Mixed Content: The page at 'https://creator.xiaohongshu.com/new/home' was loaded over HTTPS, but requested an insecure element 'http://ci.xiaohongshu.com/6ddf4fe1-2908-3b71-8ca7-fee885c4eab9?imageView2/2/w/270/format/jpg'. This request was automatically upgraded to HTTPS, For more information see https://blog.chromium.org/2019/10/no-more-mixed-messages-about-https.html", source: https://creator.xiaohongshu.com/new/home (0)
[0620/124155.771:INFO:CONSOLE:0] "Mixed Content: The page at 'https://creator.xiaohongshu.com/new/home' was loaded over HTTPS, but requested an insecure element 'http://ci.xiaohongshu.com/dfa37da0-ca01-31a7-9bb7-2e30e21c724a?imageView2/2/w/270/format/jpg'. This request was automatically upgraded to HTTPS, For more information see https://blog.chromium.org/2019/10/no-more-mixed-messages-about-https.html", source: https://creator.xiaohongshu.com/new/home (0)
[0620/124155.771:INFO:CONSOLE:0] "Mixed Content: The page at 'https://creator.xiaohongshu.com/new/home' was loaded over HTTPS, but requested an insecure element 'http://ci.xiaohongshu.com/dcef525b-8e58-38d5-ab60-0e6cb5a185f7?imageView2/2/w/270/format/jpg'. This request was automatically upgraded to HTTPS, For more information see https://blog.chromium.org/2019/10/no-more-mixed-messages-about-https.html", source: https://creator.xiaohongshu.com/new/home (0)
[0620/124155.771:INFO:CONSOLE:0] "Mixed Content: The page at 'https://creator.xiaohongshu.com/new/home' was loaded over HTTPS, but requested an insecure element 'http://ci.xiaohongshu.com/2d9fa2fa-3d30-3ce8-b8f1-54b97d788720?imageView2/2/w/270/format/jpg'. This request was automatically upgraded to HTTPS, For more information see https://blog.chromium.org/2019/10/no-more-mixed-messages-about-https.html", source: https://creator.xiaohongshu.com/new/home (0)
[0620/124155.771:INFO:CONSOLE:0] "Mixed Content: The page at 'https://creator.xiaohongshu.com/new/home' was loaded over HTTPS, but requested an insecure element 'http://ci.xiaohongshu.com/347a3290-049d-3a1f-bd88-33fd260672a1?imageView2/2/w/270/format/jpg'. This request was automatically upgraded to HTTPS, For more information see https://blog.chromium.org/2019/10/no-more-mixed-messages-about-https.html", source: https://creator.xiaohongshu.com/new/home (0)
[0620/124155.771:INFO:CONSOLE:0] "Mixed Content: The page at 'https://creator.xiaohongshu.com/new/home' was loaded over HTTPS, but requested an insecure element 'http://ci.xiaohongshu.com/2404ddb6-deb7-33ba-9d03-d2c434a02e46?imageView2/2/w/270/format/jpg'. This request was automatically upgraded to HTTPS, For more information see https://blog.chromium.org/2019/10/no-more-mixed-messages-about-https.html", source: https://creator.xiaohongshu.com/new/home (0)
[0620/124155.771:INFO:CONSOLE:0] "Mixed Content: The page at 'https://creator.xiaohongshu.com/new/home' was loaded over HTTPS, but requested an insecure element 'http://ci.xiaohongshu.com/77c0d478-c016-39c9-954d-1cdaac23e79c?imageView2/2/w/270/format/jpg'. This request was automatically upgraded to HTTPS, For more information see https://blog.chromium.org/2019/10/no-more-mixed-messages-about-https.html", source: https://creator.xiaohongshu.com/new/home (0)
[0620/124155.771:INFO:CONSOLE:0] "Mixed Content: The page at 'https://creator.xiaohongshu.com/new/home' was loaded over HTTPS, but requested an insecure element 'http://ci.xiaohongshu.com/cb9a7294-3b4c-3da3-8121-ed0637cad6b4?imageView2/2/w/270/format/jpg'. This request was automatically upgraded to HTTPS, For more information see https://blog.chromium.org/2019/10/no-more-mixed-messages-about-https.html", source: https://creator.xiaohongshu.com/new/home (0)
[0620/124155.771:INFO:CONSOLE:0] "Mixed Content: The page at 'https://creator.xiaohongshu.com/new/home' was loaded over HTTPS, but requested an insecure element 'http://ci.xiaohongshu.com/010272016jzd5soyf9t0103dw2t2hyvlhx?imageView2/2/w/270/format/jpg'. This request was automatically upgraded to HTTPS, For more information see https://blog.chromium.org/2019/10/no-more-mixed-messages-about-https.html", source: https://creator.xiaohongshu.com/new/home (0)
[0620/124155.771:INFO:CONSOLE:0] "Mixed Content: The page at 'https://creator.xiaohongshu.com/new/home' was loaded over HTTPS, but requested an insecure element 'http://ci.xiaohongshu.com/0219df73-68d0-3502-a77c-72b1fd4cfcfb?imageView2/2/w/270/format/jpg'. This request was automatically upgraded to HTTPS, For more information see https://blog.chromium.org/2019/10/no-more-mixed-messages-about-https.html", source: https://creator.xiaohongshu.com/new/home (0)
[0620/124155.771:INFO:CONSOLE:0] "Mixed Content: The page at 'https://creator.xiaohongshu.com/new/home' was loaded over HTTPS, but requested an insecure element 'http://ci.xiaohongshu.com/fdbba771-8c11-318d-bd7e-65084dfa6236?imageView2/2/w/270/format/jpg'. This request was automatically upgraded to HTTPS, For more information see https://blog.chromium.org/2019/10/no-more-mixed-messages-about-https.html", source: https://creator.xiaohongshu.com/new/home (0)
[0620/124155.771:INFO:CONSOLE:0] "Mixed Content: The page at 'https://creator.xiaohongshu.com/new/home' was loaded over HTTPS, but requested an insecure element 'http://ci.xiaohongshu.com/f84f0e81-44d3-3284-bd8c-df0cd50db549?imageView2/2/w/270/format/jpg'. This request was automatically upgraded to HTTPS, For more information see https://blog.chromium.org/2019/10/no-more-mixed-messages-about-https.html", source: https://creator.xiaohongshu.com/new/home (0)
[0620/124155.771:INFO:CONSOLE:0] "Mixed Content: The page at 'https://creator.xiaohongshu.com/new/home' was loaded over HTTPS, but requested an insecure element 'http://ci.xiaohongshu.com/32cacced-3b28-321d-9ed6-7745e001e985?imageView2/2/w/270/format/jpg'. This request was automatically upgraded to HTTPS, For more information see https://blog.chromium.org/2019/10/no-more-mixed-messages-about-https.html", source: https://creator.xiaohongshu.com/new/home (0)
[0620/124155.771:INFO:CONSOLE:0] "Mixed Content: The page at 'https://creator.xiaohongshu.com/new/home' was loaded over HTTPS, but requested an insecure element 'http://ci.xiaohongshu.com/cbc2f859-bb10-3d3f-a141-5dd92056725d?imageView2/2/w/270/format/jpg'. This request was automatically upgraded to HTTPS, For more information see https://blog.chromium.org/2019/10/no-more-mixed-messages-about-https.html", source: https://creator.xiaohongshu.com/new/home (0)
[0620/124155.771:INFO:CONSOLE:0] "Mixed Content: The page at 'https://creator.xiaohongshu.com/new/home' was loaded over HTTPS, but requested an insecure element 'http://ci.xiaohongshu.com/d7762267-69c7-3bc0-a89a-3c7127f0f738?imageView2/2/w/270/format/jpg'. This request was automatically upgraded to HTTPS, For more information see https://blog.chromium.org/2019/10/no-more-mixed-messages-about-https.html", source: https://creator.xiaohongshu.com/new/home (0)
[0620/124155.771:INFO:CONSOLE:0] "Mixed Content: The page at 'https://creator.xiaohongshu.com/new/home' was loaded over HTTPS, but requested an insecure element 'http://ci.xiaohongshu.com/6ddf4fe1-2908-3b71-8ca7-fee885c4eab9?imageView2/2/w/270/format/jpg'. This request was automatically upgraded to HTTPS, For more information see https://blog.chromium.org/2019/10/no-more-mixed-messages-about-https.html", source: https://creator.xiaohongshu.com/new/home (0)
[0620/124155.771:INFO:CONSOLE:0] "Mixed Content: The page at 'https://creator.xiaohongshu.com/new/home' was loaded over HTTPS, but requested an insecure element 'http://ci.xiaohongshu.com/dfa37da0-ca01-31a7-9bb7-2e30e21c724a?imageView2/2/w/270/format/jpg'. This request was automatically upgraded to HTTPS, For more information see https://blog.chromium.org/2019/10/no-more-mixed-messages-about-https.html", source: https://creator.xiaohongshu.com/new/home (0)
[0620/124155.771:INFO:CONSOLE:0] "Mixed Content: The page at 'https://creator.xiaohongshu.com/new/home' was loaded over HTTPS, but requested an insecure element 'http://ci.xiaohongshu.com/dcef525b-8e58-38d5-ab60-0e6cb5a185f7?imageView2/2/w/270/format/jpg'. This request was automatically upgraded to HTTPS, For more information see https://blog.chromium.org/2019/10/no-more-mixed-messages-about-https.html", source: https://creator.xiaohongshu.com/new/home (0)
[0620/124155.771:INFO:CONSOLE:0] "Mixed Content: The page at 'https://creator.xiaohongshu.com/new/home' was loaded over HTTPS, but requested an insecure element 'http://ci.xiaohongshu.com/2d9fa2fa-3d30-3ce8-b8f1-54b97d788720?imageView2/2/w/270/format/jpg'. This request was automatically upgraded to HTTPS, For more information see https://blog.chromium.org/2019/10/no-more-mixed-messages-about-https.html", source: https://creator.xiaohongshu.com/new/home (0)
[0620/124155.771:INFO:CONSOLE:0] "Mixed Content: The page at 'https://creator.xiaohongshu.com/new/home' was loaded over HTTPS, but requested an insecure element 'http://ci.xiaohongshu.com/347a3290-049d-3a1f-bd88-33fd260672a1?imageView2/2/w/270/format/jpg'. This request was automatically upgraded to HTTPS, For more information see https://blog.chromium.org/2019/10/no-more-mixed-messages-about-https.html", source: https://creator.xiaohongshu.com/new/home (0)
[0620/124155.771:INFO:CONSOLE:0] "Mixed Content: The page at 'https://creator.xiaohongshu.com/new/home' was loaded over HTTPS, but requested an insecure element 'http://ci.xiaohongshu.com/2404ddb6-deb7-33ba-9d03-d2c434a02e46?imageView2/2/w/270/format/jpg'. This request was automatically upgraded to HTTPS, For more information see https://blog.chromium.org/2019/10/no-more-mixed-messages-about-https.html", source: https://creator.xiaohongshu.com/new/home (0)
[0620/124155.771:INFO:CONSOLE:0] "Mixed Content: The page at 'https://creator.xiaohongshu.com/new/home' was loaded over HTTPS, but requested an insecure element 'http://ci.xiaohongshu.com/77c0d478-c016-39c9-954d-1cdaac23e79c?imageView2/2/w/270/format/jpg'. This request was automatically upgraded to HTTPS, For more information see https://blog.chromium.org/2019/10/no-more-mixed-messages-about-https.html", source: https://creator.xiaohongshu.com/new/home (0)
[0620/124155.771:INFO:CONSOLE:0] "Mixed Content: The page at 'https://creator.xiaohongshu.com/new/home' was loaded over HTTPS, but requested an insecure element 'http://ci.xiaohongshu.com/cb9a7294-3b4c-3da3-8121-ed0637cad6b4?imageView2/2/w/270/format/jpg'. This request was automatically upgraded to HTTPS, For more information see https://blog.chromium.org/2019/10/no-more-mixed-messages-about-https.html", source: https://creator.xiaohongshu.com/new/home (0)
[0620/124155.771:INFO:CONSOLE:0] "Mixed Content: The page at 'https://creator.xiaohongshu.com/new/home' was loaded over HTTPS, but requested an insecure element 'http://ci.xiaohongshu.com/010272016jzd5soyf9t0103dw2t2hyvlhx?imageView2/2/w/270/format/jpg'. This request was automatically upgraded to HTTPS, For more information see https://blog.chromium.org/2019/10/no-more-mixed-messages-about-https.html", source: https://creator.xiaohongshu.com/new/home (0)
[0620/124155.771:INFO:CONSOLE:0] "Mixed Content: The page at 'https://creator.xiaohongshu.com/new/home' was loaded over HTTPS, but requested an insecure element 'http://ci.xiaohongshu.com/0219df73-68d0-3502-a77c-72b1fd4cfcfb?imageView2/2/w/270/format/jpg'. This request was automatically upgraded to HTTPS, For more information see https://blog.chromium.org/2019/10/no-more-mixed-messages-about-https.html", source: https://creator.xiaohongshu.com/new/home (0)
[0620/124155.771:INFO:CONSOLE:0] "Mixed Content: The page at 'https://creator.xiaohongshu.com/new/home' was loaded over HTTPS, but requested an insecure element 'http://ci.xiaohongshu.com/fdbba771-8c11-318d-bd7e-65084dfa6236?imageView2/2/w/270/format/jpg'. This request was automatically upgraded to HTTPS, For more information see https://blog.chromium.org/2019/10/no-more-mixed-messages-about-https.html", source: https://creator.xiaohongshu.com/new/home (0)
[0620/124155.771:INFO:CONSOLE:0] "Mixed Content: The page at 'https://creator.xiaohongshu.com/new/home' was loaded over HTTPS, but requested an insecure element 'http://ci.xiaohongshu.com/f84f0e81-44d3-3284-bd8c-df0cd50db549?imageView2/2/w/270/format/jpg'. This request was automatically upgraded to HTTPS, For more information see https://blog.chromium.org/2019/10/no-more-mixed-messages-about-https.html", source: https://creator.xiaohongshu.com/new/home (0)
[0620/124155.771:INFO:CONSOLE:0] "Mixed Content: The page at 'https://creator.xiaohongshu.com/new/home' was loaded over HTTPS, but requested an insecure element 'http://ci.xiaohongshu.com/32cacced-3b28-321d-9ed6-7745e001e985?imageView2/2/w/270/format/jpg'. This request was automatically upgraded to HTTPS, For more information see https://blog.chromium.org/2019/10/no-more-mixed-messages-about-https.html", source: https://creator.xiaohongshu.com/new/home (0)
[0620/124155.771:INFO:CONSOLE:0] "Mixed Content: The page at 'https://creator.xiaohongshu.com/new/home' was loaded over HTTPS, but requested an insecure element 'http://ci.xiaohongshu.com/cbc2f859-bb10-3d3f-a141-5dd92056725d?imageView2/2/w/270/format/jpg'. This request was automatically upgraded to HTTPS, For more information see https://blog.chromium.org/2019/10/no-more-mixed-messages-about-https.html", source: https://creator.xiaohongshu.com/new/home (0)
[0620/124155.771:INFO:CONSOLE:0] "Mixed Content: The page at 'https://creator.xiaohongshu.com/new/home' was loaded over HTTPS, but requested an insecure element 'http://ci.xiaohongshu.com/d7762267-69c7-3bc0-a89a-3c7127f0f738?imageView2/2/w/270/format/jpg'. This request was automatically upgraded to HTTPS, For more information see https://blog.chromium.org/2019/10/no-more-mixed-messages-about-https.html", source: https://creator.xiaohongshu.com/new/home (0)
[0620/124155.771:INFO:CONSOLE:0] "Mixed Content: The page at 'https://creator.xiaohongshu.com/new/home' was loaded over HTTPS, but requested an insecure element 'http://ci.xiaohongshu.com/6ddf4fe1-2908-3b71-8ca7-fee885c4eab9?imageView2/2/w/270/format/jpg'. This request was automatically upgraded to HTTPS, For more information see https://blog.chromium.org/2019/10/no-more-mixed-messages-about-https.html", source: https://creator.xiaohongshu.com/new/home (0)
[0620/124155.771:INFO:CONSOLE:0] "Mixed Content: The page at 'https://creator.xiaohongshu.com/new/home' was loaded over HTTPS, but requested an insecure element 'http://ci.xiaohongshu.com/dfa37da0-ca01-31a7-9bb7-2e30e21c724a?imageView2/2/w/270/format/jpg'. This request was automatically upgraded to HTTPS, For more information see https://blog.chromium.org/2019/10/no-more-mixed-messages-about-https.html", source: https://creator.xiaohongshu.com/new/home (0)
[0620/124155.771:INFO:CONSOLE:0] "Mixed Content: The page at 'https://creator.xiaohongshu.com/new/home' was loaded over HTTPS, but requested an insecure element 'http://ci.xiaohongshu.com/dcef525b-8e58-38d5-ab60-0e6cb5a185f7?imageView2/2/w/270/format/jpg'. This request was automatically upgraded to HTTPS, For more information see https://blog.chromium.org/2019/10/no-more-mixed-messages-about-https.html", source: https://creator.xiaohongshu.com/new/home (0)
[0620/124155.771:INFO:CONSOLE:0] "Mixed Content: The page at 'https://creator.xiaohongshu.com/new/home' was loaded over HTTPS, but requested an insecure element 'http://ci.xiaohongshu.com/2d9fa2fa-3d30-3ce8-b8f1-54b97d788720?imageView2/2/w/270/format/jpg'. This request was automatically upgraded to HTTPS, For more information see https://blog.chromium.org/2019/10/no-more-mixed-messages-about-https.html", source: https://creator.xiaohongshu.com/new/home (0)
[0620/124155.771:INFO:CONSOLE:0] "Mixed Content: The page at 'https://creator.xiaohongshu.com/new/home' was loaded over HTTPS, but requested an insecure element 'http://ci.xiaohongshu.com/347a3290-049d-3a1f-bd88-33fd260672a1?imageView2/2/w/270/format/jpg'. This request was automatically upgraded to HTTPS, For more information see https://blog.chromium.org/2019/10/no-more-mixed-messages-about-https.html", source: https://creator.xiaohongshu.com/new/home (0)
[0620/124155.771:INFO:CONSOLE:0] "Mixed Content: The page at 'https://creator.xiaohongshu.com/new/home' was loaded over HTTPS, but requested an insecure element 'http://ci.xiaohongshu.com/2404ddb6-deb7-33ba-9d03-d2c434a02e46?imageView2/2/w/270/format/jpg'. This request was automatically upgraded to HTTPS, For more information see https://blog.chromium.org/2019/10/no-more-mixed-messages-about-https.html", source: https://creator.xiaohongshu.com/new/home (0)
[0620/124155.771:INFO:CONSOLE:0] "Mixed Content: The page at 'https://creator.xiaohongshu.com/new/home' was loaded over HTTPS, but requested an insecure element 'http://ci.xiaohongshu.com/77c0d478-c016-39c9-954d-1cdaac23e79c?imageView2/2/w/270/format/jpg'. This request was automatically upgraded to HTTPS, For more information see https://blog.chromium.org/2019/10/no-more-mixed-messages-about-https.html", source: https://creator.xiaohongshu.com/new/home (0)
[0620/124155.773:INFO:CONSOLE:0] "Mixed Content: The page at 'https://creator.xiaohongshu.com/new/home' was loaded over HTTPS, but requested an insecure element 'http://ci.xiaohongshu.com/cb9a7294-3b4c-3da3-8121-ed0637cad6b4?imageView2/2/w/270/format/jpg'. This request was automatically upgraded to HTTPS, For more information see https://blog.chromium.org/2019/10/no-more-mixed-messages-about-https.html", source: https://creator.xiaohongshu.com/new/home (0)
[0620/124155.773:INFO:CONSOLE:0] "Mixed Content: The page at 'https://creator.xiaohongshu.com/new/home' was loaded over HTTPS, but requested an insecure element 'http://ci.xiaohongshu.com/010272016jzd5soyf9t0103dw2t2hyvlhx?imageView2/2/w/270/format/jpg'. This request was automatically upgraded to HTTPS, For more information see https://blog.chromium.org/2019/10/no-more-mixed-messages-about-https.html", source: https://creator.xiaohongshu.com/new/home (0)
[0620/124155.795:INFO:CONSOLE:0] "Mixed Content: The page at 'https://creator.xiaohongshu.com/new/home' was loaded over HTTPS, but requested an insecure element 'http://ci.xiaohongshu.com/spectrum/1040g0k0321kgrmmun40g5q9l4qsskusbrbi6700?imageView2/2/w/1080/format/jpg'. This request was automatically upgraded to HTTPS, For more information see https://blog.chromium.org/2019/10/no-more-mixed-messages-about-https.html", source: https://creator.xiaohongshu.com/new/home (0)
[0620/124157.648:INFO:CONSOLE:3] "Error", source:  (3)
[0620/124157.756:INFO:CONSOLE:119] "[apm] httpRequestTiming", source: https://fe-static.xhscdn.com/formula-static/ugc/public/resource/js/8103.ec1b381a.js (119)
[0620/124157.756:INFO:CONSOLE:119] "console.groupEnd", source: https://fe-static.xhscdn.com/formula-static/ugc/public/resource/js/8103.ec1b381a.js (119)
[0620/124157.756:INFO:CONSOLE:119] "[apm] httpRequestTiming", source: https://fe-static.xhscdn.com/formula-static/ugc/public/resource/js/8103.ec1b381a.js (119)
[0620/124157.756:INFO:CONSOLE:119] "console.groupEnd", source: https://fe-static.xhscdn.com/formula-static/ugc/public/resource/js/8103.ec1b381a.js (119)
[0620/124157.756:INFO:CONSOLE:119] "[apm] httpRequestTiming", source: https://fe-static.xhscdn.com/formula-static/ugc/public/resource/js/8103.ec1b381a.js (119)
[0620/124157.756:INFO:CONSOLE:119] "console.groupEnd", source: https://fe-static.xhscdn.com/formula-static/ugc/public/resource/js/8103.ec1b381a.js (119)
[0620/124157.756:INFO:CONSOLE:119] "[apm] httpRequestTiming", source: https://fe-static.xhscdn.com/formula-static/ugc/public/resource/js/8103.ec1b381a.js (119)
[0620/124157.756:INFO:CONSOLE:119] "console.groupEnd", source: https://fe-static.xhscdn.com/formula-static/ugc/public/resource/js/8103.ec1b381a.js (119)
[0620/124157.756:INFO:CONSOLE:119] "[apm] httpRequestTiming", source: https://fe-static.xhscdn.com/formula-static/ugc/public/resource/js/8103.ec1b381a.js (119)
[0620/124157.756:INFO:CONSOLE:119] "console.groupEnd", source: https://fe-static.xhscdn.com/formula-static/ugc/public/resource/js/8103.ec1b381a.js (119)
[0620/124158.620:INFO:CONSOLE:119] "[apm performance metric] paintTiming", source: https://fe-static.xhscdn.com/formula-static/ugc/public/resource/js/8103.ec1b381a.js (119)
[0620/124158.620:INFO:CONSOLE:119] "console.groupEnd", source: https://fe-static.xhscdn.com/formula-static/ugc/public/resource/js/8103.ec1b381a.js (119)
[0620/124159.014:INFO:CONSOLE:119] "[apm] sns_web_publish_new_bootstrap", source: https://fe-static.xhscdn.com/formula-static/ugc/public/resource/js/8103.ec1b381a.js (119)
[0620/124159.014:INFO:CONSOLE:119] "console.groupEnd", source: https://fe-static.xhscdn.com/formula-static/ugc/public/resource/js/8103.ec1b381a.js (119)
[0620/124159.014:INFO:CONSOLE:119] "[apm] sns_web_publish_perf", source: https://fe-static.xhscdn.com/formula-static/ugc/public/resource/js/8103.ec1b381a.js (119)
[0620/124159.014:INFO:CONSOLE:119] "console.groupEnd", source: https://fe-static.xhscdn.com/formula-static/ugc/public/resource/js/8103.ec1b381a.js (119)
[0620/124159.014:INFO:CONSOLE:119] "[apm] sns_web_publish_upload_image", source: https://fe-static.xhscdn.com/formula-static/ugc/public/resource/js/8103.ec1b381a.js (119)
[0620/124159.014:INFO:CONSOLE:119] "console.groupEnd", source: https://fe-static.xhscdn.com/formula-static/ugc/public/resource/js/8103.ec1b381a.js (119)
[0620/124159.014:INFO:CONSOLE:119] "[apm] sns_web_publish_upload_image", source: https://fe-static.xhscdn.com/formula-static/ugc/public/resource/js/8103.ec1b381a.js (119)
[0620/124159.014:INFO:CONSOLE:119] "console.groupEnd", source: https://fe-static.xhscdn.com/formula-static/ugc/public/resource/js/8103.ec1b381a.js (119)
[0620/124159.014:INFO:CONSOLE:119] "[apm] sns_web_publish_perf", source: https://fe-static.xhscdn.com/formula-static/ugc/public/resource/js/8103.ec1b381a.js (119)
[0620/124159.014:INFO:CONSOLE:119] "console.groupEnd", source: https://fe-static.xhscdn.com/formula-static/ugc/public/resource/js/8103.ec1b381a.js (119)
[0620/124201.509:INFO:CONSOLE:3] "Error", source:  (3)
[0620/124203.832:INFO:CONSOLE:3] "Error", source:  (3)
[0620/124203.858:INFO:CONSOLE:3] "Error", source:  (3)
[0620/124203.866:INFO:CONSOLE:1] "Error", source: https://fe-static.xhscdn.com/formula-static/ugc/public/resource/js/async/9936.c458759f.js (1)
[0620/124203.900:INFO:CONSOLE:1] "[object GeolocationPositionError]", source: https://fe-static.xhscdn.com/formula-static/ugc/public/resource/js/project-publish-vue.1428a0fb.js (1)
[0620/124204.315:INFO:CONSOLE:119] "[apm] sns_web_draft_point", source: https://fe-static.xhscdn.com/formula-static/ugc/public/resource/js/8103.ec1b381a.js (119)
[0620/124204.315:INFO:CONSOLE:119] "console.groupEnd", source: https://fe-static.xhscdn.com/formula-static/ugc/public/resource/js/8103.ec1b381a.js (119)
[0620/124204.316:INFO:CONSOLE:119] "[apm] httpRequestTiming", source: https://fe-static.xhscdn.com/formula-static/ugc/public/resource/js/8103.ec1b381a.js (119)
[0620/124204.316:INFO:CONSOLE:119] "console.groupEnd", source: https://fe-static.xhscdn.com/formula-static/ugc/public/resource/js/8103.ec1b381a.js (119)
[0620/124204.316:INFO:CONSOLE:119] "[apm] sns_web_publish_perf", source: https://fe-static.xhscdn.com/formula-static/ugc/public/resource/js/8103.ec1b381a.js (119)
[0620/124204.316:INFO:CONSOLE:119] "console.groupEnd", source: https://fe-static.xhscdn.com/formula-static/ugc/public/resource/js/8103.ec1b381a.js (119)
[0620/124204.316:INFO:CONSOLE:119] "[apm] httpRequestTiming", source: https://fe-static.xhscdn.com/formula-static/ugc/public/resource/js/8103.ec1b381a.js (119)
[0620/124204.316:INFO:CONSOLE:119] "console.groupEnd", source: https://fe-static.xhscdn.com/formula-static/ugc/public/resource/js/8103.ec1b381a.js (119)
[0620/124204.316:INFO:CONSOLE:119] "[apm] sns_web_publish_upload_image", source: https://fe-static.xhscdn.com/formula-static/ugc/public/resource/js/8103.ec1b381a.js (119)
[0620/124204.316:INFO:CONSOLE:119] "console.groupEnd", source: https://fe-static.xhscdn.com/formula-static/ugc/public/resource/js/8103.ec1b381a.js (119)
[0620/124204.426:INFO:CONSOLE:119] "[apm] sns_web_publish_upload_image", source: https://fe-static.xhscdn.com/formula-static/ugc/public/resource/js/8103.ec1b381a.js (119)
[0620/124204.427:INFO:CONSOLE:119] "console.groupEnd", source: https://fe-static.xhscdn.com/formula-static/ugc/public/resource/js/8103.ec1b381a.js (119)
[0620/124204.427:INFO:CONSOLE:119] "[apm] sns_web_publish_upload_image", source: https://fe-static.xhscdn.com/formula-static/ugc/public/resource/js/8103.ec1b381a.js (119)
[0620/124204.427:INFO:CONSOLE:119] "console.groupEnd", source: https://fe-static.xhscdn.com/formula-static/ugc/public/resource/js/8103.ec1b381a.js (119)
[0620/124204.427:INFO:CONSOLE:119] "[apm] sns_web_publish_upload_image", source: https://fe-static.xhscdn.com/formula-static/ugc/public/resource/js/8103.ec1b381a.js (119)
[0620/124204.427:INFO:CONSOLE:119] "console.groupEnd", source: https://fe-static.xhscdn.com/formula-static/ugc/public/resource/js/8103.ec1b381a.js (119)
[0620/124204.427:INFO:CONSOLE:119] "[apm] sns_web_publish_publish", source: https://fe-static.xhscdn.com/formula-static/ugc/public/resource/js/8103.ec1b381a.js (119)
[0620/124204.427:INFO:CONSOLE:119] "console.groupEnd", source: https://fe-static.xhscdn.com/formula-static/ugc/public/resource/js/8103.ec1b381a.js (119)
[0620/124204.427:INFO:CONSOLE:119] "[apm] sns_web_publish_upload_image", source: https://fe-static.xhscdn.com/formula-static/ugc/public/resource/js/8103.ec1b381a.js (119)
[0620/124204.427:INFO:CONSOLE:119] "console.groupEnd", source: https://fe-static.xhscdn.com/formula-static/ugc/public/resource/js/8103.ec1b381a.js (119)
[0620/124204.502:INFO:CONSOLE:119] "[apm] sns_web_draft_point", source: https://fe-static.xhscdn.com/formula-static/ugc/public/resource/js/8103.ec1b381a.js (119)
[0620/124204.502:INFO:CONSOLE:119] "console.groupEnd", source: https://fe-static.xhscdn.com/formula-static/ugc/public/resource/js/8103.ec1b381a.js (119)
[0620/124204.502:INFO:CONSOLE:119] "[apm] httpRequestTiming", source: https://fe-static.xhscdn.com/formula-static/ugc/public/resource/js/8103.ec1b381a.js (119)
[0620/124204.502:INFO:CONSOLE:119] "console.groupEnd", source: https://fe-static.xhscdn.com/formula-static/ugc/public/resource/js/8103.ec1b381a.js (119)
[0620/124204.502:INFO:CONSOLE:119] "[apm] httpRequestTiming", source: https://fe-static.xhscdn.com/formula-static/ugc/public/resource/js/8103.ec1b381a.js (119)
[0620/124204.502:INFO:CONSOLE:119] "console.groupEnd", source: https://fe-static.xhscdn.com/formula-static/ugc/public/resource/js/8103.ec1b381a.js (119)
[0620/124204.502:INFO:CONSOLE:119] "[apm] httpRequestTiming", source: https://fe-static.xhscdn.com/formula-static/ugc/public/resource/js/8103.ec1b381a.js (119)
[0620/124204.502:INFO:CONSOLE:119] "console.groupEnd", source: https://fe-static.xhscdn.com/formula-static/ugc/public/resource/js/8103.ec1b381a.js (119)
[0620/124204.502:INFO:CONSOLE:119] "[apm] httpRequestTiming", source: https://fe-static.xhscdn.com/formula-static/ugc/public/resource/js/8103.ec1b381a.js (119)
[0620/124204.502:INFO:CONSOLE:119] "console.groupEnd", source: https://fe-static.xhscdn.com/formula-static/ugc/public/resource/js/8103.ec1b381a.js (119)
[0620/124208.760:INFO:CONSOLE:1] "实时竞速: 10059.60888671875 ms", source: https://fe-static.xhscdn.com/formula-static/ugc/public/resource/js/index.51912041.js (1)
[0620/124209.457:INFO:CONSOLE:119] "[apm] httpRequestTiming", source: https://fe-static.xhscdn.com/formula-static/ugc/public/resource/js/8103.ec1b381a.js (119)
[0620/124209.457:INFO:CONSOLE:119] "console.groupEnd", source: https://fe-static.xhscdn.com/formula-static/ugc/public/resource/js/8103.ec1b381a.js (119)
[0620/124209.457:INFO:CONSOLE:119] "[apm] httpRequestTiming", source: https://fe-static.xhscdn.com/formula-static/ugc/public/resource/js/8103.ec1b381a.js (119)
[0620/124209.457:INFO:CONSOLE:119] "console.groupEnd", source: https://fe-static.xhscdn.com/formula-static/ugc/public/resource/js/8103.ec1b381a.js (119)
[0620/124209.457:INFO:CONSOLE:119] "[apm] httpRequestTiming", source: https://fe-static.xhscdn.com/formula-static/ugc/public/resource/js/8103.ec1b381a.js (119)
[0620/124209.457:INFO:CONSOLE:119] "console.groupEnd", source: https://fe-static.xhscdn.com/formula-static/ugc/public/resource/js/8103.ec1b381a.js (119)
[0620/124209.457:INFO:CONSOLE:119] "[apm] httpRequestTiming", source: https://fe-static.xhscdn.com/formula-static/ugc/public/resource/js/8103.ec1b381a.js (119)
[0620/124209.457:INFO:CONSOLE:119] "console.groupEnd", source: https://fe-static.xhscdn.com/formula-static/ugc/public/resource/js/8103.ec1b381a.js (119)
[0620/124213.594:INFO:CONSOLE:3] "Error", source:  (3)
[0620/124213.605:INFO:CONSOLE:1] "Error", source: https://fe-static.xhscdn.com/formula-static/ugc/public/resource/js/async/9936.c458759f.js (1)
[0620/124213.703:INFO:CONSOLE:119] "[apm] sns_web_publish_lcp", source: https://fe-static.xhscdn.com/formula-static/ugc/public/resource/js/8103.ec1b381a.js (119)
[0620/124213.703:INFO:CONSOLE:119] "console.groupEnd", source: https://fe-static.xhscdn.com/formula-static/ugc/public/resource/js/8103.ec1b381a.js (119)
[0620/124213.703:INFO:CONSOLE:119] "[apm] sns_web_publish_upload_image", source: https://fe-static.xhscdn.com/formula-static/ugc/public/resource/js/8103.ec1b381a.js (119)
[0620/124213.703:INFO:CONSOLE:119] "console.groupEnd", source: https://fe-static.xhscdn.com/formula-static/ugc/public/resource/js/8103.ec1b381a.js (119)
[0620/124213.703:INFO:CONSOLE:119] "[apm] sns_web_publish_upload_speed", source: https://fe-static.xhscdn.com/formula-static/ugc/public/resource/js/8103.ec1b381a.js (119)
[0620/124213.703:INFO:CONSOLE:119] "console.groupEnd", source: https://fe-static.xhscdn.com/formula-static/ugc/public/resource/js/8103.ec1b381a.js (119)
[0620/124213.703:INFO:CONSOLE:119] "[apm] httpRequestTiming", source: https://fe-static.xhscdn.com/formula-static/ugc/public/resource/js/8103.ec1b381a.js (119)
[0620/124213.703:INFO:CONSOLE:119] "console.groupEnd", source: https://fe-static.xhscdn.com/formula-static/ugc/public/resource/js/8103.ec1b381a.js (119)
[0620/124213.703:INFO:CONSOLE:119] "[apm] sns_web_publish_publish", source: https://fe-static.xhscdn.com/formula-static/ugc/public/resource/js/8103.ec1b381a.js (119)
[0620/124213.703:INFO:CONSOLE:119] "console.groupEnd", source: https://fe-static.xhscdn.com/formula-static/ugc/public/resource/js/8103.ec1b381a.js (119)
[0620/124213.969:INFO:CONSOLE:119] "Uncaught (in promise) Error: [Eaglet Exception] no match enum `1` in `NoteEditSource` field", source: https://fe-static.xhscdn.com/formula-static/ugc/public/resource/js/8103.ec1b381a.js (119)
[0620/124214.963:INFO:CONSOLE:119] "[apm] httpRequestTiming", source: https://fe-static.xhscdn.com/formula-static/ugc/public/resource/js/8103.ec1b381a.js (119)
[0620/124214.963:INFO:CONSOLE:119] "console.groupEnd", source: https://fe-static.xhscdn.com/formula-static/ugc/public/resource/js/8103.ec1b381a.js (119)
[0620/124214.964:INFO:CONSOLE:119] "[apm] sns_web_publish_publish", source: https://fe-static.xhscdn.com/formula-static/ugc/public/resource/js/8103.ec1b381a.js (119)
[0620/124214.964:INFO:CONSOLE:119] "console.groupEnd", source: https://fe-static.xhscdn.com/formula-static/ugc/public/resource/js/8103.ec1b381a.js (119)
[0620/124214.964:INFO:CONSOLE:119] "[apm] sns_web_publish_timing_image", source: https://fe-static.xhscdn.com/formula-static/ugc/public/resource/js/8103.ec1b381a.js (119)
[0620/124214.964:INFO:CONSOLE:119] "console.groupEnd", source: https://fe-static.xhscdn.com/formula-static/ugc/public/resource/js/8103.ec1b381a.js (119)
[0620/124214.964:INFO:CONSOLE:119] "[apm] sns_web_publish_timing", source: https://fe-static.xhscdn.com/formula-static/ugc/public/resource/js/8103.ec1b381a.js (119)
[0620/124214.964:INFO:CONSOLE:119] "console.groupEnd", source: https://fe-static.xhscdn.com/formula-static/ugc/public/resource/js/8103.ec1b381a.js (119)
[0620/124214.964:INFO:CONSOLE:119] "[apm] httpRequestTiming", source: https://fe-static.xhscdn.com/formula-static/ugc/public/resource/js/8103.ec1b381a.js (119)
[0620/124214.964:INFO:CONSOLE:119] "console.groupEnd", source: https://fe-static.xhscdn.com/formula-static/ugc/public/resource/js/8103.ec1b381a.js (119)
[0620/124219.883:INFO:CONSOLE:119] "[apm] infra_sec_web_api_walify", source: https://fe-static.xhscdn.com/formula-static/ugc/public/resource/js/8103.ec1b381a.js (119)
[0620/124219.883:INFO:CONSOLE:119] "console.groupEnd", source: https://fe-static.xhscdn.com/formula-static/ugc/public/resource/js/8103.ec1b381a.js (119)
[0620/124219.883:INFO:CONSOLE:119] "[apm] infra_sec_web_api_walify", source: https://fe-static.xhscdn.com/formula-static/ugc/public/resource/js/8103.ec1b381a.js (119)
[0620/124219.883:INFO:CONSOLE:119] "console.groupEnd", source: https://fe-static.xhscdn.com/formula-static/ugc/public/resource/js/8103.ec1b381a.js (119)
[0620/124225.047:INFO:CONSOLE:119] "[apm] sns_web_publish_new_bootstrap", source: https://fe-static.xhscdn.com/formula-static/ugc/public/resource/js/8103.ec1b381a.js (119)
[0620/124225.047:INFO:CONSOLE:119] "console.groupEnd", source: https://fe-static.xhscdn.com/formula-static/ugc/public/resource/js/8103.ec1b381a.js (119)
[0620/124225.047:INFO:CONSOLE:119] "[apm] sns_web_publish_upload_video", source: https://fe-static.xhscdn.com/formula-static/ugc/public/resource/js/8103.ec1b381a.js (119)
[0620/124225.047:INFO:CONSOLE:119] "console.groupEnd", source: https://fe-static.xhscdn.com/formula-static/ugc/public/resource/js/8103.ec1b381a.js (119)
[0620/124225.047:INFO:CONSOLE:119] "[apm] sns_web_draft_point", source: https://fe-static.xhscdn.com/formula-static/ugc/public/resource/js/8103.ec1b381a.js (119)
[0620/124225.047:INFO:CONSOLE:119] "console.groupEnd", source: https://fe-static.xhscdn.com/formula-static/ugc/public/resource/js/8103.ec1b381a.js (119)
[0620/124354.682:INFO:CONSOLE:3] "Error", source:  (3)
[0620/124354.700:INFO:CONSOLE:3] "Error", source:  (3)
[0620/124354.900:INFO:CONSOLE:119] "[apm] httpRequestTiming", source: https://fe-static.xhscdn.com/formula-static/ugc/public/resource/js/8103.ec1b381a.js (119)
[0620/124354.900:INFO:CONSOLE:119] "console.groupEnd", source: https://fe-static.xhscdn.com/formula-static/ugc/public/resource/js/8103.ec1b381a.js (119)
[0620/124354.900:INFO:CONSOLE:119] "[apm] infra_sec_web_api_walify", source: https://fe-static.xhscdn.com/formula-static/ugc/public/resource/js/8103.ec1b381a.js (119)
[0620/124354.900:INFO:CONSOLE:119] "console.groupEnd", source: https://fe-static.xhscdn.com/formula-static/ugc/public/resource/js/8103.ec1b381a.js (119)
[0620/124354.900:INFO:CONSOLE:119] "[apm] httpRequestTiming", source: https://fe-static.xhscdn.com/formula-static/ugc/public/resource/js/8103.ec1b381a.js (119)
[0620/124354.900:INFO:CONSOLE:119] "console.groupEnd", source: https://fe-static.xhscdn.com/formula-static/ugc/public/resource/js/8103.ec1b381a.js (119)
[0620/124354.900:INFO:CONSOLE:119] "[apm] infra_sec_web_api_walify", source: https://fe-static.xhscdn.com/formula-static/ugc/public/resource/js/8103.ec1b381a.js (119)
[0620/124354.900:INFO:CONSOLE:119] "console.groupEnd", source: https://fe-static.xhscdn.com/formula-static/ugc/public/resource/js/8103.ec1b381a.js (119)
[0620/124354.900:INFO:CONSOLE:119] "[apm] infra_sec_web_api_walify", source: https://fe-static.xhscdn.com/formula-static/ugc/public/resource/js/8103.ec1b381a.js (119)
[0620/124354.900:INFO:CONSOLE:119] "console.groupEnd", source: https://fe-static.xhscdn.com/formula-static/ugc/public/resource/js/8103.ec1b381a.js (119)
[0620/124416.902:INFO:CONSOLE:119] "[apm performance metric] interactiveTiming", source: https://fe-static.xhscdn.com/formula-static/ugc/public/resource/js/8103.ec1b381a.js (119)
[0620/124416.903:INFO:CONSOLE:119] "console.groupEnd", source: https://fe-static.xhscdn.com/formula-static/ugc/public/resource/js/8103.ec1b381a.js (119)
[0620/124416.903:INFO:CONSOLE:119] "[apm performance metric] interactiveTiming", source: https://fe-static.xhscdn.com/formula-static/ugc/public/resource/js/8103.ec1b381a.js (119)
[0620/124416.903:INFO:CONSOLE:119] "console.groupEnd", source: https://fe-static.xhscdn.com/formula-static/ugc/public/resource/js/8103.ec1b381a.js (119)
[0620/124416.903:INFO:CONSOLE:119] "[apm performance metric] interactiveTiming", source: https://fe-static.xhscdn.com/formula-static/ugc/public/resource/js/8103.ec1b381a.js (119)
[0620/124416.903:INFO:CONSOLE:119] "console.groupEnd", source: https://fe-static.xhscdn.com/formula-static/ugc/public/resource/js/8103.ec1b381a.js (119)
[0620/124416.903:INFO:CONSOLE:119] "[apm performance metric] visualStability", source: https://fe-static.xhscdn.com/formula-static/ugc/public/resource/js/8103.ec1b381a.js (119)
[0620/124416.904:INFO:CONSOLE:119] "console.groupEnd", source: https://fe-static.xhscdn.com/formula-static/ugc/public/resource/js/8103.ec1b381a.js (119)
[0620/124416.904:INFO:CONSOLE:119] "[apm performance metric] interactiveTiming", source: https://fe-static.xhscdn.com/formula-static/ugc/public/resource/js/8103.ec1b381a.js (119)
[0620/124416.904:INFO:CONSOLE:119] "console.groupEnd", source: https://fe-static.xhscdn.com/formula-static/ugc/public/resource/js/8103.ec1b381a.js (119)
[0620/124416.904:INFO:CONSOLE:119] "[apm performance metric] interactiveTiming", source: https://fe-static.xhscdn.com/formula-static/ugc/public/resource/js/8103.ec1b381a.js (119)
[0620/124416.904:INFO:CONSOLE:119] "console.groupEnd", source: https://fe-static.xhscdn.com/formula-static/ugc/public/resource/js/8103.ec1b381a.js (119)
[0620/124416.945:INFO:CONSOLE:119] "框架和 SDK 输出的日志默认不展示，可在框架配置文件中设置开启，详见 https://doc.weixin.qq.com/doc/w3_AWkASAb9APAr8IdJI5VS0OyqetUE6?scode=ANAAyQcbAAgB8qKjm9AWkASAb9APA", source: https://fe-static.xhscdn.com/formula-static/ugc/public/resource/js/8103.ec1b381a.js (119)
[0620/124416.976:INFO:CONSOLE:3] "Error", source:  (3)
[0620/124417.075:INFO:CONSOLE:3] "Error", source:  (3)
[0620/124417.081:INFO:CONSOLE:3] "Error", source:  (3)
[0620/124417.408:INFO:CONSOLE:119] "[apm] infraBrowserResourceTiming", source: https://fe-static.xhscdn.com/formula-static/ugc/public/resource/js/8103.ec1b381a.js (119)
[0620/124417.408:INFO:CONSOLE:119] "console.groupEnd", source: https://fe-static.xhscdn.com/formula-static/ugc/public/resource/js/8103.ec1b381a.js (119)
[0620/124417.408:INFO:CONSOLE:119] "[apm] infraBrowserResourceTiming", source: https://fe-static.xhscdn.com/formula-static/ugc/public/resource/js/8103.ec1b381a.js (119)
[0620/124417.408:INFO:CONSOLE:119] "console.groupEnd", source: https://fe-static.xhscdn.com/formula-static/ugc/public/resource/js/8103.ec1b381a.js (119)
[0620/124417.408:INFO:CONSOLE:119] "[apm] infraBrowserResourceTiming", source: https://fe-static.xhscdn.com/formula-static/ugc/public/resource/js/8103.ec1b381a.js (119)
[0620/124417.408:INFO:CONSOLE:119] "console.groupEnd", source: https://fe-static.xhscdn.com/formula-static/ugc/public/resource/js/8103.ec1b381a.js (119)
[0620/124417.408:INFO:CONSOLE:119] "[apm] infraBrowserResourceTiming", source: https://fe-static.xhscdn.com/formula-static/ugc/public/resource/js/8103.ec1b381a.js (119)
[0620/124417.408:INFO:CONSOLE:119] "console.groupEnd", source: https://fe-static.xhscdn.com/formula-static/ugc/public/resource/js/8103.ec1b381a.js (119)
[0620/124417.408:INFO:CONSOLE:119] "[apm] infraBrowserResourceTiming", source: https://fe-static.xhscdn.com/formula-static/ugc/public/resource/js/8103.ec1b381a.js (119)
[0620/124417.408:INFO:CONSOLE:119] "console.groupEnd", source: https://fe-static.xhscdn.com/formula-static/ugc/public/resource/js/8103.ec1b381a.js (119)
[0620/124417.408:INFO:CONSOLE:119] "[apm] infraBrowserResourceTiming", source: https://fe-static.xhscdn.com/formula-static/ugc/public/resource/js/8103.ec1b381a.js (119)
[0620/124417.408:INFO:CONSOLE:119] "console.groupEnd", source: https://fe-static.xhscdn.com/formula-static/ugc/public/resource/js/8103.ec1b381a.js (119)
[0620/124417.408:INFO:CONSOLE:119] "[apm] infraBrowserResourceTiming", source: https://fe-static.xhscdn.com/formula-static/ugc/public/resource/js/8103.ec1b381a.js (119)
[0620/124417.408:INFO:CONSOLE:119] "console.groupEnd", source: https://fe-static.xhscdn.com/formula-static/ugc/public/resource/js/8103.ec1b381a.js (119)
[0620/124417.408:INFO:CONSOLE:119] "[apm] infraBrowserResourceTiming", source: https://fe-static.xhscdn.com/formula-static/ugc/public/resource/js/8103.ec1b381a.js (119)
[0620/124417.408:INFO:CONSOLE:119] "console.groupEnd", source: https://fe-static.xhscdn.com/formula-static/ugc/public/resource/js/8103.ec1b381a.js (119)
[0620/124417.408:INFO:CONSOLE:119] "[apm] infraBrowserResourceTiming", source: https://fe-static.xhscdn.com/formula-static/ugc/public/resource/js/8103.ec1b381a.js (119)
[0620/124417.408:INFO:CONSOLE:119] "console.groupEnd", source: https://fe-static.xhscdn.com/formula-static/ugc/public/resource/js/8103.ec1b381a.js (119)
[0620/124417.409:INFO:CONSOLE:119] "[apm] infraBrowserResourceTiming", source: https://fe-static.xhscdn.com/formula-static/ugc/public/resource/js/8103.ec1b381a.js (119)
[0620/124417.409:INFO:CONSOLE:119] "console.groupEnd", source: https://fe-static.xhscdn.com/formula-static/ugc/public/resource/js/8103.ec1b381a.js (119)
[0620/124417.409:INFO:CONSOLE:119] "[apm] infraBrowserResourceTiming", source: https://fe-static.xhscdn.com/formula-static/ugc/public/resource/js/8103.ec1b381a.js (119)
[0620/124417.409:INFO:CONSOLE:119] "console.groupEnd", source: https://fe-static.xhscdn.com/formula-static/ugc/public/resource/js/8103.ec1b381a.js (119)
[0620/124417.409:INFO:CONSOLE:119] "[apm] infraBrowserResourceTiming", source: https://fe-static.xhscdn.com/formula-static/ugc/public/resource/js/8103.ec1b381a.js (119)
[0620/124417.409:INFO:CONSOLE:119] "console.groupEnd", source: https://fe-static.xhscdn.com/formula-static/ugc/public/resource/js/8103.ec1b381a.js (119)
[0620/124417.409:INFO:CONSOLE:119] "[apm] infraBrowserResourceTiming", source: https://fe-static.xhscdn.com/formula-static/ugc/public/resource/js/8103.ec1b381a.js (119)
[0620/124417.409:INFO:CONSOLE:119] "console.groupEnd", source: https://fe-static.xhscdn.com/formula-static/ugc/public/resource/js/8103.ec1b381a.js (119)
[0620/124417.409:INFO:CONSOLE:119] "[apm] infraBrowserResourceTiming", source: https://fe-static.xhscdn.com/formula-static/ugc/public/resource/js/8103.ec1b381a.js (119)
[0620/124417.409:INFO:CONSOLE:119] "console.groupEnd", source: https://fe-static.xhscdn.com/formula-static/ugc/public/resource/js/8103.ec1b381a.js (119)
[0620/124417.409:INFO:CONSOLE:119] "[apm] infraBrowserResourceTiming", source: https://fe-static.xhscdn.com/formula-static/ugc/public/resource/js/8103.ec1b381a.js (119)
[0620/124417.409:INFO:CONSOLE:119] "console.groupEnd", source: https://fe-static.xhscdn.com/formula-static/ugc/public/resource/js/8103.ec1b381a.js (119)
[0620/124417.409:INFO:CONSOLE:119] "[apm] infraBrowserResourceTiming", source: https://fe-static.xhscdn.com/formula-static/ugc/public/resource/js/8103.ec1b381a.js (119)
[0620/124417.409:INFO:CONSOLE:119] "console.groupEnd", source: https://fe-static.xhscdn.com/formula-static/ugc/public/resource/js/8103.ec1b381a.js (119)
[0620/124417.410:INFO:CONSOLE:119] "[apm] infraBrowserResourceTiming", source: https://fe-static.xhscdn.com/formula-static/ugc/public/resource/js/8103.ec1b381a.js (119)
[0620/124417.410:INFO:CONSOLE:119] "console.groupEnd", source: https://fe-static.xhscdn.com/formula-static/ugc/public/resource/js/8103.ec1b381a.js (119)
[0620/124417.410:INFO:CONSOLE:119] "[apm] infraBrowserResourceTiming", source: https://fe-static.xhscdn.com/formula-static/ugc/public/resource/js/8103.ec1b381a.js (119)
[0620/124417.410:INFO:CONSOLE:119] "console.groupEnd", source: https://fe-static.xhscdn.com/formula-static/ugc/public/resource/js/8103.ec1b381a.js (119)
[0620/124417.410:INFO:CONSOLE:119] "[apm] infraBrowserResourceTiming", source: https://fe-static.xhscdn.com/formula-static/ugc/public/resource/js/8103.ec1b381a.js (119)
[0620/124417.410:INFO:CONSOLE:119] "console.groupEnd", source: https://fe-static.xhscdn.com/formula-static/ugc/public/resource/js/8103.ec1b381a.js (119)
[0620/124417.410:INFO:CONSOLE:119] "[apm] infraBrowserResourceTiming", source: https://fe-static.xhscdn.com/formula-static/ugc/public/resource/js/8103.ec1b381a.js (119)
[0620/124417.410:INFO:CONSOLE:119] "console.groupEnd", source: https://fe-static.xhscdn.com/formula-static/ugc/public/resource/js/8103.ec1b381a.js (119)
[0620/124417.441:INFO:CONSOLE:119] "[apm] infraBrowserResourceTiming", source: https://fe-static.xhscdn.com/formula-static/ugc/public/resource/js/8103.ec1b381a.js (119)
[0620/124417.442:INFO:CONSOLE:119] "console.groupEnd", source: https://fe-static.xhscdn.com/formula-static/ugc/public/resource/js/8103.ec1b381a.js (119)
[0620/124417.442:INFO:CONSOLE:119] "[apm] infraBrowserResourceTiming", source: https://fe-static.xhscdn.com/formula-static/ugc/public/resource/js/8103.ec1b381a.js (119)
[0620/124417.442:INFO:CONSOLE:119] "console.groupEnd", source: https://fe-static.xhscdn.com/formula-static/ugc/public/resource/js/8103.ec1b381a.js (119)
[0620/124417.442:INFO:CONSOLE:119] "[apm] infraBrowserResourceTiming", source: https://fe-static.xhscdn.com/formula-static/ugc/public/resource/js/8103.ec1b381a.js (119)
[0620/124417.442:INFO:CONSOLE:119] "console.groupEnd", source: https://fe-static.xhscdn.com/formula-static/ugc/public/resource/js/8103.ec1b381a.js (119)
[0620/124417.442:INFO:CONSOLE:119] "[apm] infraBrowserResourceTiming", source: https://fe-static.xhscdn.com/formula-static/ugc/public/resource/js/8103.ec1b381a.js (119)
[0620/124417.442:INFO:CONSOLE:119] "console.groupEnd", source: https://fe-static.xhscdn.com/formula-static/ugc/public/resource/js/8103.ec1b381a.js (119)
[0620/124417.442:INFO:CONSOLE:119] "[apm] infraBrowserResourceTiming", source: https://fe-static.xhscdn.com/formula-static/ugc/public/resource/js/8103.ec1b381a.js (119)
[0620/124417.442:INFO:CONSOLE:119] "console.groupEnd", source: https://fe-static.xhscdn.com/formula-static/ugc/public/resource/js/8103.ec1b381a.js (119)
[0620/124417.443:INFO:CONSOLE:119] "[apm] anti_spam_ds_fail", source: https://fe-static.xhscdn.com/formula-static/ugc/public/resource/js/8103.ec1b381a.js (119)
[0620/124417.443:INFO:CONSOLE:119] "console.groupEnd", source: https://fe-static.xhscdn.com/formula-static/ugc/public/resource/js/8103.ec1b381a.js (119)
[0620/124417.443:INFO:CONSOLE:119] "[apm] webmns_error", source: https://fe-static.xhscdn.com/formula-static/ugc/public/resource/js/8103.ec1b381a.js (119)
[0620/124417.443:INFO:CONSOLE:119] "console.groupEnd", source: https://fe-static.xhscdn.com/formula-static/ugc/public/resource/js/8103.ec1b381a.js (119)
[0620/124417.443:INFO:CONSOLE:119] "[apm] infraBrowserResourceTiming", source: https://fe-static.xhscdn.com/formula-static/ugc/public/resource/js/8103.ec1b381a.js (119)
[0620/124417.443:INFO:CONSOLE:119] "console.groupEnd", source: https://fe-static.xhscdn.com/formula-static/ugc/public/resource/js/8103.ec1b381a.js (119)
[0620/124417.443:INFO:CONSOLE:119] "[apm] infraBrowserResourceTiming", source: https://fe-static.xhscdn.com/formula-static/ugc/public/resource/js/8103.ec1b381a.js (119)
[0620/124417.443:INFO:CONSOLE:119] "console.groupEnd", source: https://fe-static.xhscdn.com/formula-static/ugc/public/resource/js/8103.ec1b381a.js (119)
[0620/124417.443:INFO:CONSOLE:119] "[apm] infraBrowserResourceTiming", source: https://fe-static.xhscdn.com/formula-static/ugc/public/resource/js/8103.ec1b381a.js (119)
[0620/124417.443:INFO:CONSOLE:119] "console.groupEnd", source: https://fe-static.xhscdn.com/formula-static/ugc/public/resource/js/8103.ec1b381a.js (119)
[0620/124417.444:INFO:CONSOLE:119] "[apm] infraBrowserResourceTiming", source: https://fe-static.xhscdn.com/formula-static/ugc/public/resource/js/8103.ec1b381a.js (119)
[0620/124417.444:INFO:CONSOLE:119] "console.groupEnd", source: https://fe-static.xhscdn.com/formula-static/ugc/public/resource/js/8103.ec1b381a.js (119)
[0620/124417.444:INFO:CONSOLE:119] "[apm] infraBrowserResourceTiming", source: https://fe-static.xhscdn.com/formula-static/ugc/public/resource/js/8103.ec1b381a.js (119)
[0620/124417.444:INFO:CONSOLE:119] "console.groupEnd", source: https://fe-static.xhscdn.com/formula-static/ugc/public/resource/js/8103.ec1b381a.js (119)
[0620/124417.444:INFO:CONSOLE:119] "[apm] infraBrowserResourceTiming", source: https://fe-static.xhscdn.com/formula-static/ugc/public/resource/js/8103.ec1b381a.js (119)
[0620/124417.444:INFO:CONSOLE:119] "console.groupEnd", source: https://fe-static.xhscdn.com/formula-static/ugc/public/resource/js/8103.ec1b381a.js (119)
[0620/124417.444:INFO:CONSOLE:119] "[apm] infraBrowserResourceTiming", source: https://fe-static.xhscdn.com/formula-static/ugc/public/resource/js/8103.ec1b381a.js (119)
[0620/124417.444:INFO:CONSOLE:119] "console.groupEnd", source: https://fe-static.xhscdn.com/formula-static/ugc/public/resource/js/8103.ec1b381a.js (119)
[0620/124417.444:INFO:CONSOLE:119] "[apm] infraBrowserResourceTiming", source: https://fe-static.xhscdn.com/formula-static/ugc/public/resource/js/8103.ec1b381a.js (119)
[0620/124417.444:INFO:CONSOLE:119] "console.groupEnd", source: https://fe-static.xhscdn.com/formula-static/ugc/public/resource/js/8103.ec1b381a.js (119)
[0620/124417.445:INFO:CONSOLE:119] "[apm] infraBrowserResourceTiming", source: https://fe-static.xhscdn.com/formula-static/ugc/public/resource/js/8103.ec1b381a.js (119)
[0620/124417.445:INFO:CONSOLE:119] "console.groupEnd", source: https://fe-static.xhscdn.com/formula-static/ugc/public/resource/js/8103.ec1b381a.js (119)
[0620/124417.445:INFO:CONSOLE:119] "[apm] httpRequestTiming", source: https://fe-static.xhscdn.com/formula-static/ugc/public/resource/js/8103.ec1b381a.js (119)
[0620/124417.445:INFO:CONSOLE:119] "console.groupEnd", source: https://fe-static.xhscdn.com/formula-static/ugc/public/resource/js/8103.ec1b381a.js (119)
[0620/124417.445:INFO:CONSOLE:119] "[apm] infra_sec_web_api_walify", source: https://fe-static.xhscdn.com/formula-static/ugc/public/resource/js/8103.ec1b381a.js (119)
[0620/124417.445:INFO:CONSOLE:119] "console.groupEnd", source: https://fe-static.xhscdn.com/formula-static/ugc/public/resource/js/8103.ec1b381a.js (119)
[0620/124417.445:INFO:CONSOLE:119] "[apm] httpRequestTiming", source: https://fe-static.xhscdn.com/formula-static/ugc/public/resource/js/8103.ec1b381a.js (119)
[0620/124417.445:INFO:CONSOLE:119] "console.groupEnd", source: https://fe-static.xhscdn.com/formula-static/ugc/public/resource/js/8103.ec1b381a.js (119)
[0620/124417.445:INFO:CONSOLE:119] "[apm] httpRequestTiming", source: https://fe-static.xhscdn.com/formula-static/ugc/public/resource/js/8103.ec1b381a.js (119)
[0620/124417.445:INFO:CONSOLE:119] "console.groupEnd", source: https://fe-static.xhscdn.com/formula-static/ugc/public/resource/js/8103.ec1b381a.js (119)
[0620/124417.445:INFO:CONSOLE:119] "[apm] infraBrowserResourceTiming", source: https://fe-static.xhscdn.com/formula-static/ugc/public/resource/js/8103.ec1b381a.js (119)
[0620/124417.445:INFO:CONSOLE:119] "console.groupEnd", source: https://fe-static.xhscdn.com/formula-static/ugc/public/resource/js/8103.ec1b381a.js (119)
[0620/124417.445:INFO:CONSOLE:119] "[apm] infraBrowserResourceTiming", source: https://fe-static.xhscdn.com/formula-static/ugc/public/resource/js/8103.ec1b381a.js (119)
[0620/124417.445:INFO:CONSOLE:119] "console.groupEnd", source: https://fe-static.xhscdn.com/formula-static/ugc/public/resource/js/8103.ec1b381a.js (119)
[0620/124417.445:INFO:CONSOLE:119] "[apm] infraBrowserResourceTiming", source: https://fe-static.xhscdn.com/formula-static/ugc/public/resource/js/8103.ec1b381a.js (119)
[0620/124417.445:INFO:CONSOLE:119] "console.groupEnd", source: https://fe-static.xhscdn.com/formula-static/ugc/public/resource/js/8103.ec1b381a.js (119)
[0620/124417.446:INFO:CONSOLE:119] "[apm] infraBrowserResourceTiming", source: https://fe-static.xhscdn.com/formula-static/ugc/public/resource/js/8103.ec1b381a.js (119)
[0620/124417.446:INFO:CONSOLE:119] "console.groupEnd", source: https://fe-static.xhscdn.com/formula-static/ugc/public/resource/js/8103.ec1b381a.js (119)
[0620/124417.446:INFO:CONSOLE:119] "[apm] infraBrowserResourceTiming", source: https://fe-static.xhscdn.com/formula-static/ugc/public/resource/js/8103.ec1b381a.js (119)
[0620/124417.446:INFO:CONSOLE:119] "console.groupEnd", source: https://fe-static.xhscdn.com/formula-static/ugc/public/resource/js/8103.ec1b381a.js (119)
[0620/124417.461:INFO:CONSOLE:3] "Error", source:  (3)
[0620/124417.709:INFO:CONSOLE:3] "Error", source:  (3)
[0620/124417.743:INFO:CONSOLE:3] "Error", source:  (3)
[0620/124417.750:INFO:CONSOLE:3] "Error", source:  (3)
[0620/124417.958:INFO:CONSOLE:119] "[apm] infra_sec_web_api_walify", source: https://fe-static.xhscdn.com/formula-static/ugc/public/resource/js/8103.ec1b381a.js (119)
[0620/124417.958:INFO:CONSOLE:119] "console.groupEnd", source: https://fe-static.xhscdn.com/formula-static/ugc/public/resource/js/8103.ec1b381a.js (119)
[0620/124417.958:INFO:CONSOLE:119] "[apm] infra_sec_web_api_walify", source: https://fe-static.xhscdn.com/formula-static/ugc/public/resource/js/8103.ec1b381a.js (119)
[0620/124417.958:INFO:CONSOLE:119] "console.groupEnd", source: https://fe-static.xhscdn.com/formula-static/ugc/public/resource/js/8103.ec1b381a.js (119)
[0620/124417.958:INFO:CONSOLE:119] "[apm] httpRequestTiming", source: https://fe-static.xhscdn.com/formula-static/ugc/public/resource/js/8103.ec1b381a.js (119)
[0620/124417.958:INFO:CONSOLE:119] "console.groupEnd", source: https://fe-static.xhscdn.com/formula-static/ugc/public/resource/js/8103.ec1b381a.js (119)
[0620/124417.958:INFO:CONSOLE:119] "[apm] httpRequestTiming", source: https://fe-static.xhscdn.com/formula-static/ugc/public/resource/js/8103.ec1b381a.js (119)
[0620/124417.958:INFO:CONSOLE:119] "console.groupEnd", source: https://fe-static.xhscdn.com/formula-static/ugc/public/resource/js/8103.ec1b381a.js (119)
[0620/124417.958:INFO:CONSOLE:119] "[apm] httpRequestTiming", source: https://fe-static.xhscdn.com/formula-static/ugc/public/resource/js/8103.ec1b381a.js (119)
[0620/124417.958:INFO:CONSOLE:119] "console.groupEnd", source: https://fe-static.xhscdn.com/formula-static/ugc/public/resource/js/8103.ec1b381a.js (119)
[0620/124418.188:INFO:CONSOLE:0] "Mixed Content: The page at 'https://creator.xiaohongshu.com/new/home' was loaded over HTTPS, but requested an insecure element 'http://ci.xiaohongshu.com/spectrum/1040g0k031hgh4s8g38005n251e51f4uojrj2d3o?imageView2/2/w/1080/format/jpg'. This request was automatically upgraded to HTTPS, For more information see https://blog.chromium.org/2019/10/no-more-mixed-messages-about-https.html", source: https://creator.xiaohongshu.com/new/home (0)
[0620/124418.188:INFO:CONSOLE:0] "Mixed Content: The page at 'https://creator.xiaohongshu.com/new/home' was loaded over HTTPS, but requested an insecure element 'http://ci.xiaohongshu.com/spectrum/1040g34o31hhr9ouvk22g5n251e51f4uoq88kbh8?imageView2/2/w/1080/format/jpg'. This request was automatically upgraded to HTTPS, For more information see https://blog.chromium.org/2019/10/no-more-mixed-messages-about-https.html", source: https://creator.xiaohongshu.com/new/home (0)
[0620/124418.189:INFO:CONSOLE:0] "Mixed Content: The page at 'https://creator.xiaohongshu.com/new/home' was loaded over HTTPS, but requested an insecure element 'http://ci.xiaohongshu.com/spectrum/1040g0k031hhfvke238005n251e51f4uont3lh30?imageView2/2/w/1080/format/jpg'. This request was automatically upgraded to HTTPS, For more information see https://blog.chromium.org/2019/10/no-more-mixed-messages-about-https.html", source: https://creator.xiaohongshu.com/new/home (0)
[0620/124418.189:INFO:CONSOLE:0] "Mixed Content: The page at 'https://creator.xiaohongshu.com/new/home' was loaded over HTTPS, but requested an insecure element 'http://ci.xiaohongshu.com/spectrum/1040g0k031e5io2s4h2005n251e51f4uov9jiue8?imageView2/2/w/1080/format/jpg'. This request was automatically upgraded to HTTPS, For more information see https://blog.chromium.org/2019/10/no-more-mixed-messages-about-https.html", source: https://creator.xiaohongshu.com/new/home (0)
[0620/124418.271:INFO:CONSOLE:119] "[apm] anti_spam_sign_cost", source: https://fe-static.xhscdn.com/formula-static/ugc/public/resource/js/8103.ec1b381a.js (119)
[0620/124418.271:INFO:CONSOLE:119] "console.groupEnd", source: https://fe-static.xhscdn.com/formula-static/ugc/public/resource/js/8103.ec1b381a.js (119)
[0620/124418.271:INFO:CONSOLE:119] "[apm] sns_web_publish_sw", source: https://fe-static.xhscdn.com/formula-static/ugc/public/resource/js/8103.ec1b381a.js (119)
[0620/124418.271:INFO:CONSOLE:119] "console.groupEnd", source: https://fe-static.xhscdn.com/formula-static/ugc/public/resource/js/8103.ec1b381a.js (119)
[0620/124418.271:INFO:CONSOLE:119] "[apm] httpRequestTiming", source: https://fe-static.xhscdn.com/formula-static/ugc/public/resource/js/8103.ec1b381a.js (119)
[0620/124418.271:INFO:CONSOLE:119] "console.groupEnd", source: https://fe-static.xhscdn.com/formula-static/ugc/public/resource/js/8103.ec1b381a.js (119)
[0620/124418.271:INFO:CONSOLE:119] "[apm] httpRequestTiming", source: https://fe-static.xhscdn.com/formula-static/ugc/public/resource/js/8103.ec1b381a.js (119)
[0620/124418.271:INFO:CONSOLE:119] "console.groupEnd", source: https://fe-static.xhscdn.com/formula-static/ugc/public/resource/js/8103.ec1b381a.js (119)
[0620/124418.271:INFO:CONSOLE:119] "[apm] httpRequestTiming", source: https://fe-static.xhscdn.com/formula-static/ugc/public/resource/js/8103.ec1b381a.js (119)
[0620/124418.271:INFO:CONSOLE:119] "console.groupEnd", source: https://fe-static.xhscdn.com/formula-static/ugc/public/resource/js/8103.ec1b381a.js (119)
[0620/124418.273:INFO:CONSOLE:119] "[apm] httpRequestTiming", source: https://fe-static.xhscdn.com/formula-static/ugc/public/resource/js/8103.ec1b381a.js (119)
[0620/124418.273:INFO:CONSOLE:119] "console.groupEnd", source: https://fe-static.xhscdn.com/formula-static/ugc/public/resource/js/8103.ec1b381a.js (119)
[0620/124418.273:INFO:CONSOLE:119] "[apm] httpRequestTiming", source: https://fe-static.xhscdn.com/formula-static/ugc/public/resource/js/8103.ec1b381a.js (119)
[0620/124418.273:INFO:CONSOLE:119] "console.groupEnd", source: https://fe-static.xhscdn.com/formula-static/ugc/public/resource/js/8103.ec1b381a.js (119)
[0620/124418.273:INFO:CONSOLE:119] "[apm] httpRequestTiming", source: https://fe-static.xhscdn.com/formula-static/ugc/public/resource/js/8103.ec1b381a.js (119)
[0620/124418.273:INFO:CONSOLE:119] "console.groupEnd", source: https://fe-static.xhscdn.com/formula-static/ugc/public/resource/js/8103.ec1b381a.js (119)
[0620/124418.273:INFO:CONSOLE:119] "[apm] httpRequestTiming", source: https://fe-static.xhscdn.com/formula-static/ugc/public/resource/js/8103.ec1b381a.js (119)
[0620/124418.273:INFO:CONSOLE:119] "console.groupEnd", source: https://fe-static.xhscdn.com/formula-static/ugc/public/resource/js/8103.ec1b381a.js (119)
[0620/124418.273:INFO:CONSOLE:119] "[apm] httpRequestTiming", source: https://fe-static.xhscdn.com/formula-static/ugc/public/resource/js/8103.ec1b381a.js (119)
[0620/124418.273:INFO:CONSOLE:119] "console.groupEnd", source: https://fe-static.xhscdn.com/formula-static/ugc/public/resource/js/8103.ec1b381a.js (119)
[0620/124418.373:INFO:CONSOLE:1] "Fetch API cannot load chrome-extension://dhjaibcmgocbpegmejfphjhhpaphmkpp/is.js. URL scheme "chrome-extension" is not supported.", source: https://fe-static.xhscdn.com/formula-static/ugc/public/resource/js/async/9936.c458759f.js (1)
[0620/124418.373:INFO:CONSOLE:1] "Fetch API cannot load chrome-extension://beeaddblkeeialcohiolkkoiifhgjooj/manifest.json. URL scheme "chrome-extension" is not supported.", source: https://fe-static.xhscdn.com/formula-static/ugc/public/resource/js/async/9936.c458759f.js (1)
[0620/124418.373:INFO:CONSOLE:1] "Fetch API cannot load chrome-extension://ddgooekaaihgnbfbgalfiooiicdnmnia/js/js-index.ts.js. URL scheme "chrome-extension" is not supported.", source: https://fe-static.xhscdn.com/formula-static/ugc/public/resource/js/async/9936.c458759f.js (1)
[0620/124418.373:INFO:CONSOLE:1] "Fetch API cannot load chrome-extension://keeelahekhhgkpaipdodgjnmgkfcdpde/inject.6070000c.js. URL scheme "chrome-extension" is not supported.", source: https://fe-static.xhscdn.com/formula-static/ugc/public/resource/js/async/9936.c458759f.js (1)
[0620/124418.373:INFO:CONSOLE:1] "Fetch API cannot load chrome-extension://dbichmdlbjdeplpkhcejgkakobjbjalc/content-scripts/xiaohongshu.css. URL scheme "chrome-extension" is not supported.", source: https://fe-static.xhscdn.com/formula-static/ugc/public/resource/js/async/9936.c458759f.js (1)
[0620/124418.373:INFO:CONSOLE:1] "Fetch API cannot load chrome-extension://piejlhcmefdepbgalcongckfomfobokb/worker.js. URL scheme "chrome-extension" is not supported.", source: https://fe-static.xhscdn.com/formula-static/ugc/public/resource/js/async/9936.c458759f.js (1)
[0620/124418.373:INFO:CONSOLE:1] "Fetch API cannot load chrome-extension://lenndnnbdichpjlfmfadcjpaenmiflan/inject.bundle.js. URL scheme "chrome-extension" is not supported.", source: https://fe-static.xhscdn.com/formula-static/ugc/public/resource/js/async/9936.c458759f.js (1)
[0620/124418.374:INFO:CONSOLE:1] "Fetch API cannot load chrome-extension://hmeohemhimcjlegdjloglnkfablbneif/inject.bundle.js. URL scheme "chrome-extension" is not supported.", source: https://fe-static.xhscdn.com/formula-static/ugc/public/resource/js/async/9936.c458759f.js (1)
[0620/124418.401:INFO:CONSOLE:0] "Mixed Content: The page at 'https://creator.xiaohongshu.com/new/home' was loaded over HTTPS, but requested an insecure element 'http://ci.xiaohongshu.com/spectrum/1040g34o321kgtsc56s805q9l4qsskusbmd2lpkg?imageView2/2/w/1080/format/jpg'. This request was automatically upgraded to HTTPS, For more information see https://blog.chromium.org/2019/10/no-more-mixed-messages-about-https.html", source: https://creator.xiaohongshu.com/new/home (0)
[0620/124418.418:INFO:CONSOLE:0] "Mixed Content: The page at 'https://creator.xiaohongshu.com/new/home' was loaded over HTTPS, but requested an insecure element 'http://ci.xiaohongshu.com/0219df73-68d0-3502-a77c-72b1fd4cfcfb?imageView2/2/w/270/format/jpg'. This request was automatically upgraded to HTTPS, For more information see https://blog.chromium.org/2019/10/no-more-mixed-messages-about-https.html", source: https://creator.xiaohongshu.com/new/home (0)
[0620/124418.418:INFO:CONSOLE:0] "Mixed Content: The page at 'https://creator.xiaohongshu.com/new/home' was loaded over HTTPS, but requested an insecure element 'http://ci.xiaohongshu.com/fdbba771-8c11-318d-bd7e-65084dfa6236?imageView2/2/w/270/format/jpg'. This request was automatically upgraded to HTTPS, For more information see https://blog.chromium.org/2019/10/no-more-mixed-messages-about-https.html", source: https://creator.xiaohongshu.com/new/home (0)
[0620/124418.418:INFO:CONSOLE:0] "Mixed Content: The page at 'https://creator.xiaohongshu.com/new/home' was loaded over HTTPS, but requested an insecure element 'http://ci.xiaohongshu.com/f84f0e81-44d3-3284-bd8c-df0cd50db549?imageView2/2/w/270/format/jpg'. This request was automatically upgraded to HTTPS, For more information see https://blog.chromium.org/2019/10/no-more-mixed-messages-about-https.html", source: https://creator.xiaohongshu.com/new/home (0)
[0620/124418.418:INFO:CONSOLE:0] "Mixed Content: The page at 'https://creator.xiaohongshu.com/new/home' was loaded over HTTPS, but requested an insecure element 'http://ci.xiaohongshu.com/32cacced-3b28-321d-9ed6-7745e001e985?imageView2/2/w/270/format/jpg'. This request was automatically upgraded to HTTPS, For more information see https://blog.chromium.org/2019/10/no-more-mixed-messages-about-https.html", source: https://creator.xiaohongshu.com/new/home (0)
[0620/124418.418:INFO:CONSOLE:0] "Mixed Content: The page at 'https://creator.xiaohongshu.com/new/home' was loaded over HTTPS, but requested an insecure element 'http://ci.xiaohongshu.com/cbc2f859-bb10-3d3f-a141-5dd92056725d?imageView2/2/w/270/format/jpg'. This request was automatically upgraded to HTTPS, For more information see https://blog.chromium.org/2019/10/no-more-mixed-messages-about-https.html", source: https://creator.xiaohongshu.com/new/home (0)
[0620/124418.418:INFO:CONSOLE:0] "Mixed Content: The page at 'https://creator.xiaohongshu.com/new/home' was loaded over HTTPS, but requested an insecure element 'http://ci.xiaohongshu.com/d7762267-69c7-3bc0-a89a-3c7127f0f738?imageView2/2/w/270/format/jpg'. This request was automatically upgraded to HTTPS, For more information see https://blog.chromium.org/2019/10/no-more-mixed-messages-about-https.html", source: https://creator.xiaohongshu.com/new/home (0)
[0620/124418.418:INFO:CONSOLE:0] "Mixed Content: The page at 'https://creator.xiaohongshu.com/new/home' was loaded over HTTPS, but requested an insecure element 'http://ci.xiaohongshu.com/6ddf4fe1-2908-3b71-8ca7-fee885c4eab9?imageView2/2/w/270/format/jpg'. This request was automatically upgraded to HTTPS, For more information see https://blog.chromium.org/2019/10/no-more-mixed-messages-about-https.html", source: https://creator.xiaohongshu.com/new/home (0)
[0620/124418.418:INFO:CONSOLE:0] "Mixed Content: The page at 'https://creator.xiaohongshu.com/new/home' was loaded over HTTPS, but requested an insecure element 'http://ci.xiaohongshu.com/dfa37da0-ca01-31a7-9bb7-2e30e21c724a?imageView2/2/w/270/format/jpg'. This request was automatically upgraded to HTTPS, For more information see https://blog.chromium.org/2019/10/no-more-mixed-messages-about-https.html", source: https://creator.xiaohongshu.com/new/home (0)
[0620/124418.418:INFO:CONSOLE:0] "Mixed Content: The page at 'https://creator.xiaohongshu.com/new/home' was loaded over HTTPS, but requested an insecure element 'http://ci.xiaohongshu.com/dcef525b-8e58-38d5-ab60-0e6cb5a185f7?imageView2/2/w/270/format/jpg'. This request was automatically upgraded to HTTPS, For more information see https://blog.chromium.org/2019/10/no-more-mixed-messages-about-https.html", source: https://creator.xiaohongshu.com/new/home (0)
[0620/124418.418:INFO:CONSOLE:0] "Mixed Content: The page at 'https://creator.xiaohongshu.com/new/home' was loaded over HTTPS, but requested an insecure element 'http://ci.xiaohongshu.com/2d9fa2fa-3d30-3ce8-b8f1-54b97d788720?imageView2/2/w/270/format/jpg'. This request was automatically upgraded to HTTPS, For more information see https://blog.chromium.org/2019/10/no-more-mixed-messages-about-https.html", source: https://creator.xiaohongshu.com/new/home (0)
[0620/124418.418:INFO:CONSOLE:0] "Mixed Content: The page at 'https://creator.xiaohongshu.com/new/home' was loaded over HTTPS, but requested an insecure element 'http://ci.xiaohongshu.com/347a3290-049d-3a1f-bd88-33fd260672a1?imageView2/2/w/270/format/jpg'. This request was automatically upgraded to HTTPS, For more information see https://blog.chromium.org/2019/10/no-more-mixed-messages-about-https.html", source: https://creator.xiaohongshu.com/new/home (0)
[0620/124418.418:INFO:CONSOLE:0] "Mixed Content: The page at 'https://creator.xiaohongshu.com/new/home' was loaded over HTTPS, but requested an insecure element 'http://ci.xiaohongshu.com/2404ddb6-deb7-33ba-9d03-d2c434a02e46?imageView2/2/w/270/format/jpg'. This request was automatically upgraded to HTTPS, For more information see https://blog.chromium.org/2019/10/no-more-mixed-messages-about-https.html", source: https://creator.xiaohongshu.com/new/home (0)
[0620/124418.418:INFO:CONSOLE:0] "Mixed Content: The page at 'https://creator.xiaohongshu.com/new/home' was loaded over HTTPS, but requested an insecure element 'http://ci.xiaohongshu.com/77c0d478-c016-39c9-954d-1cdaac23e79c?imageView2/2/w/270/format/jpg'. This request was automatically upgraded to HTTPS, For more information see https://blog.chromium.org/2019/10/no-more-mixed-messages-about-https.html", source: https://creator.xiaohongshu.com/new/home (0)
[0620/124418.418:INFO:CONSOLE:0] "Mixed Content: The page at 'https://creator.xiaohongshu.com/new/home' was loaded over HTTPS, but requested an insecure element 'http://ci.xiaohongshu.com/cb9a7294-3b4c-3da3-8121-ed0637cad6b4?imageView2/2/w/270/format/jpg'. This request was automatically upgraded to HTTPS, For more information see https://blog.chromium.org/2019/10/no-more-mixed-messages-about-https.html", source: https://creator.xiaohongshu.com/new/home (0)
[0620/124418.420:INFO:CONSOLE:0] "Mixed Content: The page at 'https://creator.xiaohongshu.com/new/home' was loaded over HTTPS, but requested an insecure element 'http://ci.xiaohongshu.com/010272016jzd5soyf9t0103dw2t2hyvlhx?imageView2/2/w/270/format/jpg'. This request was automatically upgraded to HTTPS, For more information see https://blog.chromium.org/2019/10/no-more-mixed-messages-about-https.html", source: https://creator.xiaohongshu.com/new/home (0)
[0620/124418.420:INFO:CONSOLE:0] "Mixed Content: The page at 'https://creator.xiaohongshu.com/new/home' was loaded over HTTPS, but requested an insecure element 'http://ci.xiaohongshu.com/0219df73-68d0-3502-a77c-72b1fd4cfcfb?imageView2/2/w/270/format/jpg'. This request was automatically upgraded to HTTPS, For more information see https://blog.chromium.org/2019/10/no-more-mixed-messages-about-https.html", source: https://creator.xiaohongshu.com/new/home (0)
[0620/124418.420:INFO:CONSOLE:0] "Mixed Content: The page at 'https://creator.xiaohongshu.com/new/home' was loaded over HTTPS, but requested an insecure element 'http://ci.xiaohongshu.com/fdbba771-8c11-318d-bd7e-65084dfa6236?imageView2/2/w/270/format/jpg'. This request was automatically upgraded to HTTPS, For more information see https://blog.chromium.org/2019/10/no-more-mixed-messages-about-https.html", source: https://creator.xiaohongshu.com/new/home (0)
[0620/124418.420:INFO:CONSOLE:0] "Mixed Content: The page at 'https://creator.xiaohongshu.com/new/home' was loaded over HTTPS, but requested an insecure element 'http://ci.xiaohongshu.com/f84f0e81-44d3-3284-bd8c-df0cd50db549?imageView2/2/w/270/format/jpg'. This request was automatically upgraded to HTTPS, For more information see https://blog.chromium.org/2019/10/no-more-mixed-messages-about-https.html", source: https://creator.xiaohongshu.com/new/home (0)
[0620/124418.420:INFO:CONSOLE:0] "Mixed Content: The page at 'https://creator.xiaohongshu.com/new/home' was loaded over HTTPS, but requested an insecure element 'http://ci.xiaohongshu.com/32cacced-3b28-321d-9ed6-7745e001e985?imageView2/2/w/270/format/jpg'. This request was automatically upgraded to HTTPS, For more information see https://blog.chromium.org/2019/10/no-more-mixed-messages-about-https.html", source: https://creator.xiaohongshu.com/new/home (0)
[0620/124418.420:INFO:CONSOLE:0] "Mixed Content: The page at 'https://creator.xiaohongshu.com/new/home' was loaded over HTTPS, but requested an insecure element 'http://ci.xiaohongshu.com/cbc2f859-bb10-3d3f-a141-5dd92056725d?imageView2/2/w/270/format/jpg'. This request was automatically upgraded to HTTPS, For more information see https://blog.chromium.org/2019/10/no-more-mixed-messages-about-https.html", source: https://creator.xiaohongshu.com/new/home (0)
[0620/124418.420:INFO:CONSOLE:0] "Mixed Content: The page at 'https://creator.xiaohongshu.com/new/home' was loaded over HTTPS, but requested an insecure element 'http://ci.xiaohongshu.com/d7762267-69c7-3bc0-a89a-3c7127f0f738?imageView2/2/w/270/format/jpg'. This request was automatically upgraded to HTTPS, For more information see https://blog.chromium.org/2019/10/no-more-mixed-messages-about-https.html", source: https://creator.xiaohongshu.com/new/home (0)
[0620/124418.420:INFO:CONSOLE:0] "Mixed Content: The page at 'https://creator.xiaohongshu.com/new/home' was loaded over HTTPS, but requested an insecure element 'http://ci.xiaohongshu.com/6ddf4fe1-2908-3b71-8ca7-fee885c4eab9?imageView2/2/w/270/format/jpg'. This request was automatically upgraded to HTTPS, For more information see https://blog.chromium.org/2019/10/no-more-mixed-messages-about-https.html", source: https://creator.xiaohongshu.com/new/home (0)
[0620/124418.420:INFO:CONSOLE:0] "Mixed Content: The page at 'https://creator.xiaohongshu.com/new/home' was loaded over HTTPS, but requested an insecure element 'http://ci.xiaohongshu.com/dfa37da0-ca01-31a7-9bb7-2e30e21c724a?imageView2/2/w/270/format/jpg'. This request was automatically upgraded to HTTPS, For more information see https://blog.chromium.org/2019/10/no-more-mixed-messages-about-https.html", source: https://creator.xiaohongshu.com/new/home (0)
[0620/124418.420:INFO:CONSOLE:0] "Mixed Content: The page at 'https://creator.xiaohongshu.com/new/home' was loaded over HTTPS, but requested an insecure element 'http://ci.xiaohongshu.com/dcef525b-8e58-38d5-ab60-0e6cb5a185f7?imageView2/2/w/270/format/jpg'. This request was automatically upgraded to HTTPS, For more information see https://blog.chromium.org/2019/10/no-more-mixed-messages-about-https.html", source: https://creator.xiaohongshu.com/new/home (0)
[0620/124418.420:INFO:CONSOLE:0] "Mixed Content: The page at 'https://creator.xiaohongshu.com/new/home' was loaded over HTTPS, but requested an insecure element 'http://ci.xiaohongshu.com/2d9fa2fa-3d30-3ce8-b8f1-54b97d788720?imageView2/2/w/270/format/jpg'. This request was automatically upgraded to HTTPS, For more information see https://blog.chromium.org/2019/10/no-more-mixed-messages-about-https.html", source: https://creator.xiaohongshu.com/new/home (0)
[0620/124418.420:INFO:CONSOLE:0] "Mixed Content: The page at 'https://creator.xiaohongshu.com/new/home' was loaded over HTTPS, but requested an insecure element 'http://ci.xiaohongshu.com/347a3290-049d-3a1f-bd88-33fd260672a1?imageView2/2/w/270/format/jpg'. This request was automatically upgraded to HTTPS, For more information see https://blog.chromium.org/2019/10/no-more-mixed-messages-about-https.html", source: https://creator.xiaohongshu.com/new/home (0)
[0620/124418.420:INFO:CONSOLE:0] "Mixed Content: The page at 'https://creator.xiaohongshu.com/new/home' was loaded over HTTPS, but requested an insecure element 'http://ci.xiaohongshu.com/2404ddb6-deb7-33ba-9d03-d2c434a02e46?imageView2/2/w/270/format/jpg'. This request was automatically upgraded to HTTPS, For more information see https://blog.chromium.org/2019/10/no-more-mixed-messages-about-https.html", source: https://creator.xiaohongshu.com/new/home (0)
[0620/124418.420:INFO:CONSOLE:0] "Mixed Content: The page at 'https://creator.xiaohongshu.com/new/home' was loaded over HTTPS, but requested an insecure element 'http://ci.xiaohongshu.com/77c0d478-c016-39c9-954d-1cdaac23e79c?imageView2/2/w/270/format/jpg'. This request was automatically upgraded to HTTPS, For more information see https://blog.chromium.org/2019/10/no-more-mixed-messages-about-https.html", source: https://creator.xiaohongshu.com/new/home (0)
[0620/124418.420:INFO:CONSOLE:0] "Mixed Content: The page at 'https://creator.xiaohongshu.com/new/home' was loaded over HTTPS, but requested an insecure element 'http://ci.xiaohongshu.com/cb9a7294-3b4c-3da3-8121-ed0637cad6b4?imageView2/2/w/270/format/jpg'. This request was automatically upgraded to HTTPS, For more information see https://blog.chromium.org/2019/10/no-more-mixed-messages-about-https.html", source: https://creator.xiaohongshu.com/new/home (0)
[0620/124418.420:INFO:CONSOLE:0] "Mixed Content: The page at 'https://creator.xiaohongshu.com/new/home' was loaded over HTTPS, but requested an insecure element 'http://ci.xiaohongshu.com/010272016jzd5soyf9t0103dw2t2hyvlhx?imageView2/2/w/270/format/jpg'. This request was automatically upgraded to HTTPS, For more information see https://blog.chromium.org/2019/10/no-more-mixed-messages-about-https.html", source: https://creator.xiaohongshu.com/new/home (0)
[0620/124418.420:INFO:CONSOLE:0] "Mixed Content: The page at 'https://creator.xiaohongshu.com/new/home' was loaded over HTTPS, but requested an insecure element 'http://ci.xiaohongshu.com/0219df73-68d0-3502-a77c-72b1fd4cfcfb?imageView2/2/w/270/format/jpg'. This request was automatically upgraded to HTTPS, For more information see https://blog.chromium.org/2019/10/no-more-mixed-messages-about-https.html", source: https://creator.xiaohongshu.com/new/home (0)
[0620/124418.420:INFO:CONSOLE:0] "Mixed Content: The page at 'https://creator.xiaohongshu.com/new/home' was loaded over HTTPS, but requested an insecure element 'http://ci.xiaohongshu.com/fdbba771-8c11-318d-bd7e-65084dfa6236?imageView2/2/w/270/format/jpg'. This request was automatically upgraded to HTTPS, For more information see https://blog.chromium.org/2019/10/no-more-mixed-messages-about-https.html", source: https://creator.xiaohongshu.com/new/home (0)
[0620/124418.420:INFO:CONSOLE:0] "Mixed Content: The page at 'https://creator.xiaohongshu.com/new/home' was loaded over HTTPS, but requested an insecure element 'http://ci.xiaohongshu.com/f84f0e81-44d3-3284-bd8c-df0cd50db549?imageView2/2/w/270/format/jpg'. This request was automatically upgraded to HTTPS, For more information see https://blog.chromium.org/2019/10/no-more-mixed-messages-about-https.html", source: https://creator.xiaohongshu.com/new/home (0)
[0620/124418.420:INFO:CONSOLE:0] "Mixed Content: The page at 'https://creator.xiaohongshu.com/new/home' was loaded over HTTPS, but requested an insecure element 'http://ci.xiaohongshu.com/32cacced-3b28-321d-9ed6-7745e001e985?imageView2/2/w/270/format/jpg'. This request was automatically upgraded to HTTPS, For more information see https://blog.chromium.org/2019/10/no-more-mixed-messages-about-https.html", source: https://creator.xiaohongshu.com/new/home (0)
[0620/124418.420:INFO:CONSOLE:0] "Mixed Content: The page at 'https://creator.xiaohongshu.com/new/home' was loaded over HTTPS, but requested an insecure element 'http://ci.xiaohongshu.com/cbc2f859-bb10-3d3f-a141-5dd92056725d?imageView2/2/w/270/format/jpg'. This request was automatically upgraded to HTTPS, For more information see https://blog.chromium.org/2019/10/no-more-mixed-messages-about-https.html", source: https://creator.xiaohongshu.com/new/home (0)
[0620/124418.420:INFO:CONSOLE:0] "Mixed Content: The page at 'https://creator.xiaohongshu.com/new/home' was loaded over HTTPS, but requested an insecure element 'http://ci.xiaohongshu.com/d7762267-69c7-3bc0-a89a-3c7127f0f738?imageView2/2/w/270/format/jpg'. This request was automatically upgraded to HTTPS, For more information see https://blog.chromium.org/2019/10/no-more-mixed-messages-about-https.html", source: https://creator.xiaohongshu.com/new/home (0)
[0620/124418.420:INFO:CONSOLE:0] "Mixed Content: The page at 'https://creator.xiaohongshu.com/new/home' was loaded over HTTPS, but requested an insecure element 'http://ci.xiaohongshu.com/6ddf4fe1-2908-3b71-8ca7-fee885c4eab9?imageView2/2/w/270/format/jpg'. This request was automatically upgraded to HTTPS, For more information see https://blog.chromium.org/2019/10/no-more-mixed-messages-about-https.html", source: https://creator.xiaohongshu.com/new/home (0)
[0620/124418.420:INFO:CONSOLE:0] "Mixed Content: The page at 'https://creator.xiaohongshu.com/new/home' was loaded over HTTPS, but requested an insecure element 'http://ci.xiaohongshu.com/dfa37da0-ca01-31a7-9bb7-2e30e21c724a?imageView2/2/w/270/format/jpg'. This request was automatically upgraded to HTTPS, For more information see https://blog.chromium.org/2019/10/no-more-mixed-messages-about-https.html", source: https://creator.xiaohongshu.com/new/home (0)
[0620/124418.420:INFO:CONSOLE:0] "Mixed Content: The page at 'https://creator.xiaohongshu.com/new/home' was loaded over HTTPS, but requested an insecure element 'http://ci.xiaohongshu.com/dcef525b-8e58-38d5-ab60-0e6cb5a185f7?imageView2/2/w/270/format/jpg'. This request was automatically upgraded to HTTPS, For more information see https://blog.chromium.org/2019/10/no-more-mixed-messages-about-https.html", source: https://creator.xiaohongshu.com/new/home (0)
[0620/124418.420:INFO:CONSOLE:0] "Mixed Content: The page at 'https://creator.xiaohongshu.com/new/home' was loaded over HTTPS, but requested an insecure element 'http://ci.xiaohongshu.com/2d9fa2fa-3d30-3ce8-b8f1-54b97d788720?imageView2/2/w/270/format/jpg'. This request was automatically upgraded to HTTPS, For more information see https://blog.chromium.org/2019/10/no-more-mixed-messages-about-https.html", source: https://creator.xiaohongshu.com/new/home (0)
[0620/124418.420:INFO:CONSOLE:0] "Mixed Content: The page at 'https://creator.xiaohongshu.com/new/home' was loaded over HTTPS, but requested an insecure element 'http://ci.xiaohongshu.com/347a3290-049d-3a1f-bd88-33fd260672a1?imageView2/2/w/270/format/jpg'. This request was automatically upgraded to HTTPS, For more information see https://blog.chromium.org/2019/10/no-more-mixed-messages-about-https.html", source: https://creator.xiaohongshu.com/new/home (0)
[0620/124418.420:INFO:CONSOLE:0] "Mixed Content: The page at 'https://creator.xiaohongshu.com/new/home' was loaded over HTTPS, but requested an insecure element 'http://ci.xiaohongshu.com/2404ddb6-deb7-33ba-9d03-d2c434a02e46?imageView2/2/w/270/format/jpg'. This request was automatically upgraded to HTTPS, For more information see https://blog.chromium.org/2019/10/no-more-mixed-messages-about-https.html", source: https://creator.xiaohongshu.com/new/home (0)
[0620/124418.420:INFO:CONSOLE:0] "Mixed Content: The page at 'https://creator.xiaohongshu.com/new/home' was loaded over HTTPS, but requested an insecure element 'http://ci.xiaohongshu.com/77c0d478-c016-39c9-954d-1cdaac23e79c?imageView2/2/w/270/format/jpg'. This request was automatically upgraded to HTTPS, For more information see https://blog.chromium.org/2019/10/no-more-mixed-messages-about-https.html", source: https://creator.xiaohongshu.com/new/home (0)
[0620/124418.420:INFO:CONSOLE:0] "Mixed Content: The page at 'https://creator.xiaohongshu.com/new/home' was loaded over HTTPS, but requested an insecure element 'http://ci.xiaohongshu.com/cb9a7294-3b4c-3da3-8121-ed0637cad6b4?imageView2/2/w/270/format/jpg'. This request was automatically upgraded to HTTPS, For more information see https://blog.chromium.org/2019/10/no-more-mixed-messages-about-https.html", source: https://creator.xiaohongshu.com/new/home (0)
[0620/124418.420:INFO:CONSOLE:0] "Mixed Content: The page at 'https://creator.xiaohongshu.com/new/home' was loaded over HTTPS, but requested an insecure element 'http://ci.xiaohongshu.com/010272016jzd5soyf9t0103dw2t2hyvlhx?imageView2/2/w/270/format/jpg'. This request was automatically upgraded to HTTPS, For more information see https://blog.chromium.org/2019/10/no-more-mixed-messages-about-https.html", source: https://creator.xiaohongshu.com/new/home (0)
[0620/124418.420:INFO:CONSOLE:0] "Mixed Content: The page at 'https://creator.xiaohongshu.com/new/home' was loaded over HTTPS, but requested an insecure element 'http://ci.xiaohongshu.com/0219df73-68d0-3502-a77c-72b1fd4cfcfb?imageView2/2/w/270/format/jpg'. This request was automatically upgraded to HTTPS, For more information see https://blog.chromium.org/2019/10/no-more-mixed-messages-about-https.html", source: https://creator.xiaohongshu.com/new/home (0)
[0620/124418.420:INFO:CONSOLE:0] "Mixed Content: The page at 'https://creator.xiaohongshu.com/new/home' was loaded over HTTPS, but requested an insecure element 'http://ci.xiaohongshu.com/fdbba771-8c11-318d-bd7e-65084dfa6236?imageView2/2/w/270/format/jpg'. This request was automatically upgraded to HTTPS, For more information see https://blog.chromium.org/2019/10/no-more-mixed-messages-about-https.html", source: https://creator.xiaohongshu.com/new/home (0)
[0620/124418.420:INFO:CONSOLE:0] "Mixed Content: The page at 'https://creator.xiaohongshu.com/new/home' was loaded over HTTPS, but requested an insecure element 'http://ci.xiaohongshu.com/f84f0e81-44d3-3284-bd8c-df0cd50db549?imageView2/2/w/270/format/jpg'. This request was automatically upgraded to HTTPS, For more information see https://blog.chromium.org/2019/10/no-more-mixed-messages-about-https.html", source: https://creator.xiaohongshu.com/new/home (0)
[0620/124418.420:INFO:CONSOLE:0] "Mixed Content: The page at 'https://creator.xiaohongshu.com/new/home' was loaded over HTTPS, but requested an insecure element 'http://ci.xiaohongshu.com/32cacced-3b28-321d-9ed6-7745e001e985?imageView2/2/w/270/format/jpg'. This request was automatically upgraded to HTTPS, For more information see https://blog.chromium.org/2019/10/no-more-mixed-messages-about-https.html", source: https://creator.xiaohongshu.com/new/home (0)
[0620/124418.420:INFO:CONSOLE:0] "Mixed Content: The page at 'https://creator.xiaohongshu.com/new/home' was loaded over HTTPS, but requested an insecure element 'http://ci.xiaohongshu.com/cbc2f859-bb10-3d3f-a141-5dd92056725d?imageView2/2/w/270/format/jpg'. This request was automatically upgraded to HTTPS, For more information see https://blog.chromium.org/2019/10/no-more-mixed-messages-about-https.html", source: https://creator.xiaohongshu.com/new/home (0)
[0620/124418.420:INFO:CONSOLE:0] "Mixed Content: The page at 'https://creator.xiaohongshu.com/new/home' was loaded over HTTPS, but requested an insecure element 'http://ci.xiaohongshu.com/d7762267-69c7-3bc0-a89a-3c7127f0f738?imageView2/2/w/270/format/jpg'. This request was automatically upgraded to HTTPS, For more information see https://blog.chromium.org/2019/10/no-more-mixed-messages-about-https.html", source: https://creator.xiaohongshu.com/new/home (0)
[0620/124418.420:INFO:CONSOLE:0] "Mixed Content: The page at 'https://creator.xiaohongshu.com/new/home' was loaded over HTTPS, but requested an insecure element 'http://ci.xiaohongshu.com/6ddf4fe1-2908-3b71-8ca7-fee885c4eab9?imageView2/2/w/270/format/jpg'. This request was automatically upgraded to HTTPS, For more information see https://blog.chromium.org/2019/10/no-more-mixed-messages-about-https.html", source: https://creator.xiaohongshu.com/new/home (0)
[0620/124418.421:INFO:CONSOLE:0] "Mixed Content: The page at 'https://creator.xiaohongshu.com/new/home' was loaded over HTTPS, but requested an insecure element 'http://ci.xiaohongshu.com/dfa37da0-ca01-31a7-9bb7-2e30e21c724a?imageView2/2/w/270/format/jpg'. This request was automatically upgraded to HTTPS, For more information see https://blog.chromium.org/2019/10/no-more-mixed-messages-about-https.html", source: https://creator.xiaohongshu.com/new/home (0)
[0620/124418.421:INFO:CONSOLE:0] "Mixed Content: The page at 'https://creator.xiaohongshu.com/new/home' was loaded over HTTPS, but requested an insecure element 'http://ci.xiaohongshu.com/dcef525b-8e58-38d5-ab60-0e6cb5a185f7?imageView2/2/w/270/format/jpg'. This request was automatically upgraded to HTTPS, For more information see https://blog.chromium.org/2019/10/no-more-mixed-messages-about-https.html", source: https://creator.xiaohongshu.com/new/home (0)
[0620/124418.421:INFO:CONSOLE:0] "Mixed Content: The page at 'https://creator.xiaohongshu.com/new/home' was loaded over HTTPS, but requested an insecure element 'http://ci.xiaohongshu.com/2d9fa2fa-3d30-3ce8-b8f1-54b97d788720?imageView2/2/w/270/format/jpg'. This request was automatically upgraded to HTTPS, For more information see https://blog.chromium.org/2019/10/no-more-mixed-messages-about-https.html", source: https://creator.xiaohongshu.com/new/home (0)
[0620/124418.421:INFO:CONSOLE:0] "Mixed Content: The page at 'https://creator.xiaohongshu.com/new/home' was loaded over HTTPS, but requested an insecure element 'http://ci.xiaohongshu.com/347a3290-049d-3a1f-bd88-33fd260672a1?imageView2/2/w/270/format/jpg'. This request was automatically upgraded to HTTPS, For more information see https://blog.chromium.org/2019/10/no-more-mixed-messages-about-https.html", source: https://creator.xiaohongshu.com/new/home (0)
[0620/124418.421:INFO:CONSOLE:0] "Mixed Content: The page at 'https://creator.xiaohongshu.com/new/home' was loaded over HTTPS, but requested an insecure element 'http://ci.xiaohongshu.com/2404ddb6-deb7-33ba-9d03-d2c434a02e46?imageView2/2/w/270/format/jpg'. This request was automatically upgraded to HTTPS, For more information see https://blog.chromium.org/2019/10/no-more-mixed-messages-about-https.html", source: https://creator.xiaohongshu.com/new/home (0)
[0620/124418.421:INFO:CONSOLE:0] "Mixed Content: The page at 'https://creator.xiaohongshu.com/new/home' was loaded over HTTPS, but requested an insecure element 'http://ci.xiaohongshu.com/77c0d478-c016-39c9-954d-1cdaac23e79c?imageView2/2/w/270/format/jpg'. This request was automatically upgraded to HTTPS, For more information see https://blog.chromium.org/2019/10/no-more-mixed-messages-about-https.html", source: https://creator.xiaohongshu.com/new/home (0)
[0620/124418.421:INFO:CONSOLE:0] "Mixed Content: The page at 'https://creator.xiaohongshu.com/new/home' was loaded over HTTPS, but requested an insecure element 'http://ci.xiaohongshu.com/cb9a7294-3b4c-3da3-8121-ed0637cad6b4?imageView2/2/w/270/format/jpg'. This request was automatically upgraded to HTTPS, For more information see https://blog.chromium.org/2019/10/no-more-mixed-messages-about-https.html", source: https://creator.xiaohongshu.com/new/home (0)
[0620/124418.421:INFO:CONSOLE:0] "Mixed Content: The page at 'https://creator.xiaohongshu.com/new/home' was loaded over HTTPS, but requested an insecure element 'http://ci.xiaohongshu.com/010272016jzd5soyf9t0103dw2t2hyvlhx?imageView2/2/w/270/format/jpg'. This request was automatically upgraded to HTTPS, For more information see https://blog.chromium.org/2019/10/no-more-mixed-messages-about-https.html", source: https://creator.xiaohongshu.com/new/home (0)
[0620/124418.421:INFO:CONSOLE:0] "Mixed Content: The page at 'https://creator.xiaohongshu.com/new/home' was loaded over HTTPS, but requested an insecure element 'http://ci.xiaohongshu.com/0219df73-68d0-3502-a77c-72b1fd4cfcfb?imageView2/2/w/270/format/jpg'. This request was automatically upgraded to HTTPS, For more information see https://blog.chromium.org/2019/10/no-more-mixed-messages-about-https.html", source: https://creator.xiaohongshu.com/new/home (0)
[0620/124418.421:INFO:CONSOLE:0] "Mixed Content: The page at 'https://creator.xiaohongshu.com/new/home' was loaded over HTTPS, but requested an insecure element 'http://ci.xiaohongshu.com/fdbba771-8c11-318d-bd7e-65084dfa6236?imageView2/2/w/270/format/jpg'. This request was automatically upgraded to HTTPS, For more information see https://blog.chromium.org/2019/10/no-more-mixed-messages-about-https.html", source: https://creator.xiaohongshu.com/new/home (0)
[0620/124418.421:INFO:CONSOLE:0] "Mixed Content: The page at 'https://creator.xiaohongshu.com/new/home' was loaded over HTTPS, but requested an insecure element 'http://ci.xiaohongshu.com/f84f0e81-44d3-3284-bd8c-df0cd50db549?imageView2/2/w/270/format/jpg'. This request was automatically upgraded to HTTPS, For more information see https://blog.chromium.org/2019/10/no-more-mixed-messages-about-https.html", source: https://creator.xiaohongshu.com/new/home (0)
[0620/124418.421:INFO:CONSOLE:0] "Mixed Content: The page at 'https://creator.xiaohongshu.com/new/home' was loaded over HTTPS, but requested an insecure element 'http://ci.xiaohongshu.com/32cacced-3b28-321d-9ed6-7745e001e985?imageView2/2/w/270/format/jpg'. This request was automatically upgraded to HTTPS, For more information see https://blog.chromium.org/2019/10/no-more-mixed-messages-about-https.html", source: https://creator.xiaohongshu.com/new/home (0)
[0620/124418.421:INFO:CONSOLE:0] "Mixed Content: The page at 'https://creator.xiaohongshu.com/new/home' was loaded over HTTPS, but requested an insecure element 'http://ci.xiaohongshu.com/cbc2f859-bb10-3d3f-a141-5dd92056725d?imageView2/2/w/270/format/jpg'. This request was automatically upgraded to HTTPS, For more information see https://blog.chromium.org/2019/10/no-more-mixed-messages-about-https.html", source: https://creator.xiaohongshu.com/new/home (0)
[0620/124418.421:INFO:CONSOLE:0] "Mixed Content: The page at 'https://creator.xiaohongshu.com/new/home' was loaded over HTTPS, but requested an insecure element 'http://ci.xiaohongshu.com/d7762267-69c7-3bc0-a89a-3c7127f0f738?imageView2/2/w/270/format/jpg'. This request was automatically upgraded to HTTPS, For more information see https://blog.chromium.org/2019/10/no-more-mixed-messages-about-https.html", source: https://creator.xiaohongshu.com/new/home (0)
[0620/124418.421:INFO:CONSOLE:0] "Mixed Content: The page at 'https://creator.xiaohongshu.com/new/home' was loaded over HTTPS, but requested an insecure element 'http://ci.xiaohongshu.com/6ddf4fe1-2908-3b71-8ca7-fee885c4eab9?imageView2/2/w/270/format/jpg'. This request was automatically upgraded to HTTPS, For more information see https://blog.chromium.org/2019/10/no-more-mixed-messages-about-https.html", source: https://creator.xiaohongshu.com/new/home (0)
[0620/124418.421:INFO:CONSOLE:0] "Mixed Content: The page at 'https://creator.xiaohongshu.com/new/home' was loaded over HTTPS, but requested an insecure element 'http://ci.xiaohongshu.com/dfa37da0-ca01-31a7-9bb7-2e30e21c724a?imageView2/2/w/270/format/jpg'. This request was automatically upgraded to HTTPS, For more information see https://blog.chromium.org/2019/10/no-more-mixed-messages-about-https.html", source: https://creator.xiaohongshu.com/new/home (0)
[0620/124418.421:INFO:CONSOLE:0] "Mixed Content: The page at 'https://creator.xiaohongshu.com/new/home' was loaded over HTTPS, but requested an insecure element 'http://ci.xiaohongshu.com/dcef525b-8e58-38d5-ab60-0e6cb5a185f7?imageView2/2/w/270/format/jpg'. This request was automatically upgraded to HTTPS, For more information see https://blog.chromium.org/2019/10/no-more-mixed-messages-about-https.html", source: https://creator.xiaohongshu.com/new/home (0)
[0620/124418.421:INFO:CONSOLE:0] "Mixed Content: The page at 'https://creator.xiaohongshu.com/new/home' was loaded over HTTPS, but requested an insecure element 'http://ci.xiaohongshu.com/2d9fa2fa-3d30-3ce8-b8f1-54b97d788720?imageView2/2/w/270/format/jpg'. This request was automatically upgraded to HTTPS, For more information see https://blog.chromium.org/2019/10/no-more-mixed-messages-about-https.html", source: https://creator.xiaohongshu.com/new/home (0)
[0620/124418.421:INFO:CONSOLE:0] "Mixed Content: The page at 'https://creator.xiaohongshu.com/new/home' was loaded over HTTPS, but requested an insecure element 'http://ci.xiaohongshu.com/347a3290-049d-3a1f-bd88-33fd260672a1?imageView2/2/w/270/format/jpg'. This request was automatically upgraded to HTTPS, For more information see https://blog.chromium.org/2019/10/no-more-mixed-messages-about-https.html", source: https://creator.xiaohongshu.com/new/home (0)
[0620/124418.421:INFO:CONSOLE:0] "Mixed Content: The page at 'https://creator.xiaohongshu.com/new/home' was loaded over HTTPS, but requested an insecure element 'http://ci.xiaohongshu.com/2404ddb6-deb7-33ba-9d03-d2c434a02e46?imageView2/2/w/270/format/jpg'. This request was automatically upgraded to HTTPS, For more information see https://blog.chromium.org/2019/10/no-more-mixed-messages-about-https.html", source: https://creator.xiaohongshu.com/new/home (0)
[0620/124418.421:INFO:CONSOLE:0] "Mixed Content: The page at 'https://creator.xiaohongshu.com/new/home' was loaded over HTTPS, but requested an insecure element 'http://ci.xiaohongshu.com/77c0d478-c016-39c9-954d-1cdaac23e79c?imageView2/2/w/270/format/jpg'. This request was automatically upgraded to HTTPS, For more information see https://blog.chromium.org/2019/10/no-more-mixed-messages-about-https.html", source: https://creator.xiaohongshu.com/new/home (0)
[0620/124418.421:INFO:CONSOLE:0] "Mixed Content: The page at 'https://creator.xiaohongshu.com/new/home' was loaded over HTTPS, but requested an insecure element 'http://ci.xiaohongshu.com/cb9a7294-3b4c-3da3-8121-ed0637cad6b4?imageView2/2/w/270/format/jpg'. This request was automatically upgraded to HTTPS, For more information see https://blog.chromium.org/2019/10/no-more-mixed-messages-about-https.html", source: https://creator.xiaohongshu.com/new/home (0)
[0620/124418.421:INFO:CONSOLE:0] "Mixed Content: The page at 'https://creator.xiaohongshu.com/new/home' was loaded over HTTPS, but requested an insecure element 'http://ci.xiaohongshu.com/010272016jzd5soyf9t0103dw2t2hyvlhx?imageView2/2/w/270/format/jpg'. This request was automatically upgraded to HTTPS, For more information see https://blog.chromium.org/2019/10/no-more-mixed-messages-about-https.html", source: https://creator.xiaohongshu.com/new/home (0)
[0620/124418.421:INFO:CONSOLE:0] "Mixed Content: The page at 'https://creator.xiaohongshu.com/new/home' was loaded over HTTPS, but requested an insecure element 'http://ci.xiaohongshu.com/0219df73-68d0-3502-a77c-72b1fd4cfcfb?imageView2/2/w/270/format/jpg'. This request was automatically upgraded to HTTPS, For more information see https://blog.chromium.org/2019/10/no-more-mixed-messages-about-https.html", source: https://creator.xiaohongshu.com/new/home (0)
[0620/124418.421:INFO:CONSOLE:0] "Mixed Content: The page at 'https://creator.xiaohongshu.com/new/home' was loaded over HTTPS, but requested an insecure element 'http://ci.xiaohongshu.com/fdbba771-8c11-318d-bd7e-65084dfa6236?imageView2/2/w/270/format/jpg'. This request was automatically upgraded to HTTPS, For more information see https://blog.chromium.org/2019/10/no-more-mixed-messages-about-https.html", source: https://creator.xiaohongshu.com/new/home (0)
[0620/124418.421:INFO:CONSOLE:0] "Mixed Content: The page at 'https://creator.xiaohongshu.com/new/home' was loaded over HTTPS, but requested an insecure element 'http://ci.xiaohongshu.com/f84f0e81-44d3-3284-bd8c-df0cd50db549?imageView2/2/w/270/format/jpg'. This request was automatically upgraded to HTTPS, For more information see https://blog.chromium.org/2019/10/no-more-mixed-messages-about-https.html", source: https://creator.xiaohongshu.com/new/home (0)
[0620/124418.421:INFO:CONSOLE:0] "Mixed Content: The page at 'https://creator.xiaohongshu.com/new/home' was loaded over HTTPS, but requested an insecure element 'http://ci.xiaohongshu.com/32cacced-3b28-321d-9ed6-7745e001e985?imageView2/2/w/270/format/jpg'. This request was automatically upgraded to HTTPS, For more information see https://blog.chromium.org/2019/10/no-more-mixed-messages-about-https.html", source: https://creator.xiaohongshu.com/new/home (0)
[0620/124418.421:INFO:CONSOLE:0] "Mixed Content: The page at 'https://creator.xiaohongshu.com/new/home' was loaded over HTTPS, but requested an insecure element 'http://ci.xiaohongshu.com/cbc2f859-bb10-3d3f-a141-5dd92056725d?imageView2/2/w/270/format/jpg'. This request was automatically upgraded to HTTPS, For more information see https://blog.chromium.org/2019/10/no-more-mixed-messages-about-https.html", source: https://creator.xiaohongshu.com/new/home (0)
[0620/124418.421:INFO:CONSOLE:0] "Mixed Content: The page at 'https://creator.xiaohongshu.com/new/home' was loaded over HTTPS, but requested an insecure element 'http://ci.xiaohongshu.com/d7762267-69c7-3bc0-a89a-3c7127f0f738?imageView2/2/w/270/format/jpg'. This request was automatically upgraded to HTTPS, For more information see https://blog.chromium.org/2019/10/no-more-mixed-messages-about-https.html", source: https://creator.xiaohongshu.com/new/home (0)
[0620/124418.421:INFO:CONSOLE:0] "Mixed Content: The page at 'https://creator.xiaohongshu.com/new/home' was loaded over HTTPS, but requested an insecure element 'http://ci.xiaohongshu.com/6ddf4fe1-2908-3b71-8ca7-fee885c4eab9?imageView2/2/w/270/format/jpg'. This request was automatically upgraded to HTTPS, For more information see https://blog.chromium.org/2019/10/no-more-mixed-messages-about-https.html", source: https://creator.xiaohongshu.com/new/home (0)
[0620/124418.421:INFO:CONSOLE:0] "Mixed Content: The page at 'https://creator.xiaohongshu.com/new/home' was loaded over HTTPS, but requested an insecure element 'http://ci.xiaohongshu.com/dfa37da0-ca01-31a7-9bb7-2e30e21c724a?imageView2/2/w/270/format/jpg'. This request was automatically upgraded to HTTPS, For more information see https://blog.chromium.org/2019/10/no-more-mixed-messages-about-https.html", source: https://creator.xiaohongshu.com/new/home (0)
[0620/124418.421:INFO:CONSOLE:0] "Mixed Content: The page at 'https://creator.xiaohongshu.com/new/home' was loaded over HTTPS, but requested an insecure element 'http://ci.xiaohongshu.com/dcef525b-8e58-38d5-ab60-0e6cb5a185f7?imageView2/2/w/270/format/jpg'. This request was automatically upgraded to HTTPS, For more information see https://blog.chromium.org/2019/10/no-more-mixed-messages-about-https.html", source: https://creator.xiaohongshu.com/new/home (0)
[0620/124418.421:INFO:CONSOLE:0] "Mixed Content: The page at 'https://creator.xiaohongshu.com/new/home' was loaded over HTTPS, but requested an insecure element 'http://ci.xiaohongshu.com/2d9fa2fa-3d30-3ce8-b8f1-54b97d788720?imageView2/2/w/270/format/jpg'. This request was automatically upgraded to HTTPS, For more information see https://blog.chromium.org/2019/10/no-more-mixed-messages-about-https.html", source: https://creator.xiaohongshu.com/new/home (0)
[0620/124418.421:INFO:CONSOLE:0] "Mixed Content: The page at 'https://creator.xiaohongshu.com/new/home' was loaded over HTTPS, but requested an insecure element 'http://ci.xiaohongshu.com/347a3290-049d-3a1f-bd88-33fd260672a1?imageView2/2/w/270/format/jpg'. This request was automatically upgraded to HTTPS, For more information see https://blog.chromium.org/2019/10/no-more-mixed-messages-about-https.html", source: https://creator.xiaohongshu.com/new/home (0)
[0620/124418.423:INFO:CONSOLE:0] "Mixed Content: The page at 'https://creator.xiaohongshu.com/new/home' was loaded over HTTPS, but requested an insecure element 'http://ci.xiaohongshu.com/2404ddb6-deb7-33ba-9d03-d2c434a02e46?imageView2/2/w/270/format/jpg'. This request was automatically upgraded to HTTPS, For more information see https://blog.chromium.org/2019/10/no-more-mixed-messages-about-https.html", source: https://creator.xiaohongshu.com/new/home (0)
[0620/124418.423:INFO:CONSOLE:0] "Mixed Content: The page at 'https://creator.xiaohongshu.com/new/home' was loaded over HTTPS, but requested an insecure element 'http://ci.xiaohongshu.com/77c0d478-c016-39c9-954d-1cdaac23e79c?imageView2/2/w/270/format/jpg'. This request was automatically upgraded to HTTPS, For more information see https://blog.chromium.org/2019/10/no-more-mixed-messages-about-https.html", source: https://creator.xiaohongshu.com/new/home (0)
[0620/124418.423:INFO:CONSOLE:0] "Mixed Content: The page at 'https://creator.xiaohongshu.com/new/home' was loaded over HTTPS, but requested an insecure element 'http://ci.xiaohongshu.com/cb9a7294-3b4c-3da3-8121-ed0637cad6b4?imageView2/2/w/270/format/jpg'. This request was automatically upgraded to HTTPS, For more information see https://blog.chromium.org/2019/10/no-more-mixed-messages-about-https.html", source: https://creator.xiaohongshu.com/new/home (0)
[0620/124418.423:INFO:CONSOLE:0] "Mixed Content: The page at 'https://creator.xiaohongshu.com/new/home' was loaded over HTTPS, but requested an insecure element 'http://ci.xiaohongshu.com/010272016jzd5soyf9t0103dw2t2hyvlhx?imageView2/2/w/270/format/jpg'. This request was automatically upgraded to HTTPS, For more information see https://blog.chromium.org/2019/10/no-more-mixed-messages-about-https.html", source: https://creator.xiaohongshu.com/new/home (0)
[0620/124418.587:INFO:CONSOLE:119] "[apm] httpRequestTiming", source: https://fe-static.xhscdn.com/formula-static/ugc/public/resource/js/8103.ec1b381a.js (119)
[0620/124418.587:INFO:CONSOLE:119] "console.groupEnd", source: https://fe-static.xhscdn.com/formula-static/ugc/public/resource/js/8103.ec1b381a.js (119)
[0620/124418.587:INFO:CONSOLE:119] "[apm] httpRequestTiming", source: https://fe-static.xhscdn.com/formula-static/ugc/public/resource/js/8103.ec1b381a.js (119)
[0620/124418.587:INFO:CONSOLE:119] "console.groupEnd", source: https://fe-static.xhscdn.com/formula-static/ugc/public/resource/js/8103.ec1b381a.js (119)
[0620/124418.587:INFO:CONSOLE:119] "[apm] httpRequestTiming", source: https://fe-static.xhscdn.com/formula-static/ugc/public/resource/js/8103.ec1b381a.js (119)
[0620/124418.587:INFO:CONSOLE:119] "console.groupEnd", source: https://fe-static.xhscdn.com/formula-static/ugc/public/resource/js/8103.ec1b381a.js (119)
[0620/124418.587:INFO:CONSOLE:119] "[apm] httpRequestTiming", source: https://fe-static.xhscdn.com/formula-static/ugc/public/resource/js/8103.ec1b381a.js (119)
[0620/124418.587:INFO:CONSOLE:119] "console.groupEnd", source: https://fe-static.xhscdn.com/formula-static/ugc/public/resource/js/8103.ec1b381a.js (119)
[0620/124418.587:INFO:CONSOLE:119] "[apm] httpRequestTiming", source: https://fe-static.xhscdn.com/formula-static/ugc/public/resource/js/8103.ec1b381a.js (119)
[0620/124418.587:INFO:CONSOLE:119] "console.groupEnd", source: https://fe-static.xhscdn.com/formula-static/ugc/public/resource/js/8103.ec1b381a.js (119)
[0620/124421.178:INFO:CONSOLE:119] "[apm performance metric] paintTiming", source: https://fe-static.xhscdn.com/formula-static/ugc/public/resource/js/8103.ec1b381a.js (119)
[0620/124421.178:INFO:CONSOLE:119] "console.groupEnd", source: https://fe-static.xhscdn.com/formula-static/ugc/public/resource/js/8103.ec1b381a.js (119)
[0620/124421.382:INFO:CONSOLE:3] "Error", source:  (3)
[0620/124421.471:INFO:CONSOLE:119] "[apm] httpRequestTiming", source: https://fe-static.xhscdn.com/formula-static/ugc/public/resource/js/8103.ec1b381a.js (119)
[0620/124421.471:INFO:CONSOLE:119] "console.groupEnd", source: https://fe-static.xhscdn.com/formula-static/ugc/public/resource/js/8103.ec1b381a.js (119)
[0620/124421.471:INFO:CONSOLE:119] "[apm] sns_web_publish_new_bootstrap", source: https://fe-static.xhscdn.com/formula-static/ugc/public/resource/js/8103.ec1b381a.js (119)
[0620/124421.471:INFO:CONSOLE:119] "console.groupEnd", source: https://fe-static.xhscdn.com/formula-static/ugc/public/resource/js/8103.ec1b381a.js (119)
[0620/124421.471:INFO:CONSOLE:119] "[apm] sns_web_publish_perf", source: https://fe-static.xhscdn.com/formula-static/ugc/public/resource/js/8103.ec1b381a.js (119)
[0620/124421.471:INFO:CONSOLE:119] "console.groupEnd", source: https://fe-static.xhscdn.com/formula-static/ugc/public/resource/js/8103.ec1b381a.js (119)
[0620/124421.471:INFO:CONSOLE:119] "[apm] sns_web_publish_perf", source: https://fe-static.xhscdn.com/formula-static/ugc/public/resource/js/8103.ec1b381a.js (119)
[0620/124421.471:INFO:CONSOLE:119] "console.groupEnd", source: https://fe-static.xhscdn.com/formula-static/ugc/public/resource/js/8103.ec1b381a.js (119)
[0620/124421.471:INFO:CONSOLE:119] "[apm] sns_web_publish_upload_image", source: https://fe-static.xhscdn.com/formula-static/ugc/public/resource/js/8103.ec1b381a.js (119)
[0620/124421.471:INFO:CONSOLE:119] "console.groupEnd", source: https://fe-static.xhscdn.com/formula-static/ugc/public/resource/js/8103.ec1b381a.js (119)
[0620/124424.299:INFO:CONSOLE:119] "[apm] sns_web_publish_upload_image", source: https://fe-static.xhscdn.com/formula-static/ugc/public/resource/js/8103.ec1b381a.js (119)
[0620/124424.299:INFO:CONSOLE:119] "console.groupEnd", source: https://fe-static.xhscdn.com/formula-static/ugc/public/resource/js/8103.ec1b381a.js (119)
[0620/124424.299:INFO:CONSOLE:119] "[apm] sns_web_draft_point", source: https://fe-static.xhscdn.com/formula-static/ugc/public/resource/js/8103.ec1b381a.js (119)
[0620/124424.299:INFO:CONSOLE:119] "console.groupEnd", source: https://fe-static.xhscdn.com/formula-static/ugc/public/resource/js/8103.ec1b381a.js (119)
[0620/124424.299:INFO:CONSOLE:119] "[apm] httpRequestTiming", source: https://fe-static.xhscdn.com/formula-static/ugc/public/resource/js/8103.ec1b381a.js (119)
[0620/124424.299:INFO:CONSOLE:119] "console.groupEnd", source: https://fe-static.xhscdn.com/formula-static/ugc/public/resource/js/8103.ec1b381a.js (119)
[0620/124424.299:INFO:CONSOLE:119] "[apm] sns_web_publish_perf", source: https://fe-static.xhscdn.com/formula-static/ugc/public/resource/js/8103.ec1b381a.js (119)
[0620/124424.299:INFO:CONSOLE:119] "console.groupEnd", source: https://fe-static.xhscdn.com/formula-static/ugc/public/resource/js/8103.ec1b381a.js (119)
[0620/124424.299:INFO:CONSOLE:119] "[apm] httpRequestTiming", source: https://fe-static.xhscdn.com/formula-static/ugc/public/resource/js/8103.ec1b381a.js (119)
[0620/124424.299:INFO:CONSOLE:119] "console.groupEnd", source: https://fe-static.xhscdn.com/formula-static/ugc/public/resource/js/8103.ec1b381a.js (119)
[0620/124426.437:INFO:CONSOLE:3] "Error", source:  (3)
[0620/124426.455:INFO:CONSOLE:1] "Error", source: https://fe-static.xhscdn.com/formula-static/ugc/public/resource/js/async/9936.c458759f.js (1)
[0620/124426.500:INFO:CONSOLE:1] "[object GeolocationPositionError]", source: https://fe-static.xhscdn.com/formula-static/ugc/public/resource/js/project-publish-vue.1428a0fb.js (1)
[0620/124426.716:INFO:CONSOLE:119] "[apm] sns_web_publish_upload_image", source: https://fe-static.xhscdn.com/formula-static/ugc/public/resource/js/8103.ec1b381a.js (119)
[0620/124426.716:INFO:CONSOLE:119] "console.groupEnd", source: https://fe-static.xhscdn.com/formula-static/ugc/public/resource/js/8103.ec1b381a.js (119)
[0620/124426.716:INFO:CONSOLE:119] "[apm] sns_web_publish_upload_image", source: https://fe-static.xhscdn.com/formula-static/ugc/public/resource/js/8103.ec1b381a.js (119)
[0620/124426.716:INFO:CONSOLE:119] "console.groupEnd", source: https://fe-static.xhscdn.com/formula-static/ugc/public/resource/js/8103.ec1b381a.js (119)
[0620/124426.716:INFO:CONSOLE:119] "[apm] sns_web_publish_upload_image", source: https://fe-static.xhscdn.com/formula-static/ugc/public/resource/js/8103.ec1b381a.js (119)
[0620/124426.716:INFO:CONSOLE:119] "console.groupEnd", source: https://fe-static.xhscdn.com/formula-static/ugc/public/resource/js/8103.ec1b381a.js (119)
[0620/124426.716:INFO:CONSOLE:119] "[apm] sns_web_publish_upload_image", source: https://fe-static.xhscdn.com/formula-static/ugc/public/resource/js/8103.ec1b381a.js (119)
[0620/124426.716:INFO:CONSOLE:119] "console.groupEnd", source: https://fe-static.xhscdn.com/formula-static/ugc/public/resource/js/8103.ec1b381a.js (119)
[0620/124426.716:INFO:CONSOLE:119] "[apm] sns_web_publish_publish", source: https://fe-static.xhscdn.com/formula-static/ugc/public/resource/js/8103.ec1b381a.js (119)
[0620/124426.716:INFO:CONSOLE:119] "console.groupEnd", source: https://fe-static.xhscdn.com/formula-static/ugc/public/resource/js/8103.ec1b381a.js (119)
[0620/124426.793:INFO:CONSOLE:119] "[apm] sns_web_publish_upload_image", source: https://fe-static.xhscdn.com/formula-static/ugc/public/resource/js/8103.ec1b381a.js (119)
[0620/124426.793:INFO:CONSOLE:119] "console.groupEnd", source: https://fe-static.xhscdn.com/formula-static/ugc/public/resource/js/8103.ec1b381a.js (119)
[0620/124426.793:INFO:CONSOLE:119] "[apm] httpRequestTiming", source: https://fe-static.xhscdn.com/formula-static/ugc/public/resource/js/8103.ec1b381a.js (119)
[0620/124426.793:INFO:CONSOLE:119] "console.groupEnd", source: https://fe-static.xhscdn.com/formula-static/ugc/public/resource/js/8103.ec1b381a.js (119)
[0620/124426.793:INFO:CONSOLE:119] "[apm] sns_web_draft_point", source: https://fe-static.xhscdn.com/formula-static/ugc/public/resource/js/8103.ec1b381a.js (119)
[0620/124426.793:INFO:CONSOLE:119] "console.groupEnd", source: https://fe-static.xhscdn.com/formula-static/ugc/public/resource/js/8103.ec1b381a.js (119)
[0620/124426.793:INFO:CONSOLE:119] "[apm] httpRequestTiming", source: https://fe-static.xhscdn.com/formula-static/ugc/public/resource/js/8103.ec1b381a.js (119)
[0620/124426.793:INFO:CONSOLE:119] "console.groupEnd", source: https://fe-static.xhscdn.com/formula-static/ugc/public/resource/js/8103.ec1b381a.js (119)
[0620/124426.793:INFO:CONSOLE:119] "[apm] httpRequestTiming", source: https://fe-static.xhscdn.com/formula-static/ugc/public/resource/js/8103.ec1b381a.js (119)
[0620/124426.793:INFO:CONSOLE:119] "console.groupEnd", source: https://fe-static.xhscdn.com/formula-static/ugc/public/resource/js/8103.ec1b381a.js (119)
[0620/124429.925:INFO:CONSOLE:3] "Error", source:  (3)
[0620/124431.299:INFO:CONSOLE:119] "[apm] httpRequestTiming", source: https://fe-static.xhscdn.com/formula-static/ugc/public/resource/js/8103.ec1b381a.js (119)
[0620/124431.300:INFO:CONSOLE:119] "console.groupEnd", source: https://fe-static.xhscdn.com/formula-static/ugc/public/resource/js/8103.ec1b381a.js (119)
[0620/124431.300:INFO:CONSOLE:119] "[apm] httpRequestTiming", source: https://fe-static.xhscdn.com/formula-static/ugc/public/resource/js/8103.ec1b381a.js (119)
[0620/124431.300:INFO:CONSOLE:119] "console.groupEnd", source: https://fe-static.xhscdn.com/formula-static/ugc/public/resource/js/8103.ec1b381a.js (119)
[0620/124431.300:INFO:CONSOLE:119] "[apm] httpRequestTiming", source: https://fe-static.xhscdn.com/formula-static/ugc/public/resource/js/8103.ec1b381a.js (119)
[0620/124431.300:INFO:CONSOLE:119] "console.groupEnd", source: https://fe-static.xhscdn.com/formula-static/ugc/public/resource/js/8103.ec1b381a.js (119)
[0620/124431.300:INFO:CONSOLE:119] "[apm] httpRequestTiming", source: https://fe-static.xhscdn.com/formula-static/ugc/public/resource/js/8103.ec1b381a.js (119)
[0620/124431.300:INFO:CONSOLE:119] "console.groupEnd", source: https://fe-static.xhscdn.com/formula-static/ugc/public/resource/js/8103.ec1b381a.js (119)
[0620/124431.300:INFO:CONSOLE:119] "[apm] sns_web_publish_upload_image", source: https://fe-static.xhscdn.com/formula-static/ugc/public/resource/js/8103.ec1b381a.js (119)
[0620/124431.300:INFO:CONSOLE:119] "console.groupEnd", source: https://fe-static.xhscdn.com/formula-static/ugc/public/resource/js/8103.ec1b381a.js (119)
[0620/124431.521:INFO:CONSOLE:1] "实时竞速: 10209.683837890625 ms", source: https://fe-static.xhscdn.com/formula-static/ugc/public/resource/js/index.51912041.js (1)
[0620/124434.822:INFO:CONSOLE:3] "Error", source:  (3)
[0620/124436.150:INFO:CONSOLE:3] "Error", source:  (3)
[0620/124436.162:INFO:CONSOLE:1] "Error", source: https://fe-static.xhscdn.com/formula-static/ugc/public/resource/js/async/9936.c458759f.js (1)
[0620/124436.232:INFO:CONSOLE:119] "[apm] sns_web_publish_upload_speed", source: https://fe-static.xhscdn.com/formula-static/ugc/public/resource/js/8103.ec1b381a.js (119)
[0620/124436.232:INFO:CONSOLE:119] "console.groupEnd", source: https://fe-static.xhscdn.com/formula-static/ugc/public/resource/js/8103.ec1b381a.js (119)
[0620/124436.232:INFO:CONSOLE:119] "[apm] httpRequestTiming", source: https://fe-static.xhscdn.com/formula-static/ugc/public/resource/js/8103.ec1b381a.js (119)
[0620/124436.232:INFO:CONSOLE:119] "console.groupEnd", source: https://fe-static.xhscdn.com/formula-static/ugc/public/resource/js/8103.ec1b381a.js (119)
[0620/124436.232:INFO:CONSOLE:119] "[apm] sns_web_publish_lcp", source: https://fe-static.xhscdn.com/formula-static/ugc/public/resource/js/8103.ec1b381a.js (119)
[0620/124436.232:INFO:CONSOLE:119] "console.groupEnd", source: https://fe-static.xhscdn.com/formula-static/ugc/public/resource/js/8103.ec1b381a.js (119)
[0620/124436.232:INFO:CONSOLE:119] "[apm] httpRequestTiming", source: https://fe-static.xhscdn.com/formula-static/ugc/public/resource/js/8103.ec1b381a.js (119)
[0620/124436.232:INFO:CONSOLE:119] "console.groupEnd", source: https://fe-static.xhscdn.com/formula-static/ugc/public/resource/js/8103.ec1b381a.js (119)
[0620/124436.483:INFO:CONSOLE:119] "Uncaught (in promise) Error: [Eaglet Exception] no match enum `1` in `NoteEditSource` field", source: https://fe-static.xhscdn.com/formula-static/ugc/public/resource/js/8103.ec1b381a.js (119)
[0620/124436.690:INFO:CONSOLE:119] "[apm] sns_web_publish_publish", source: https://fe-static.xhscdn.com/formula-static/ugc/public/resource/js/8103.ec1b381a.js (119)
[0620/124436.690:INFO:CONSOLE:119] "console.groupEnd", source: https://fe-static.xhscdn.com/formula-static/ugc/public/resource/js/8103.ec1b381a.js (119)
[0620/124436.690:INFO:CONSOLE:119] "[apm] httpRequestTiming", source: https://fe-static.xhscdn.com/formula-static/ugc/public/resource/js/8103.ec1b381a.js (119)
[0620/124436.690:INFO:CONSOLE:119] "console.groupEnd", source: https://fe-static.xhscdn.com/formula-static/ugc/public/resource/js/8103.ec1b381a.js (119)
[0620/124436.690:INFO:CONSOLE:119] "[apm] sns_web_publish_publish", source: https://fe-static.xhscdn.com/formula-static/ugc/public/resource/js/8103.ec1b381a.js (119)
[0620/124436.690:INFO:CONSOLE:119] "console.groupEnd", source: https://fe-static.xhscdn.com/formula-static/ugc/public/resource/js/8103.ec1b381a.js (119)
[0620/124436.690:INFO:CONSOLE:119] "[apm] sns_web_publish_timing_image", source: https://fe-static.xhscdn.com/formula-static/ugc/public/resource/js/8103.ec1b381a.js (119)
[0620/124436.690:INFO:CONSOLE:119] "console.groupEnd", source: https://fe-static.xhscdn.com/formula-static/ugc/public/resource/js/8103.ec1b381a.js (119)
[0620/124436.690:INFO:CONSOLE:119] "[apm] sns_web_publish_timing", source: https://fe-static.xhscdn.com/formula-static/ugc/public/resource/js/8103.ec1b381a.js (119)
[0620/124436.690:INFO:CONSOLE:119] "console.groupEnd", source: https://fe-static.xhscdn.com/formula-static/ugc/public/resource/js/8103.ec1b381a.js (119)
[0620/124447.587:INFO:CONSOLE:119] "[apm] sns_web_publish_new_bootstrap", source: https://fe-static.xhscdn.com/formula-static/ugc/public/resource/js/8103.ec1b381a.js (119)
[0620/124447.587:INFO:CONSOLE:119] "console.groupEnd", source: https://fe-static.xhscdn.com/formula-static/ugc/public/resource/js/8103.ec1b381a.js (119)
[0620/124447.587:INFO:CONSOLE:119] "[apm] sns_web_publish_upload_video", source: https://fe-static.xhscdn.com/formula-static/ugc/public/resource/js/8103.ec1b381a.js (119)
[0620/124447.587:INFO:CONSOLE:119] "console.groupEnd", source: https://fe-static.xhscdn.com/formula-static/ugc/public/resource/js/8103.ec1b381a.js (119)
[0620/124447.587:INFO:CONSOLE:119] "[apm] sns_web_draft_point", source: https://fe-static.xhscdn.com/formula-static/ugc/public/resource/js/8103.ec1b381a.js (119)
[0620/124447.587:INFO:CONSOLE:119] "console.groupEnd", source: https://fe-static.xhscdn.com/formula-static/ugc/public/resource/js/8103.ec1b381a.js (119)
[0620/124617.302:INFO:CONSOLE:3] "Error", source:  (3)
[0620/124617.321:INFO:CONSOLE:3] "Error", source:  (3)
[0620/124617.627:INFO:CONSOLE:119] "[apm] httpRequestTiming", source: https://fe-static.xhscdn.com/formula-static/ugc/public/resource/js/8103.ec1b381a.js (119)
[0620/124617.628:INFO:CONSOLE:119] "console.groupEnd", source: https://fe-static.xhscdn.com/formula-static/ugc/public/resource/js/8103.ec1b381a.js (119)
[0620/124617.628:INFO:CONSOLE:119] "[apm] infra_sec_web_api_walify", source: https://fe-static.xhscdn.com/formula-static/ugc/public/resource/js/8103.ec1b381a.js (119)
[0620/124617.628:INFO:CONSOLE:119] "console.groupEnd", source: https://fe-static.xhscdn.com/formula-static/ugc/public/resource/js/8103.ec1b381a.js (119)
[0620/124617.628:INFO:CONSOLE:119] "[apm] infra_sec_web_api_walify", source: https://fe-static.xhscdn.com/formula-static/ugc/public/resource/js/8103.ec1b381a.js (119)
[0620/124617.628:INFO:CONSOLE:119] "console.groupEnd", source: https://fe-static.xhscdn.com/formula-static/ugc/public/resource/js/8103.ec1b381a.js (119)
[0620/124617.628:INFO:CONSOLE:119] "[apm] httpRequestTiming", source: https://fe-static.xhscdn.com/formula-static/ugc/public/resource/js/8103.ec1b381a.js (119)
[0620/124617.628:INFO:CONSOLE:119] "console.groupEnd", source: https://fe-static.xhscdn.com/formula-static/ugc/public/resource/js/8103.ec1b381a.js (119)
[0620/124617.628:INFO:CONSOLE:119] "[apm] infra_sec_web_api_walify", source: https://fe-static.xhscdn.com/formula-static/ugc/public/resource/js/8103.ec1b381a.js (119)
[0620/124617.628:INFO:CONSOLE:119] "console.groupEnd", source: https://fe-static.xhscdn.com/formula-static/ugc/public/resource/js/8103.ec1b381a.js (119)
[0620/124639.418:INFO:CONSOLE:119] "[apm performance metric] interactiveTiming", source: https://fe-static.xhscdn.com/formula-static/ugc/public/resource/js/8103.ec1b381a.js (119)
[0620/124639.418:INFO:CONSOLE:119] "console.groupEnd", source: https://fe-static.xhscdn.com/formula-static/ugc/public/resource/js/8103.ec1b381a.js (119)
[0620/124639.418:INFO:CONSOLE:119] "[apm performance metric] interactiveTiming", source: https://fe-static.xhscdn.com/formula-static/ugc/public/resource/js/8103.ec1b381a.js (119)
[0620/124639.418:INFO:CONSOLE:119] "console.groupEnd", source: https://fe-static.xhscdn.com/formula-static/ugc/public/resource/js/8103.ec1b381a.js (119)
[0620/124639.418:INFO:CONSOLE:119] "[apm performance metric] interactiveTiming", source: https://fe-static.xhscdn.com/formula-static/ugc/public/resource/js/8103.ec1b381a.js (119)
[0620/124639.419:INFO:CONSOLE:119] "console.groupEnd", source: https://fe-static.xhscdn.com/formula-static/ugc/public/resource/js/8103.ec1b381a.js (119)
[0620/124639.419:INFO:CONSOLE:119] "[apm performance metric] visualStability", source: https://fe-static.xhscdn.com/formula-static/ugc/public/resource/js/8103.ec1b381a.js (119)
[0620/124639.419:INFO:CONSOLE:119] "console.groupEnd", source: https://fe-static.xhscdn.com/formula-static/ugc/public/resource/js/8103.ec1b381a.js (119)
[0620/124639.419:INFO:CONSOLE:119] "[apm performance metric] interactiveTiming", source: https://fe-static.xhscdn.com/formula-static/ugc/public/resource/js/8103.ec1b381a.js (119)
[0620/124639.419:INFO:CONSOLE:119] "console.groupEnd", source: https://fe-static.xhscdn.com/formula-static/ugc/public/resource/js/8103.ec1b381a.js (119)
[0620/124639.419:INFO:CONSOLE:119] "[apm performance metric] interactiveTiming", source: https://fe-static.xhscdn.com/formula-static/ugc/public/resource/js/8103.ec1b381a.js (119)
[0620/124639.419:INFO:CONSOLE:119] "console.groupEnd", source: https://fe-static.xhscdn.com/formula-static/ugc/public/resource/js/8103.ec1b381a.js (119)
[0620/124639.493:INFO:CONSOLE:119] "框架和 SDK 输出的日志默认不展示，可在框架配置文件中设置开启，详见 https://doc.weixin.qq.com/doc/w3_AWkASAb9APAr8IdJI5VS0OyqetUE6?scode=ANAAyQcbAAgB8qKjm9AWkASAb9APA", source: https://fe-static.xhscdn.com/formula-static/ugc/public/resource/js/8103.ec1b381a.js (119)
[0620/124639.542:INFO:CONSOLE:3] "Error", source:  (3)
[0620/124639.642:INFO:CONSOLE:3] "Error", source:  (3)
[0620/124639.649:INFO:CONSOLE:3] "Error", source:  (3)
[0620/124639.946:INFO:CONSOLE:119] "[apm] infraBrowserResourceTiming", source: https://fe-static.xhscdn.com/formula-static/ugc/public/resource/js/8103.ec1b381a.js (119)
[0620/124639.946:INFO:CONSOLE:119] "console.groupEnd", source: https://fe-static.xhscdn.com/formula-static/ugc/public/resource/js/8103.ec1b381a.js (119)
[0620/124639.946:INFO:CONSOLE:119] "[apm] infraBrowserResourceTiming", source: https://fe-static.xhscdn.com/formula-static/ugc/public/resource/js/8103.ec1b381a.js (119)
[0620/124639.946:INFO:CONSOLE:119] "console.groupEnd", source: https://fe-static.xhscdn.com/formula-static/ugc/public/resource/js/8103.ec1b381a.js (119)
[0620/124639.946:INFO:CONSOLE:119] "[apm] infraBrowserResourceTiming", source: https://fe-static.xhscdn.com/formula-static/ugc/public/resource/js/8103.ec1b381a.js (119)
[0620/124639.946:INFO:CONSOLE:119] "console.groupEnd", source: https://fe-static.xhscdn.com/formula-static/ugc/public/resource/js/8103.ec1b381a.js (119)
[0620/124639.946:INFO:CONSOLE:119] "[apm] infraBrowserResourceTiming", source: https://fe-static.xhscdn.com/formula-static/ugc/public/resource/js/8103.ec1b381a.js (119)
[0620/124639.946:INFO:CONSOLE:119] "console.groupEnd", source: https://fe-static.xhscdn.com/formula-static/ugc/public/resource/js/8103.ec1b381a.js (119)
[0620/124639.946:INFO:CONSOLE:119] "[apm] infraBrowserResourceTiming", source: https://fe-static.xhscdn.com/formula-static/ugc/public/resource/js/8103.ec1b381a.js (119)
[0620/124639.946:INFO:CONSOLE:119] "console.groupEnd", source: https://fe-static.xhscdn.com/formula-static/ugc/public/resource/js/8103.ec1b381a.js (119)
[0620/124639.948:INFO:CONSOLE:119] "[apm] httpRequestTiming", source: https://fe-static.xhscdn.com/formula-static/ugc/public/resource/js/8103.ec1b381a.js (119)
[0620/124639.948:INFO:CONSOLE:119] "console.groupEnd", source: https://fe-static.xhscdn.com/formula-static/ugc/public/resource/js/8103.ec1b381a.js (119)
[0620/124639.948:INFO:CONSOLE:119] "[apm] infraBrowserResourceTiming", source: https://fe-static.xhscdn.com/formula-static/ugc/public/resource/js/8103.ec1b381a.js (119)
[0620/124639.948:INFO:CONSOLE:119] "console.groupEnd", source: https://fe-static.xhscdn.com/formula-static/ugc/public/resource/js/8103.ec1b381a.js (119)
[0620/124639.948:INFO:CONSOLE:119] "[apm] infraBrowserResourceTiming", source: https://fe-static.xhscdn.com/formula-static/ugc/public/resource/js/8103.ec1b381a.js (119)
[0620/124639.948:INFO:CONSOLE:119] "console.groupEnd", source: https://fe-static.xhscdn.com/formula-static/ugc/public/resource/js/8103.ec1b381a.js (119)
[0620/124639.948:INFO:CONSOLE:119] "[apm] infraBrowserResourceTiming", source: https://fe-static.xhscdn.com/formula-static/ugc/public/resource/js/8103.ec1b381a.js (119)
[0620/124639.948:INFO:CONSOLE:119] "console.groupEnd", source: https://fe-static.xhscdn.com/formula-static/ugc/public/resource/js/8103.ec1b381a.js (119)
[0620/124639.948:INFO:CONSOLE:119] "[apm] infraBrowserResourceTiming", source: https://fe-static.xhscdn.com/formula-static/ugc/public/resource/js/8103.ec1b381a.js (119)
[0620/124639.948:INFO:CONSOLE:119] "console.groupEnd", source: https://fe-static.xhscdn.com/formula-static/ugc/public/resource/js/8103.ec1b381a.js (119)
[0620/124639.948:INFO:CONSOLE:119] "[apm] infraBrowserResourceTiming", source: https://fe-static.xhscdn.com/formula-static/ugc/public/resource/js/8103.ec1b381a.js (119)
[0620/124639.949:INFO:CONSOLE:119] "console.groupEnd", source: https://fe-static.xhscdn.com/formula-static/ugc/public/resource/js/8103.ec1b381a.js (119)
[0620/124639.949:INFO:CONSOLE:119] "[apm] infraBrowserResourceTiming", source: https://fe-static.xhscdn.com/formula-static/ugc/public/resource/js/8103.ec1b381a.js (119)
[0620/124639.949:INFO:CONSOLE:119] "console.groupEnd", source: https://fe-static.xhscdn.com/formula-static/ugc/public/resource/js/8103.ec1b381a.js (119)
[0620/124639.949:INFO:CONSOLE:119] "[apm] infraBrowserResourceTiming", source: https://fe-static.xhscdn.com/formula-static/ugc/public/resource/js/8103.ec1b381a.js (119)
[0620/124639.949:INFO:CONSOLE:119] "console.groupEnd", source: https://fe-static.xhscdn.com/formula-static/ugc/public/resource/js/8103.ec1b381a.js (119)
[0620/124639.949:INFO:CONSOLE:119] "[apm] infraBrowserResourceTiming", source: https://fe-static.xhscdn.com/formula-static/ugc/public/resource/js/8103.ec1b381a.js (119)
[0620/124639.949:INFO:CONSOLE:119] "console.groupEnd", source: https://fe-static.xhscdn.com/formula-static/ugc/public/resource/js/8103.ec1b381a.js (119)
[0620/124639.949:INFO:CONSOLE:119] "[apm] infraBrowserResourceTiming", source: https://fe-static.xhscdn.com/formula-static/ugc/public/resource/js/8103.ec1b381a.js (119)
[0620/124639.949:INFO:CONSOLE:119] "console.groupEnd", source: https://fe-static.xhscdn.com/formula-static/ugc/public/resource/js/8103.ec1b381a.js (119)
[0620/124639.949:INFO:CONSOLE:119] "[apm] infraBrowserResourceTiming", source: https://fe-static.xhscdn.com/formula-static/ugc/public/resource/js/8103.ec1b381a.js (119)
[0620/124639.949:INFO:CONSOLE:119] "console.groupEnd", source: https://fe-static.xhscdn.com/formula-static/ugc/public/resource/js/8103.ec1b381a.js (119)
[0620/124639.949:INFO:CONSOLE:119] "[apm] infraBrowserResourceTiming", source: https://fe-static.xhscdn.com/formula-static/ugc/public/resource/js/8103.ec1b381a.js (119)
[0620/124639.949:INFO:CONSOLE:119] "console.groupEnd", source: https://fe-static.xhscdn.com/formula-static/ugc/public/resource/js/8103.ec1b381a.js (119)
[0620/124639.949:INFO:CONSOLE:119] "[apm] infraBrowserResourceTiming", source: https://fe-static.xhscdn.com/formula-static/ugc/public/resource/js/8103.ec1b381a.js (119)
[0620/124639.949:INFO:CONSOLE:119] "console.groupEnd", source: https://fe-static.xhscdn.com/formula-static/ugc/public/resource/js/8103.ec1b381a.js (119)
[0620/124639.949:INFO:CONSOLE:119] "[apm] infraBrowserResourceTiming", source: https://fe-static.xhscdn.com/formula-static/ugc/public/resource/js/8103.ec1b381a.js (119)
[0620/124639.949:INFO:CONSOLE:119] "console.groupEnd", source: https://fe-static.xhscdn.com/formula-static/ugc/public/resource/js/8103.ec1b381a.js (119)
[0620/124639.949:INFO:CONSOLE:119] "[apm] infraBrowserResourceTiming", source: https://fe-static.xhscdn.com/formula-static/ugc/public/resource/js/8103.ec1b381a.js (119)
[0620/124639.949:INFO:CONSOLE:119] "console.groupEnd", source: https://fe-static.xhscdn.com/formula-static/ugc/public/resource/js/8103.ec1b381a.js (119)
[0620/124639.949:INFO:CONSOLE:119] "[apm] infraBrowserResourceTiming", source: https://fe-static.xhscdn.com/formula-static/ugc/public/resource/js/8103.ec1b381a.js (119)
[0620/124639.949:INFO:CONSOLE:119] "console.groupEnd", source: https://fe-static.xhscdn.com/formula-static/ugc/public/resource/js/8103.ec1b381a.js (119)
[0620/124639.949:INFO:CONSOLE:119] "[apm] infraBrowserResourceTiming", source: https://fe-static.xhscdn.com/formula-static/ugc/public/resource/js/8103.ec1b381a.js (119)
[0620/124639.949:INFO:CONSOLE:119] "console.groupEnd", source: https://fe-static.xhscdn.com/formula-static/ugc/public/resource/js/8103.ec1b381a.js (119)
[0620/124639.950:INFO:CONSOLE:119] "[apm] infraBrowserResourceTiming", source: https://fe-static.xhscdn.com/formula-static/ugc/public/resource/js/8103.ec1b381a.js (119)
[0620/124639.950:INFO:CONSOLE:119] "console.groupEnd", source: https://fe-static.xhscdn.com/formula-static/ugc/public/resource/js/8103.ec1b381a.js (119)
[0620/124639.950:INFO:CONSOLE:119] "[apm] infraBrowserResourceTiming", source: https://fe-static.xhscdn.com/formula-static/ugc/public/resource/js/8103.ec1b381a.js (119)
[0620/124639.950:INFO:CONSOLE:119] "console.groupEnd", source: https://fe-static.xhscdn.com/formula-static/ugc/public/resource/js/8103.ec1b381a.js (119)
[0620/124639.950:INFO:CONSOLE:119] "[apm] infraBrowserResourceTiming", source: https://fe-static.xhscdn.com/formula-static/ugc/public/resource/js/8103.ec1b381a.js (119)
[0620/124639.950:INFO:CONSOLE:119] "console.groupEnd", source: https://fe-static.xhscdn.com/formula-static/ugc/public/resource/js/8103.ec1b381a.js (119)
[0620/124640.040:INFO:CONSOLE:119] "[apm] infraBrowserResourceTiming", source: https://fe-static.xhscdn.com/formula-static/ugc/public/resource/js/8103.ec1b381a.js (119)
[0620/124640.040:INFO:CONSOLE:119] "console.groupEnd", source: https://fe-static.xhscdn.com/formula-static/ugc/public/resource/js/8103.ec1b381a.js (119)
[0620/124640.040:INFO:CONSOLE:119] "[apm] infraBrowserResourceTiming", source: https://fe-static.xhscdn.com/formula-static/ugc/public/resource/js/8103.ec1b381a.js (119)
[0620/124640.040:INFO:CONSOLE:119] "console.groupEnd", source: https://fe-static.xhscdn.com/formula-static/ugc/public/resource/js/8103.ec1b381a.js (119)
[0620/124640.040:INFO:CONSOLE:119] "[apm] infraBrowserResourceTiming", source: https://fe-static.xhscdn.com/formula-static/ugc/public/resource/js/8103.ec1b381a.js (119)
[0620/124640.040:INFO:CONSOLE:119] "console.groupEnd", source: https://fe-static.xhscdn.com/formula-static/ugc/public/resource/js/8103.ec1b381a.js (119)
[0620/124640.040:INFO:CONSOLE:119] "[apm] infraBrowserResourceTiming", source: https://fe-static.xhscdn.com/formula-static/ugc/public/resource/js/8103.ec1b381a.js (119)
[0620/124640.040:INFO:CONSOLE:119] "console.groupEnd", source: https://fe-static.xhscdn.com/formula-static/ugc/public/resource/js/8103.ec1b381a.js (119)
[0620/124640.040:INFO:CONSOLE:119] "[apm] infraBrowserResourceTiming", source: https://fe-static.xhscdn.com/formula-static/ugc/public/resource/js/8103.ec1b381a.js (119)
[0620/124640.040:INFO:CONSOLE:119] "console.groupEnd", source: https://fe-static.xhscdn.com/formula-static/ugc/public/resource/js/8103.ec1b381a.js (119)
[0620/124640.040:INFO:CONSOLE:119] "[apm] anti_spam_ds_fail", source: https://fe-static.xhscdn.com/formula-static/ugc/public/resource/js/8103.ec1b381a.js (119)
[0620/124640.040:INFO:CONSOLE:119] "console.groupEnd", source: https://fe-static.xhscdn.com/formula-static/ugc/public/resource/js/8103.ec1b381a.js (119)
[0620/124640.040:INFO:CONSOLE:119] "[apm] webmns_error", source: https://fe-static.xhscdn.com/formula-static/ugc/public/resource/js/8103.ec1b381a.js (119)
[0620/124640.041:INFO:CONSOLE:119] "console.groupEnd", source: https://fe-static.xhscdn.com/formula-static/ugc/public/resource/js/8103.ec1b381a.js (119)
[0620/124640.041:INFO:CONSOLE:119] "[apm] httpRequestTiming", source: https://fe-static.xhscdn.com/formula-static/ugc/public/resource/js/8103.ec1b381a.js (119)
[0620/124640.041:INFO:CONSOLE:119] "console.groupEnd", source: https://fe-static.xhscdn.com/formula-static/ugc/public/resource/js/8103.ec1b381a.js (119)
[0620/124640.041:INFO:CONSOLE:119] "[apm] httpRequestTiming", source: https://fe-static.xhscdn.com/formula-static/ugc/public/resource/js/8103.ec1b381a.js (119)
[0620/124640.041:INFO:CONSOLE:119] "console.groupEnd", source: https://fe-static.xhscdn.com/formula-static/ugc/public/resource/js/8103.ec1b381a.js (119)
[0620/124640.041:INFO:CONSOLE:119] "[apm] infra_sec_web_api_walify", source: https://fe-static.xhscdn.com/formula-static/ugc/public/resource/js/8103.ec1b381a.js (119)
[0620/124640.041:INFO:CONSOLE:119] "console.groupEnd", source: https://fe-static.xhscdn.com/formula-static/ugc/public/resource/js/8103.ec1b381a.js (119)
[0620/124640.041:INFO:CONSOLE:119] "[apm] infraBrowserResourceTiming", source: https://fe-static.xhscdn.com/formula-static/ugc/public/resource/js/8103.ec1b381a.js (119)
[0620/124640.041:INFO:CONSOLE:119] "console.groupEnd", source: https://fe-static.xhscdn.com/formula-static/ugc/public/resource/js/8103.ec1b381a.js (119)
[0620/124640.041:INFO:CONSOLE:119] "[apm] infraBrowserResourceTiming", source: https://fe-static.xhscdn.com/formula-static/ugc/public/resource/js/8103.ec1b381a.js (119)
[0620/124640.041:INFO:CONSOLE:119] "console.groupEnd", source: https://fe-static.xhscdn.com/formula-static/ugc/public/resource/js/8103.ec1b381a.js (119)
[0620/124640.041:INFO:CONSOLE:119] "[apm] infraBrowserResourceTiming", source: https://fe-static.xhscdn.com/formula-static/ugc/public/resource/js/8103.ec1b381a.js (119)
[0620/124640.041:INFO:CONSOLE:119] "console.groupEnd", source: https://fe-static.xhscdn.com/formula-static/ugc/public/resource/js/8103.ec1b381a.js (119)
[0620/124640.041:INFO:CONSOLE:119] "[apm] infraBrowserResourceTiming", source: https://fe-static.xhscdn.com/formula-static/ugc/public/resource/js/8103.ec1b381a.js (119)
[0620/124640.041:INFO:CONSOLE:119] "console.groupEnd", source: https://fe-static.xhscdn.com/formula-static/ugc/public/resource/js/8103.ec1b381a.js (119)
[0620/124640.041:INFO:CONSOLE:119] "[apm] infraBrowserResourceTiming", source: https://fe-static.xhscdn.com/formula-static/ugc/public/resource/js/8103.ec1b381a.js (119)
[0620/124640.041:INFO:CONSOLE:119] "console.groupEnd", source: https://fe-static.xhscdn.com/formula-static/ugc/public/resource/js/8103.ec1b381a.js (119)
[0620/124640.041:INFO:CONSOLE:119] "[apm] infraBrowserResourceTiming", source: https://fe-static.xhscdn.com/formula-static/ugc/public/resource/js/8103.ec1b381a.js (119)
[0620/124640.041:INFO:CONSOLE:119] "console.groupEnd", source: https://fe-static.xhscdn.com/formula-static/ugc/public/resource/js/8103.ec1b381a.js (119)
[0620/124640.041:INFO:CONSOLE:119] "[apm] infraBrowserResourceTiming", source: https://fe-static.xhscdn.com/formula-static/ugc/public/resource/js/8103.ec1b381a.js (119)
[0620/124640.041:INFO:CONSOLE:119] "console.groupEnd", source: https://fe-static.xhscdn.com/formula-static/ugc/public/resource/js/8103.ec1b381a.js (119)
[0620/124640.041:INFO:CONSOLE:119] "[apm] infraBrowserResourceTiming", source: https://fe-static.xhscdn.com/formula-static/ugc/public/resource/js/8103.ec1b381a.js (119)
[0620/124640.041:INFO:CONSOLE:119] "console.groupEnd", source: https://fe-static.xhscdn.com/formula-static/ugc/public/resource/js/8103.ec1b381a.js (119)
[0620/124640.042:INFO:CONSOLE:119] "[apm] infraBrowserResourceTiming", source: https://fe-static.xhscdn.com/formula-static/ugc/public/resource/js/8103.ec1b381a.js (119)
[0620/124640.042:INFO:CONSOLE:119] "console.groupEnd", source: https://fe-static.xhscdn.com/formula-static/ugc/public/resource/js/8103.ec1b381a.js (119)
[0620/124640.042:INFO:CONSOLE:119] "[apm] infraBrowserResourceTiming", source: https://fe-static.xhscdn.com/formula-static/ugc/public/resource/js/8103.ec1b381a.js (119)
[0620/124640.042:INFO:CONSOLE:119] "console.groupEnd", source: https://fe-static.xhscdn.com/formula-static/ugc/public/resource/js/8103.ec1b381a.js (119)
[0620/124640.230:INFO:CONSOLE:3] "Error", source:  (3)
[0620/124640.246:INFO:CONSOLE:3] "Error", source:  (3)
[0620/124640.269:INFO:CONSOLE:3] "Error", source:  (3)
[0620/124640.352:INFO:CONSOLE:119] "[apm] httpRequestTiming", source: https://fe-static.xhscdn.com/formula-static/ugc/public/resource/js/8103.ec1b381a.js (119)
[0620/124640.352:INFO:CONSOLE:119] "console.groupEnd", source: https://fe-static.xhscdn.com/formula-static/ugc/public/resource/js/8103.ec1b381a.js (119)
[0620/124640.352:INFO:CONSOLE:119] "[apm] httpRequestTiming", source: https://fe-static.xhscdn.com/formula-static/ugc/public/resource/js/8103.ec1b381a.js (119)
[0620/124640.352:INFO:CONSOLE:119] "console.groupEnd", source: https://fe-static.xhscdn.com/formula-static/ugc/public/resource/js/8103.ec1b381a.js (119)
[0620/124640.352:INFO:CONSOLE:119] "[apm] infra_sec_web_api_walify", source: https://fe-static.xhscdn.com/formula-static/ugc/public/resource/js/8103.ec1b381a.js (119)
[0620/124640.352:INFO:CONSOLE:119] "console.groupEnd", source: https://fe-static.xhscdn.com/formula-static/ugc/public/resource/js/8103.ec1b381a.js (119)
[0620/124640.352:INFO:CONSOLE:119] "[apm] infra_sec_web_api_walify", source: https://fe-static.xhscdn.com/formula-static/ugc/public/resource/js/8103.ec1b381a.js (119)
[0620/124640.352:INFO:CONSOLE:119] "console.groupEnd", source: https://fe-static.xhscdn.com/formula-static/ugc/public/resource/js/8103.ec1b381a.js (119)
[0620/124640.352:INFO:CONSOLE:119] "[apm] httpRequestTiming", source: https://fe-static.xhscdn.com/formula-static/ugc/public/resource/js/8103.ec1b381a.js (119)
[0620/124640.352:INFO:CONSOLE:119] "console.groupEnd", source: https://fe-static.xhscdn.com/formula-static/ugc/public/resource/js/8103.ec1b381a.js (119)
[0620/124640.478:INFO:CONSOLE:3] "Error", source:  (3)
[0620/124640.490:INFO:CONSOLE:0] "Mixed Content: The page at 'https://creator.xiaohongshu.com/new/home' was loaded over HTTPS, but requested an insecure element 'http://ci.xiaohongshu.com/spectrum/1040g0k031hgh4s8g38005n251e51f4uojrj2d3o?imageView2/2/w/1080/format/jpg'. This request was automatically upgraded to HTTPS, For more information see https://blog.chromium.org/2019/10/no-more-mixed-messages-about-https.html", source: https://creator.xiaohongshu.com/new/home (0)
[0620/124640.490:INFO:CONSOLE:0] "Mixed Content: The page at 'https://creator.xiaohongshu.com/new/home' was loaded over HTTPS, but requested an insecure element 'http://ci.xiaohongshu.com/spectrum/1040g34o31hhr9ouvk22g5n251e51f4uoq88kbh8?imageView2/2/w/1080/format/jpg'. This request was automatically upgraded to HTTPS, For more information see https://blog.chromium.org/2019/10/no-more-mixed-messages-about-https.html", source: https://creator.xiaohongshu.com/new/home (0)
[0620/124640.490:INFO:CONSOLE:0] "Mixed Content: The page at 'https://creator.xiaohongshu.com/new/home' was loaded over HTTPS, but requested an insecure element 'http://ci.xiaohongshu.com/spectrum/1040g0k031hhfvke238005n251e51f4uont3lh30?imageView2/2/w/1080/format/jpg'. This request was automatically upgraded to HTTPS, For more information see https://blog.chromium.org/2019/10/no-more-mixed-messages-about-https.html", source: https://creator.xiaohongshu.com/new/home (0)
[0620/124640.490:INFO:CONSOLE:0] "Mixed Content: The page at 'https://creator.xiaohongshu.com/new/home' was loaded over HTTPS, but requested an insecure element 'http://ci.xiaohongshu.com/spectrum/1040g0k031e5io2s4h2005n251e51f4uov9jiue8?imageView2/2/w/1080/format/jpg'. This request was automatically upgraded to HTTPS, For more information see https://blog.chromium.org/2019/10/no-more-mixed-messages-about-https.html", source: https://creator.xiaohongshu.com/new/home (0)
[0620/124640.495:INFO:CONSOLE:119] "[apm] sns_web_publish_sw", source: https://fe-static.xhscdn.com/formula-static/ugc/public/resource/js/8103.ec1b381a.js (119)
[0620/124640.495:INFO:CONSOLE:119] "console.groupEnd", source: https://fe-static.xhscdn.com/formula-static/ugc/public/resource/js/8103.ec1b381a.js (119)
[0620/124640.495:INFO:CONSOLE:119] "[apm] httpRequestTiming", source: https://fe-static.xhscdn.com/formula-static/ugc/public/resource/js/8103.ec1b381a.js (119)
[0620/124640.495:INFO:CONSOLE:119] "console.groupEnd", source: https://fe-static.xhscdn.com/formula-static/ugc/public/resource/js/8103.ec1b381a.js (119)
[0620/124640.495:INFO:CONSOLE:119] "[apm] httpRequestTiming", source: https://fe-static.xhscdn.com/formula-static/ugc/public/resource/js/8103.ec1b381a.js (119)
[0620/124640.495:INFO:CONSOLE:119] "console.groupEnd", source: https://fe-static.xhscdn.com/formula-static/ugc/public/resource/js/8103.ec1b381a.js (119)
[0620/124640.495:INFO:CONSOLE:119] "[apm] httpRequestTiming", source: https://fe-static.xhscdn.com/formula-static/ugc/public/resource/js/8103.ec1b381a.js (119)
[0620/124640.495:INFO:CONSOLE:119] "console.groupEnd", source: https://fe-static.xhscdn.com/formula-static/ugc/public/resource/js/8103.ec1b381a.js (119)
[0620/124640.495:INFO:CONSOLE:119] "[apm] httpRequestTiming", source: https://fe-static.xhscdn.com/formula-static/ugc/public/resource/js/8103.ec1b381a.js (119)
[0620/124640.496:INFO:CONSOLE:119] "console.groupEnd", source: https://fe-static.xhscdn.com/formula-static/ugc/public/resource/js/8103.ec1b381a.js (119)
[0620/124640.583:INFO:CONSOLE:119] "[apm] httpRequestTiming", source: https://fe-static.xhscdn.com/formula-static/ugc/public/resource/js/8103.ec1b381a.js (119)
[0620/124640.583:INFO:CONSOLE:119] "console.groupEnd", source: https://fe-static.xhscdn.com/formula-static/ugc/public/resource/js/8103.ec1b381a.js (119)
[0620/124640.583:INFO:CONSOLE:119] "[apm] httpRequestTiming", source: https://fe-static.xhscdn.com/formula-static/ugc/public/resource/js/8103.ec1b381a.js (119)
[0620/124640.583:INFO:CONSOLE:119] "console.groupEnd", source: https://fe-static.xhscdn.com/formula-static/ugc/public/resource/js/8103.ec1b381a.js (119)
[0620/124640.583:INFO:CONSOLE:119] "[apm] httpRequestTiming", source: https://fe-static.xhscdn.com/formula-static/ugc/public/resource/js/8103.ec1b381a.js (119)
[0620/124640.583:INFO:CONSOLE:119] "console.groupEnd", source: https://fe-static.xhscdn.com/formula-static/ugc/public/resource/js/8103.ec1b381a.js (119)
[0620/124640.583:INFO:CONSOLE:119] "[apm] httpRequestTiming", source: https://fe-static.xhscdn.com/formula-static/ugc/public/resource/js/8103.ec1b381a.js (119)
[0620/124640.583:INFO:CONSOLE:119] "console.groupEnd", source: https://fe-static.xhscdn.com/formula-static/ugc/public/resource/js/8103.ec1b381a.js (119)
[0620/124640.583:INFO:CONSOLE:119] "[apm] httpRequestTiming", source: https://fe-static.xhscdn.com/formula-static/ugc/public/resource/js/8103.ec1b381a.js (119)
[0620/124640.583:INFO:CONSOLE:119] "console.groupEnd", source: https://fe-static.xhscdn.com/formula-static/ugc/public/resource/js/8103.ec1b381a.js (119)
[0620/124640.728:INFO:CONSOLE:0] "Mixed Content: The page at 'https://creator.xiaohongshu.com/new/home' was loaded over HTTPS, but requested an insecure element 'http://ci.xiaohongshu.com/spectrum/1040g0k0321kh01rn6s005q9l4qsskusbn2t39o8?imageView2/2/w/1080/format/jpg'. This request was automatically upgraded to HTTPS, For more information see https://blog.chromium.org/2019/10/no-more-mixed-messages-about-https.html", source: https://creator.xiaohongshu.com/new/home (0)
[0620/124640.785:INFO:CONSOLE:0] "Mixed Content: The page at 'https://creator.xiaohongshu.com/new/home' was loaded over HTTPS, but requested an insecure element 'http://ci.xiaohongshu.com/0219df73-68d0-3502-a77c-72b1fd4cfcfb?imageView2/2/w/270/format/jpg'. This request was automatically upgraded to HTTPS, For more information see https://blog.chromium.org/2019/10/no-more-mixed-messages-about-https.html", source: https://creator.xiaohongshu.com/new/home (0)
[0620/124640.785:INFO:CONSOLE:0] "Mixed Content: The page at 'https://creator.xiaohongshu.com/new/home' was loaded over HTTPS, but requested an insecure element 'http://ci.xiaohongshu.com/fdbba771-8c11-318d-bd7e-65084dfa6236?imageView2/2/w/270/format/jpg'. This request was automatically upgraded to HTTPS, For more information see https://blog.chromium.org/2019/10/no-more-mixed-messages-about-https.html", source: https://creator.xiaohongshu.com/new/home (0)
[0620/124640.785:INFO:CONSOLE:0] "Mixed Content: The page at 'https://creator.xiaohongshu.com/new/home' was loaded over HTTPS, but requested an insecure element 'http://ci.xiaohongshu.com/f84f0e81-44d3-3284-bd8c-df0cd50db549?imageView2/2/w/270/format/jpg'. This request was automatically upgraded to HTTPS, For more information see https://blog.chromium.org/2019/10/no-more-mixed-messages-about-https.html", source: https://creator.xiaohongshu.com/new/home (0)
[0620/124640.785:INFO:CONSOLE:0] "Mixed Content: The page at 'https://creator.xiaohongshu.com/new/home' was loaded over HTTPS, but requested an insecure element 'http://ci.xiaohongshu.com/32cacced-3b28-321d-9ed6-7745e001e985?imageView2/2/w/270/format/jpg'. This request was automatically upgraded to HTTPS, For more information see https://blog.chromium.org/2019/10/no-more-mixed-messages-about-https.html", source: https://creator.xiaohongshu.com/new/home (0)
[0620/124640.785:INFO:CONSOLE:0] "Mixed Content: The page at 'https://creator.xiaohongshu.com/new/home' was loaded over HTTPS, but requested an insecure element 'http://ci.xiaohongshu.com/cbc2f859-bb10-3d3f-a141-5dd92056725d?imageView2/2/w/270/format/jpg'. This request was automatically upgraded to HTTPS, For more information see https://blog.chromium.org/2019/10/no-more-mixed-messages-about-https.html", source: https://creator.xiaohongshu.com/new/home (0)
[0620/124640.785:INFO:CONSOLE:0] "Mixed Content: The page at 'https://creator.xiaohongshu.com/new/home' was loaded over HTTPS, but requested an insecure element 'http://ci.xiaohongshu.com/d7762267-69c7-3bc0-a89a-3c7127f0f738?imageView2/2/w/270/format/jpg'. This request was automatically upgraded to HTTPS, For more information see https://blog.chromium.org/2019/10/no-more-mixed-messages-about-https.html", source: https://creator.xiaohongshu.com/new/home (0)
[0620/124640.785:INFO:CONSOLE:0] "Mixed Content: The page at 'https://creator.xiaohongshu.com/new/home' was loaded over HTTPS, but requested an insecure element 'http://ci.xiaohongshu.com/6ddf4fe1-2908-3b71-8ca7-fee885c4eab9?imageView2/2/w/270/format/jpg'. This request was automatically upgraded to HTTPS, For more information see https://blog.chromium.org/2019/10/no-more-mixed-messages-about-https.html", source: https://creator.xiaohongshu.com/new/home (0)
[0620/124640.785:INFO:CONSOLE:0] "Mixed Content: The page at 'https://creator.xiaohongshu.com/new/home' was loaded over HTTPS, but requested an insecure element 'http://ci.xiaohongshu.com/dfa37da0-ca01-31a7-9bb7-2e30e21c724a?imageView2/2/w/270/format/jpg'. This request was automatically upgraded to HTTPS, For more information see https://blog.chromium.org/2019/10/no-more-mixed-messages-about-https.html", source: https://creator.xiaohongshu.com/new/home (0)
[0620/124640.785:INFO:CONSOLE:0] "Mixed Content: The page at 'https://creator.xiaohongshu.com/new/home' was loaded over HTTPS, but requested an insecure element 'http://ci.xiaohongshu.com/dcef525b-8e58-38d5-ab60-0e6cb5a185f7?imageView2/2/w/270/format/jpg'. This request was automatically upgraded to HTTPS, For more information see https://blog.chromium.org/2019/10/no-more-mixed-messages-about-https.html", source: https://creator.xiaohongshu.com/new/home (0)
[0620/124640.785:INFO:CONSOLE:0] "Mixed Content: The page at 'https://creator.xiaohongshu.com/new/home' was loaded over HTTPS, but requested an insecure element 'http://ci.xiaohongshu.com/2d9fa2fa-3d30-3ce8-b8f1-54b97d788720?imageView2/2/w/270/format/jpg'. This request was automatically upgraded to HTTPS, For more information see https://blog.chromium.org/2019/10/no-more-mixed-messages-about-https.html", source: https://creator.xiaohongshu.com/new/home (0)
[0620/124640.785:INFO:CONSOLE:0] "Mixed Content: The page at 'https://creator.xiaohongshu.com/new/home' was loaded over HTTPS, but requested an insecure element 'http://ci.xiaohongshu.com/347a3290-049d-3a1f-bd88-33fd260672a1?imageView2/2/w/270/format/jpg'. This request was automatically upgraded to HTTPS, For more information see https://blog.chromium.org/2019/10/no-more-mixed-messages-about-https.html", source: https://creator.xiaohongshu.com/new/home (0)
[0620/124640.785:INFO:CONSOLE:0] "Mixed Content: The page at 'https://creator.xiaohongshu.com/new/home' was loaded over HTTPS, but requested an insecure element 'http://ci.xiaohongshu.com/2404ddb6-deb7-33ba-9d03-d2c434a02e46?imageView2/2/w/270/format/jpg'. This request was automatically upgraded to HTTPS, For more information see https://blog.chromium.org/2019/10/no-more-mixed-messages-about-https.html", source: https://creator.xiaohongshu.com/new/home (0)
[0620/124640.785:INFO:CONSOLE:0] "Mixed Content: The page at 'https://creator.xiaohongshu.com/new/home' was loaded over HTTPS, but requested an insecure element 'http://ci.xiaohongshu.com/77c0d478-c016-39c9-954d-1cdaac23e79c?imageView2/2/w/270/format/jpg'. This request was automatically upgraded to HTTPS, For more information see https://blog.chromium.org/2019/10/no-more-mixed-messages-about-https.html", source: https://creator.xiaohongshu.com/new/home (0)
[0620/124640.785:INFO:CONSOLE:0] "Mixed Content: The page at 'https://creator.xiaohongshu.com/new/home' was loaded over HTTPS, but requested an insecure element 'http://ci.xiaohongshu.com/cb9a7294-3b4c-3da3-8121-ed0637cad6b4?imageView2/2/w/270/format/jpg'. This request was automatically upgraded to HTTPS, For more information see https://blog.chromium.org/2019/10/no-more-mixed-messages-about-https.html", source: https://creator.xiaohongshu.com/new/home (0)
[0620/124640.785:INFO:CONSOLE:0] "Mixed Content: The page at 'https://creator.xiaohongshu.com/new/home' was loaded over HTTPS, but requested an insecure element 'http://ci.xiaohongshu.com/010272016jzd5soyf9t0103dw2t2hyvlhx?imageView2/2/w/270/format/jpg'. This request was automatically upgraded to HTTPS, For more information see https://blog.chromium.org/2019/10/no-more-mixed-messages-about-https.html", source: https://creator.xiaohongshu.com/new/home (0)
[0620/124640.785:INFO:CONSOLE:0] "Mixed Content: The page at 'https://creator.xiaohongshu.com/new/home' was loaded over HTTPS, but requested an insecure element 'http://ci.xiaohongshu.com/0219df73-68d0-3502-a77c-72b1fd4cfcfb?imageView2/2/w/270/format/jpg'. This request was automatically upgraded to HTTPS, For more information see https://blog.chromium.org/2019/10/no-more-mixed-messages-about-https.html", source: https://creator.xiaohongshu.com/new/home (0)
[0620/124640.785:INFO:CONSOLE:0] "Mixed Content: The page at 'https://creator.xiaohongshu.com/new/home' was loaded over HTTPS, but requested an insecure element 'http://ci.xiaohongshu.com/fdbba771-8c11-318d-bd7e-65084dfa6236?imageView2/2/w/270/format/jpg'. This request was automatically upgraded to HTTPS, For more information see https://blog.chromium.org/2019/10/no-more-mixed-messages-about-https.html", source: https://creator.xiaohongshu.com/new/home (0)
[0620/124640.785:INFO:CONSOLE:0] "Mixed Content: The page at 'https://creator.xiaohongshu.com/new/home' was loaded over HTTPS, but requested an insecure element 'http://ci.xiaohongshu.com/f84f0e81-44d3-3284-bd8c-df0cd50db549?imageView2/2/w/270/format/jpg'. This request was automatically upgraded to HTTPS, For more information see https://blog.chromium.org/2019/10/no-more-mixed-messages-about-https.html", source: https://creator.xiaohongshu.com/new/home (0)
[0620/124640.785:INFO:CONSOLE:0] "Mixed Content: The page at 'https://creator.xiaohongshu.com/new/home' was loaded over HTTPS, but requested an insecure element 'http://ci.xiaohongshu.com/32cacced-3b28-321d-9ed6-7745e001e985?imageView2/2/w/270/format/jpg'. This request was automatically upgraded to HTTPS, For more information see https://blog.chromium.org/2019/10/no-more-mixed-messages-about-https.html", source: https://creator.xiaohongshu.com/new/home (0)
[0620/124640.785:INFO:CONSOLE:0] "Mixed Content: The page at 'https://creator.xiaohongshu.com/new/home' was loaded over HTTPS, but requested an insecure element 'http://ci.xiaohongshu.com/cbc2f859-bb10-3d3f-a141-5dd92056725d?imageView2/2/w/270/format/jpg'. This request was automatically upgraded to HTTPS, For more information see https://blog.chromium.org/2019/10/no-more-mixed-messages-about-https.html", source: https://creator.xiaohongshu.com/new/home (0)
[0620/124640.785:INFO:CONSOLE:0] "Mixed Content: The page at 'https://creator.xiaohongshu.com/new/home' was loaded over HTTPS, but requested an insecure element 'http://ci.xiaohongshu.com/d7762267-69c7-3bc0-a89a-3c7127f0f738?imageView2/2/w/270/format/jpg'. This request was automatically upgraded to HTTPS, For more information see https://blog.chromium.org/2019/10/no-more-mixed-messages-about-https.html", source: https://creator.xiaohongshu.com/new/home (0)
[0620/124640.785:INFO:CONSOLE:0] "Mixed Content: The page at 'https://creator.xiaohongshu.com/new/home' was loaded over HTTPS, but requested an insecure element 'http://ci.xiaohongshu.com/6ddf4fe1-2908-3b71-8ca7-fee885c4eab9?imageView2/2/w/270/format/jpg'. This request was automatically upgraded to HTTPS, For more information see https://blog.chromium.org/2019/10/no-more-mixed-messages-about-https.html", source: https://creator.xiaohongshu.com/new/home (0)
[0620/124640.785:INFO:CONSOLE:0] "Mixed Content: The page at 'https://creator.xiaohongshu.com/new/home' was loaded over HTTPS, but requested an insecure element 'http://ci.xiaohongshu.com/dfa37da0-ca01-31a7-9bb7-2e30e21c724a?imageView2/2/w/270/format/jpg'. This request was automatically upgraded to HTTPS, For more information see https://blog.chromium.org/2019/10/no-more-mixed-messages-about-https.html", source: https://creator.xiaohongshu.com/new/home (0)
[0620/124640.785:INFO:CONSOLE:0] "Mixed Content: The page at 'https://creator.xiaohongshu.com/new/home' was loaded over HTTPS, but requested an insecure element 'http://ci.xiaohongshu.com/dcef525b-8e58-38d5-ab60-0e6cb5a185f7?imageView2/2/w/270/format/jpg'. This request was automatically upgraded to HTTPS, For more information see https://blog.chromium.org/2019/10/no-more-mixed-messages-about-https.html", source: https://creator.xiaohongshu.com/new/home (0)
[0620/124640.785:INFO:CONSOLE:0] "Mixed Content: The page at 'https://creator.xiaohongshu.com/new/home' was loaded over HTTPS, but requested an insecure element 'http://ci.xiaohongshu.com/2d9fa2fa-3d30-3ce8-b8f1-54b97d788720?imageView2/2/w/270/format/jpg'. This request was automatically upgraded to HTTPS, For more information see https://blog.chromium.org/2019/10/no-more-mixed-messages-about-https.html", source: https://creator.xiaohongshu.com/new/home (0)
[0620/124640.785:INFO:CONSOLE:0] "Mixed Content: The page at 'https://creator.xiaohongshu.com/new/home' was loaded over HTTPS, but requested an insecure element 'http://ci.xiaohongshu.com/347a3290-049d-3a1f-bd88-33fd260672a1?imageView2/2/w/270/format/jpg'. This request was automatically upgraded to HTTPS, For more information see https://blog.chromium.org/2019/10/no-more-mixed-messages-about-https.html", source: https://creator.xiaohongshu.com/new/home (0)
[0620/124640.785:INFO:CONSOLE:0] "Mixed Content: The page at 'https://creator.xiaohongshu.com/new/home' was loaded over HTTPS, but requested an insecure element 'http://ci.xiaohongshu.com/2404ddb6-deb7-33ba-9d03-d2c434a02e46?imageView2/2/w/270/format/jpg'. This request was automatically upgraded to HTTPS, For more information see https://blog.chromium.org/2019/10/no-more-mixed-messages-about-https.html", source: https://creator.xiaohongshu.com/new/home (0)
[0620/124640.786:INFO:CONSOLE:0] "Mixed Content: The page at 'https://creator.xiaohongshu.com/new/home' was loaded over HTTPS, but requested an insecure element 'http://ci.xiaohongshu.com/77c0d478-c016-39c9-954d-1cdaac23e79c?imageView2/2/w/270/format/jpg'. This request was automatically upgraded to HTTPS, For more information see https://blog.chromium.org/2019/10/no-more-mixed-messages-about-https.html", source: https://creator.xiaohongshu.com/new/home (0)
[0620/124640.786:INFO:CONSOLE:0] "Mixed Content: The page at 'https://creator.xiaohongshu.com/new/home' was loaded over HTTPS, but requested an insecure element 'http://ci.xiaohongshu.com/cb9a7294-3b4c-3da3-8121-ed0637cad6b4?imageView2/2/w/270/format/jpg'. This request was automatically upgraded to HTTPS, For more information see https://blog.chromium.org/2019/10/no-more-mixed-messages-about-https.html", source: https://creator.xiaohongshu.com/new/home (0)
[0620/124640.786:INFO:CONSOLE:0] "Mixed Content: The page at 'https://creator.xiaohongshu.com/new/home' was loaded over HTTPS, but requested an insecure element 'http://ci.xiaohongshu.com/010272016jzd5soyf9t0103dw2t2hyvlhx?imageView2/2/w/270/format/jpg'. This request was automatically upgraded to HTTPS, For more information see https://blog.chromium.org/2019/10/no-more-mixed-messages-about-https.html", source: https://creator.xiaohongshu.com/new/home (0)
[0620/124640.786:INFO:CONSOLE:0] "Mixed Content: The page at 'https://creator.xiaohongshu.com/new/home' was loaded over HTTPS, but requested an insecure element 'http://ci.xiaohongshu.com/0219df73-68d0-3502-a77c-72b1fd4cfcfb?imageView2/2/w/270/format/jpg'. This request was automatically upgraded to HTTPS, For more information see https://blog.chromium.org/2019/10/no-more-mixed-messages-about-https.html", source: https://creator.xiaohongshu.com/new/home (0)
[0620/124640.786:INFO:CONSOLE:0] "Mixed Content: The page at 'https://creator.xiaohongshu.com/new/home' was loaded over HTTPS, but requested an insecure element 'http://ci.xiaohongshu.com/fdbba771-8c11-318d-bd7e-65084dfa6236?imageView2/2/w/270/format/jpg'. This request was automatically upgraded to HTTPS, For more information see https://blog.chromium.org/2019/10/no-more-mixed-messages-about-https.html", source: https://creator.xiaohongshu.com/new/home (0)
[0620/124640.786:INFO:CONSOLE:0] "Mixed Content: The page at 'https://creator.xiaohongshu.com/new/home' was loaded over HTTPS, but requested an insecure element 'http://ci.xiaohongshu.com/f84f0e81-44d3-3284-bd8c-df0cd50db549?imageView2/2/w/270/format/jpg'. This request was automatically upgraded to HTTPS, For more information see https://blog.chromium.org/2019/10/no-more-mixed-messages-about-https.html", source: https://creator.xiaohongshu.com/new/home (0)
[0620/124640.786:INFO:CONSOLE:0] "Mixed Content: The page at 'https://creator.xiaohongshu.com/new/home' was loaded over HTTPS, but requested an insecure element 'http://ci.xiaohongshu.com/32cacced-3b28-321d-9ed6-7745e001e985?imageView2/2/w/270/format/jpg'. This request was automatically upgraded to HTTPS, For more information see https://blog.chromium.org/2019/10/no-more-mixed-messages-about-https.html", source: https://creator.xiaohongshu.com/new/home (0)
[0620/124640.786:INFO:CONSOLE:0] "Mixed Content: The page at 'https://creator.xiaohongshu.com/new/home' was loaded over HTTPS, but requested an insecure element 'http://ci.xiaohongshu.com/cbc2f859-bb10-3d3f-a141-5dd92056725d?imageView2/2/w/270/format/jpg'. This request was automatically upgraded to HTTPS, For more information see https://blog.chromium.org/2019/10/no-more-mixed-messages-about-https.html", source: https://creator.xiaohongshu.com/new/home (0)
[0620/124640.786:INFO:CONSOLE:0] "Mixed Content: The page at 'https://creator.xiaohongshu.com/new/home' was loaded over HTTPS, but requested an insecure element 'http://ci.xiaohongshu.com/d7762267-69c7-3bc0-a89a-3c7127f0f738?imageView2/2/w/270/format/jpg'. This request was automatically upgraded to HTTPS, For more information see https://blog.chromium.org/2019/10/no-more-mixed-messages-about-https.html", source: https://creator.xiaohongshu.com/new/home (0)
[0620/124640.786:INFO:CONSOLE:0] "Mixed Content: The page at 'https://creator.xiaohongshu.com/new/home' was loaded over HTTPS, but requested an insecure element 'http://ci.xiaohongshu.com/6ddf4fe1-2908-3b71-8ca7-fee885c4eab9?imageView2/2/w/270/format/jpg'. This request was automatically upgraded to HTTPS, For more information see https://blog.chromium.org/2019/10/no-more-mixed-messages-about-https.html", source: https://creator.xiaohongshu.com/new/home (0)
[0620/124640.786:INFO:CONSOLE:0] "Mixed Content: The page at 'https://creator.xiaohongshu.com/new/home' was loaded over HTTPS, but requested an insecure element 'http://ci.xiaohongshu.com/dfa37da0-ca01-31a7-9bb7-2e30e21c724a?imageView2/2/w/270/format/jpg'. This request was automatically upgraded to HTTPS, For more information see https://blog.chromium.org/2019/10/no-more-mixed-messages-about-https.html", source: https://creator.xiaohongshu.com/new/home (0)
[0620/124640.786:INFO:CONSOLE:0] "Mixed Content: The page at 'https://creator.xiaohongshu.com/new/home' was loaded over HTTPS, but requested an insecure element 'http://ci.xiaohongshu.com/dcef525b-8e58-38d5-ab60-0e6cb5a185f7?imageView2/2/w/270/format/jpg'. This request was automatically upgraded to HTTPS, For more information see https://blog.chromium.org/2019/10/no-more-mixed-messages-about-https.html", source: https://creator.xiaohongshu.com/new/home (0)
[0620/124640.786:INFO:CONSOLE:0] "Mixed Content: The page at 'https://creator.xiaohongshu.com/new/home' was loaded over HTTPS, but requested an insecure element 'http://ci.xiaohongshu.com/2d9fa2fa-3d30-3ce8-b8f1-54b97d788720?imageView2/2/w/270/format/jpg'. This request was automatically upgraded to HTTPS, For more information see https://blog.chromium.org/2019/10/no-more-mixed-messages-about-https.html", source: https://creator.xiaohongshu.com/new/home (0)
[0620/124640.786:INFO:CONSOLE:0] "Mixed Content: The page at 'https://creator.xiaohongshu.com/new/home' was loaded over HTTPS, but requested an insecure element 'http://ci.xiaohongshu.com/347a3290-049d-3a1f-bd88-33fd260672a1?imageView2/2/w/270/format/jpg'. This request was automatically upgraded to HTTPS, For more information see https://blog.chromium.org/2019/10/no-more-mixed-messages-about-https.html", source: https://creator.xiaohongshu.com/new/home (0)
[0620/124640.786:INFO:CONSOLE:0] "Mixed Content: The page at 'https://creator.xiaohongshu.com/new/home' was loaded over HTTPS, but requested an insecure element 'http://ci.xiaohongshu.com/2404ddb6-deb7-33ba-9d03-d2c434a02e46?imageView2/2/w/270/format/jpg'. This request was automatically upgraded to HTTPS, For more information see https://blog.chromium.org/2019/10/no-more-mixed-messages-about-https.html", source: https://creator.xiaohongshu.com/new/home (0)
[0620/124640.787:INFO:CONSOLE:0] "Mixed Content: The page at 'https://creator.xiaohongshu.com/new/home' was loaded over HTTPS, but requested an insecure element 'http://ci.xiaohongshu.com/77c0d478-c016-39c9-954d-1cdaac23e79c?imageView2/2/w/270/format/jpg'. This request was automatically upgraded to HTTPS, For more information see https://blog.chromium.org/2019/10/no-more-mixed-messages-about-https.html", source: https://creator.xiaohongshu.com/new/home (0)
[0620/124640.787:INFO:CONSOLE:0] "Mixed Content: The page at 'https://creator.xiaohongshu.com/new/home' was loaded over HTTPS, but requested an insecure element 'http://ci.xiaohongshu.com/cb9a7294-3b4c-3da3-8121-ed0637cad6b4?imageView2/2/w/270/format/jpg'. This request was automatically upgraded to HTTPS, For more information see https://blog.chromium.org/2019/10/no-more-mixed-messages-about-https.html", source: https://creator.xiaohongshu.com/new/home (0)
[0620/124640.787:INFO:CONSOLE:0] "Mixed Content: The page at 'https://creator.xiaohongshu.com/new/home' was loaded over HTTPS, but requested an insecure element 'http://ci.xiaohongshu.com/010272016jzd5soyf9t0103dw2t2hyvlhx?imageView2/2/w/270/format/jpg'. This request was automatically upgraded to HTTPS, For more information see https://blog.chromium.org/2019/10/no-more-mixed-messages-about-https.html", source: https://creator.xiaohongshu.com/new/home (0)
[0620/124640.787:INFO:CONSOLE:0] "Mixed Content: The page at 'https://creator.xiaohongshu.com/new/home' was loaded over HTTPS, but requested an insecure element 'http://ci.xiaohongshu.com/0219df73-68d0-3502-a77c-72b1fd4cfcfb?imageView2/2/w/270/format/jpg'. This request was automatically upgraded to HTTPS, For more information see https://blog.chromium.org/2019/10/no-more-mixed-messages-about-https.html", source: https://creator.xiaohongshu.com/new/home (0)
[0620/124640.787:INFO:CONSOLE:0] "Mixed Content: The page at 'https://creator.xiaohongshu.com/new/home' was loaded over HTTPS, but requested an insecure element 'http://ci.xiaohongshu.com/fdbba771-8c11-318d-bd7e-65084dfa6236?imageView2/2/w/270/format/jpg'. This request was automatically upgraded to HTTPS, For more information see https://blog.chromium.org/2019/10/no-more-mixed-messages-about-https.html", source: https://creator.xiaohongshu.com/new/home (0)
[0620/124640.787:INFO:CONSOLE:0] "Mixed Content: The page at 'https://creator.xiaohongshu.com/new/home' was loaded over HTTPS, but requested an insecure element 'http://ci.xiaohongshu.com/f84f0e81-44d3-3284-bd8c-df0cd50db549?imageView2/2/w/270/format/jpg'. This request was automatically upgraded to HTTPS, For more information see https://blog.chromium.org/2019/10/no-more-mixed-messages-about-https.html", source: https://creator.xiaohongshu.com/new/home (0)
[0620/124640.787:INFO:CONSOLE:0] "Mixed Content: The page at 'https://creator.xiaohongshu.com/new/home' was loaded over HTTPS, but requested an insecure element 'http://ci.xiaohongshu.com/32cacced-3b28-321d-9ed6-7745e001e985?imageView2/2/w/270/format/jpg'. This request was automatically upgraded to HTTPS, For more information see https://blog.chromium.org/2019/10/no-more-mixed-messages-about-https.html", source: https://creator.xiaohongshu.com/new/home (0)
[0620/124640.787:INFO:CONSOLE:0] "Mixed Content: The page at 'https://creator.xiaohongshu.com/new/home' was loaded over HTTPS, but requested an insecure element 'http://ci.xiaohongshu.com/cbc2f859-bb10-3d3f-a141-5dd92056725d?imageView2/2/w/270/format/jpg'. This request was automatically upgraded to HTTPS, For more information see https://blog.chromium.org/2019/10/no-more-mixed-messages-about-https.html", source: https://creator.xiaohongshu.com/new/home (0)
[0620/124640.787:INFO:CONSOLE:0] "Mixed Content: The page at 'https://creator.xiaohongshu.com/new/home' was loaded over HTTPS, but requested an insecure element 'http://ci.xiaohongshu.com/d7762267-69c7-3bc0-a89a-3c7127f0f738?imageView2/2/w/270/format/jpg'. This request was automatically upgraded to HTTPS, For more information see https://blog.chromium.org/2019/10/no-more-mixed-messages-about-https.html", source: https://creator.xiaohongshu.com/new/home (0)
[0620/124640.787:INFO:CONSOLE:0] "Mixed Content: The page at 'https://creator.xiaohongshu.com/new/home' was loaded over HTTPS, but requested an insecure element 'http://ci.xiaohongshu.com/6ddf4fe1-2908-3b71-8ca7-fee885c4eab9?imageView2/2/w/270/format/jpg'. This request was automatically upgraded to HTTPS, For more information see https://blog.chromium.org/2019/10/no-more-mixed-messages-about-https.html", source: https://creator.xiaohongshu.com/new/home (0)
[0620/124640.787:INFO:CONSOLE:0] "Mixed Content: The page at 'https://creator.xiaohongshu.com/new/home' was loaded over HTTPS, but requested an insecure element 'http://ci.xiaohongshu.com/dfa37da0-ca01-31a7-9bb7-2e30e21c724a?imageView2/2/w/270/format/jpg'. This request was automatically upgraded to HTTPS, For more information see https://blog.chromium.org/2019/10/no-more-mixed-messages-about-https.html", source: https://creator.xiaohongshu.com/new/home (0)
[0620/124640.787:INFO:CONSOLE:0] "Mixed Content: The page at 'https://creator.xiaohongshu.com/new/home' was loaded over HTTPS, but requested an insecure element 'http://ci.xiaohongshu.com/dcef525b-8e58-38d5-ab60-0e6cb5a185f7?imageView2/2/w/270/format/jpg'. This request was automatically upgraded to HTTPS, For more information see https://blog.chromium.org/2019/10/no-more-mixed-messages-about-https.html", source: https://creator.xiaohongshu.com/new/home (0)
[0620/124640.787:INFO:CONSOLE:0] "Mixed Content: The page at 'https://creator.xiaohongshu.com/new/home' was loaded over HTTPS, but requested an insecure element 'http://ci.xiaohongshu.com/2d9fa2fa-3d30-3ce8-b8f1-54b97d788720?imageView2/2/w/270/format/jpg'. This request was automatically upgraded to HTTPS, For more information see https://blog.chromium.org/2019/10/no-more-mixed-messages-about-https.html", source: https://creator.xiaohongshu.com/new/home (0)
[0620/124640.787:INFO:CONSOLE:0] "Mixed Content: The page at 'https://creator.xiaohongshu.com/new/home' was loaded over HTTPS, but requested an insecure element 'http://ci.xiaohongshu.com/347a3290-049d-3a1f-bd88-33fd260672a1?imageView2/2/w/270/format/jpg'. This request was automatically upgraded to HTTPS, For more information see https://blog.chromium.org/2019/10/no-more-mixed-messages-about-https.html", source: https://creator.xiaohongshu.com/new/home (0)
[0620/124640.787:INFO:CONSOLE:0] "Mixed Content: The page at 'https://creator.xiaohongshu.com/new/home' was loaded over HTTPS, but requested an insecure element 'http://ci.xiaohongshu.com/2404ddb6-deb7-33ba-9d03-d2c434a02e46?imageView2/2/w/270/format/jpg'. This request was automatically upgraded to HTTPS, For more information see https://blog.chromium.org/2019/10/no-more-mixed-messages-about-https.html", source: https://creator.xiaohongshu.com/new/home (0)
[0620/124640.787:INFO:CONSOLE:0] "Mixed Content: The page at 'https://creator.xiaohongshu.com/new/home' was loaded over HTTPS, but requested an insecure element 'http://ci.xiaohongshu.com/77c0d478-c016-39c9-954d-1cdaac23e79c?imageView2/2/w/270/format/jpg'. This request was automatically upgraded to HTTPS, For more information see https://blog.chromium.org/2019/10/no-more-mixed-messages-about-https.html", source: https://creator.xiaohongshu.com/new/home (0)
[0620/124640.787:INFO:CONSOLE:0] "Mixed Content: The page at 'https://creator.xiaohongshu.com/new/home' was loaded over HTTPS, but requested an insecure element 'http://ci.xiaohongshu.com/cb9a7294-3b4c-3da3-8121-ed0637cad6b4?imageView2/2/w/270/format/jpg'. This request was automatically upgraded to HTTPS, For more information see https://blog.chromium.org/2019/10/no-more-mixed-messages-about-https.html", source: https://creator.xiaohongshu.com/new/home (0)
[0620/124640.787:INFO:CONSOLE:0] "Mixed Content: The page at 'https://creator.xiaohongshu.com/new/home' was loaded over HTTPS, but requested an insecure element 'http://ci.xiaohongshu.com/010272016jzd5soyf9t0103dw2t2hyvlhx?imageView2/2/w/270/format/jpg'. This request was automatically upgraded to HTTPS, For more information see https://blog.chromium.org/2019/10/no-more-mixed-messages-about-https.html", source: https://creator.xiaohongshu.com/new/home (0)
[0620/124640.787:INFO:CONSOLE:0] "Mixed Content: The page at 'https://creator.xiaohongshu.com/new/home' was loaded over HTTPS, but requested an insecure element 'http://ci.xiaohongshu.com/0219df73-68d0-3502-a77c-72b1fd4cfcfb?imageView2/2/w/270/format/jpg'. This request was automatically upgraded to HTTPS, For more information see https://blog.chromium.org/2019/10/no-more-mixed-messages-about-https.html", source: https://creator.xiaohongshu.com/new/home (0)
[0620/124640.787:INFO:CONSOLE:0] "Mixed Content: The page at 'https://creator.xiaohongshu.com/new/home' was loaded over HTTPS, but requested an insecure element 'http://ci.xiaohongshu.com/fdbba771-8c11-318d-bd7e-65084dfa6236?imageView2/2/w/270/format/jpg'. This request was automatically upgraded to HTTPS, For more information see https://blog.chromium.org/2019/10/no-more-mixed-messages-about-https.html", source: https://creator.xiaohongshu.com/new/home (0)
[0620/124640.787:INFO:CONSOLE:0] "Mixed Content: The page at 'https://creator.xiaohongshu.com/new/home' was loaded over HTTPS, but requested an insecure element 'http://ci.xiaohongshu.com/f84f0e81-44d3-3284-bd8c-df0cd50db549?imageView2/2/w/270/format/jpg'. This request was automatically upgraded to HTTPS, For more information see https://blog.chromium.org/2019/10/no-more-mixed-messages-about-https.html", source: https://creator.xiaohongshu.com/new/home (0)
[0620/124640.787:INFO:CONSOLE:0] "Mixed Content: The page at 'https://creator.xiaohongshu.com/new/home' was loaded over HTTPS, but requested an insecure element 'http://ci.xiaohongshu.com/32cacced-3b28-321d-9ed6-7745e001e985?imageView2/2/w/270/format/jpg'. This request was automatically upgraded to HTTPS, For more information see https://blog.chromium.org/2019/10/no-more-mixed-messages-about-https.html", source: https://creator.xiaohongshu.com/new/home (0)
[0620/124640.787:INFO:CONSOLE:0] "Mixed Content: The page at 'https://creator.xiaohongshu.com/new/home' was loaded over HTTPS, but requested an insecure element 'http://ci.xiaohongshu.com/cbc2f859-bb10-3d3f-a141-5dd92056725d?imageView2/2/w/270/format/jpg'. This request was automatically upgraded to HTTPS, For more information see https://blog.chromium.org/2019/10/no-more-mixed-messages-about-https.html", source: https://creator.xiaohongshu.com/new/home (0)
[0620/124640.787:INFO:CONSOLE:0] "Mixed Content: The page at 'https://creator.xiaohongshu.com/new/home' was loaded over HTTPS, but requested an insecure element 'http://ci.xiaohongshu.com/d7762267-69c7-3bc0-a89a-3c7127f0f738?imageView2/2/w/270/format/jpg'. This request was automatically upgraded to HTTPS, For more information see https://blog.chromium.org/2019/10/no-more-mixed-messages-about-https.html", source: https://creator.xiaohongshu.com/new/home (0)
[0620/124640.787:INFO:CONSOLE:0] "Mixed Content: The page at 'https://creator.xiaohongshu.com/new/home' was loaded over HTTPS, but requested an insecure element 'http://ci.xiaohongshu.com/6ddf4fe1-2908-3b71-8ca7-fee885c4eab9?imageView2/2/w/270/format/jpg'. This request was automatically upgraded to HTTPS, For more information see https://blog.chromium.org/2019/10/no-more-mixed-messages-about-https.html", source: https://creator.xiaohongshu.com/new/home (0)
[0620/124640.787:INFO:CONSOLE:0] "Mixed Content: The page at 'https://creator.xiaohongshu.com/new/home' was loaded over HTTPS, but requested an insecure element 'http://ci.xiaohongshu.com/dfa37da0-ca01-31a7-9bb7-2e30e21c724a?imageView2/2/w/270/format/jpg'. This request was automatically upgraded to HTTPS, For more information see https://blog.chromium.org/2019/10/no-more-mixed-messages-about-https.html", source: https://creator.xiaohongshu.com/new/home (0)
[0620/124640.787:INFO:CONSOLE:0] "Mixed Content: The page at 'https://creator.xiaohongshu.com/new/home' was loaded over HTTPS, but requested an insecure element 'http://ci.xiaohongshu.com/dcef525b-8e58-38d5-ab60-0e6cb5a185f7?imageView2/2/w/270/format/jpg'. This request was automatically upgraded to HTTPS, For more information see https://blog.chromium.org/2019/10/no-more-mixed-messages-about-https.html", source: https://creator.xiaohongshu.com/new/home (0)
[0620/124640.787:INFO:CONSOLE:0] "Mixed Content: The page at 'https://creator.xiaohongshu.com/new/home' was loaded over HTTPS, but requested an insecure element 'http://ci.xiaohongshu.com/2d9fa2fa-3d30-3ce8-b8f1-54b97d788720?imageView2/2/w/270/format/jpg'. This request was automatically upgraded to HTTPS, For more information see https://blog.chromium.org/2019/10/no-more-mixed-messages-about-https.html", source: https://creator.xiaohongshu.com/new/home (0)
[0620/124640.787:INFO:CONSOLE:0] "Mixed Content: The page at 'https://creator.xiaohongshu.com/new/home' was loaded over HTTPS, but requested an insecure element 'http://ci.xiaohongshu.com/347a3290-049d-3a1f-bd88-33fd260672a1?imageView2/2/w/270/format/jpg'. This request was automatically upgraded to HTTPS, For more information see https://blog.chromium.org/2019/10/no-more-mixed-messages-about-https.html", source: https://creator.xiaohongshu.com/new/home (0)
[0620/124640.787:INFO:CONSOLE:0] "Mixed Content: The page at 'https://creator.xiaohongshu.com/new/home' was loaded over HTTPS, but requested an insecure element 'http://ci.xiaohongshu.com/2404ddb6-deb7-33ba-9d03-d2c434a02e46?imageView2/2/w/270/format/jpg'. This request was automatically upgraded to HTTPS, For more information see https://blog.chromium.org/2019/10/no-more-mixed-messages-about-https.html", source: https://creator.xiaohongshu.com/new/home (0)
[0620/124640.787:INFO:CONSOLE:0] "Mixed Content: The page at 'https://creator.xiaohongshu.com/new/home' was loaded over HTTPS, but requested an insecure element 'http://ci.xiaohongshu.com/77c0d478-c016-39c9-954d-1cdaac23e79c?imageView2/2/w/270/format/jpg'. This request was automatically upgraded to HTTPS, For more information see https://blog.chromium.org/2019/10/no-more-mixed-messages-about-https.html", source: https://creator.xiaohongshu.com/new/home (0)
[0620/124640.787:INFO:CONSOLE:0] "Mixed Content: The page at 'https://creator.xiaohongshu.com/new/home' was loaded over HTTPS, but requested an insecure element 'http://ci.xiaohongshu.com/cb9a7294-3b4c-3da3-8121-ed0637cad6b4?imageView2/2/w/270/format/jpg'. This request was automatically upgraded to HTTPS, For more information see https://blog.chromium.org/2019/10/no-more-mixed-messages-about-https.html", source: https://creator.xiaohongshu.com/new/home (0)
[0620/124640.787:INFO:CONSOLE:0] "Mixed Content: The page at 'https://creator.xiaohongshu.com/new/home' was loaded over HTTPS, but requested an insecure element 'http://ci.xiaohongshu.com/010272016jzd5soyf9t0103dw2t2hyvlhx?imageView2/2/w/270/format/jpg'. This request was automatically upgraded to HTTPS, For more information see https://blog.chromium.org/2019/10/no-more-mixed-messages-about-https.html", source: https://creator.xiaohongshu.com/new/home (0)
[0620/124640.787:INFO:CONSOLE:0] "Mixed Content: The page at 'https://creator.xiaohongshu.com/new/home' was loaded over HTTPS, but requested an insecure element 'http://ci.xiaohongshu.com/0219df73-68d0-3502-a77c-72b1fd4cfcfb?imageView2/2/w/270/format/jpg'. This request was automatically upgraded to HTTPS, For more information see https://blog.chromium.org/2019/10/no-more-mixed-messages-about-https.html", source: https://creator.xiaohongshu.com/new/home (0)
[0620/124640.787:INFO:CONSOLE:0] "Mixed Content: The page at 'https://creator.xiaohongshu.com/new/home' was loaded over HTTPS, but requested an insecure element 'http://ci.xiaohongshu.com/fdbba771-8c11-318d-bd7e-65084dfa6236?imageView2/2/w/270/format/jpg'. This request was automatically upgraded to HTTPS, For more information see https://blog.chromium.org/2019/10/no-more-mixed-messages-about-https.html", source: https://creator.xiaohongshu.com/new/home (0)
[0620/124640.789:INFO:CONSOLE:0] "Mixed Content: The page at 'https://creator.xiaohongshu.com/new/home' was loaded over HTTPS, but requested an insecure element 'http://ci.xiaohongshu.com/f84f0e81-44d3-3284-bd8c-df0cd50db549?imageView2/2/w/270/format/jpg'. This request was automatically upgraded to HTTPS, For more information see https://blog.chromium.org/2019/10/no-more-mixed-messages-about-https.html", source: https://creator.xiaohongshu.com/new/home (0)
[0620/124640.789:INFO:CONSOLE:0] "Mixed Content: The page at 'https://creator.xiaohongshu.com/new/home' was loaded over HTTPS, but requested an insecure element 'http://ci.xiaohongshu.com/32cacced-3b28-321d-9ed6-7745e001e985?imageView2/2/w/270/format/jpg'. This request was automatically upgraded to HTTPS, For more information see https://blog.chromium.org/2019/10/no-more-mixed-messages-about-https.html", source: https://creator.xiaohongshu.com/new/home (0)
[0620/124640.789:INFO:CONSOLE:0] "Mixed Content: The page at 'https://creator.xiaohongshu.com/new/home' was loaded over HTTPS, but requested an insecure element 'http://ci.xiaohongshu.com/cbc2f859-bb10-3d3f-a141-5dd92056725d?imageView2/2/w/270/format/jpg'. This request was automatically upgraded to HTTPS, For more information see https://blog.chromium.org/2019/10/no-more-mixed-messages-about-https.html", source: https://creator.xiaohongshu.com/new/home (0)
[0620/124640.789:INFO:CONSOLE:0] "Mixed Content: The page at 'https://creator.xiaohongshu.com/new/home' was loaded over HTTPS, but requested an insecure element 'http://ci.xiaohongshu.com/d7762267-69c7-3bc0-a89a-3c7127f0f738?imageView2/2/w/270/format/jpg'. This request was automatically upgraded to HTTPS, For more information see https://blog.chromium.org/2019/10/no-more-mixed-messages-about-https.html", source: https://creator.xiaohongshu.com/new/home (0)
[0620/124640.789:INFO:CONSOLE:0] "Mixed Content: The page at 'https://creator.xiaohongshu.com/new/home' was loaded over HTTPS, but requested an insecure element 'http://ci.xiaohongshu.com/6ddf4fe1-2908-3b71-8ca7-fee885c4eab9?imageView2/2/w/270/format/jpg'. This request was automatically upgraded to HTTPS, For more information see https://blog.chromium.org/2019/10/no-more-mixed-messages-about-https.html", source: https://creator.xiaohongshu.com/new/home (0)
[0620/124640.789:INFO:CONSOLE:0] "Mixed Content: The page at 'https://creator.xiaohongshu.com/new/home' was loaded over HTTPS, but requested an insecure element 'http://ci.xiaohongshu.com/dfa37da0-ca01-31a7-9bb7-2e30e21c724a?imageView2/2/w/270/format/jpg'. This request was automatically upgraded to HTTPS, For more information see https://blog.chromium.org/2019/10/no-more-mixed-messages-about-https.html", source: https://creator.xiaohongshu.com/new/home (0)
[0620/124640.789:INFO:CONSOLE:0] "Mixed Content: The page at 'https://creator.xiaohongshu.com/new/home' was loaded over HTTPS, but requested an insecure element 'http://ci.xiaohongshu.com/dcef525b-8e58-38d5-ab60-0e6cb5a185f7?imageView2/2/w/270/format/jpg'. This request was automatically upgraded to HTTPS, For more information see https://blog.chromium.org/2019/10/no-more-mixed-messages-about-https.html", source: https://creator.xiaohongshu.com/new/home (0)
[0620/124640.789:INFO:CONSOLE:0] "Mixed Content: The page at 'https://creator.xiaohongshu.com/new/home' was loaded over HTTPS, but requested an insecure element 'http://ci.xiaohongshu.com/2d9fa2fa-3d30-3ce8-b8f1-54b97d788720?imageView2/2/w/270/format/jpg'. This request was automatically upgraded to HTTPS, For more information see https://blog.chromium.org/2019/10/no-more-mixed-messages-about-https.html", source: https://creator.xiaohongshu.com/new/home (0)
[0620/124640.789:INFO:CONSOLE:0] "Mixed Content: The page at 'https://creator.xiaohongshu.com/new/home' was loaded over HTTPS, but requested an insecure element 'http://ci.xiaohongshu.com/347a3290-049d-3a1f-bd88-33fd260672a1?imageView2/2/w/270/format/jpg'. This request was automatically upgraded to HTTPS, For more information see https://blog.chromium.org/2019/10/no-more-mixed-messages-about-https.html", source: https://creator.xiaohongshu.com/new/home (0)
[0620/124640.789:INFO:CONSOLE:0] "Mixed Content: The page at 'https://creator.xiaohongshu.com/new/home' was loaded over HTTPS, but requested an insecure element 'http://ci.xiaohongshu.com/2404ddb6-deb7-33ba-9d03-d2c434a02e46?imageView2/2/w/270/format/jpg'. This request was automatically upgraded to HTTPS, For more information see https://blog.chromium.org/2019/10/no-more-mixed-messages-about-https.html", source: https://creator.xiaohongshu.com/new/home (0)
[0620/124640.789:INFO:CONSOLE:0] "Mixed Content: The page at 'https://creator.xiaohongshu.com/new/home' was loaded over HTTPS, but requested an insecure element 'http://ci.xiaohongshu.com/77c0d478-c016-39c9-954d-1cdaac23e79c?imageView2/2/w/270/format/jpg'. This request was automatically upgraded to HTTPS, For more information see https://blog.chromium.org/2019/10/no-more-mixed-messages-about-https.html", source: https://creator.xiaohongshu.com/new/home (0)
[0620/124640.789:INFO:CONSOLE:0] "Mixed Content: The page at 'https://creator.xiaohongshu.com/new/home' was loaded over HTTPS, but requested an insecure element 'http://ci.xiaohongshu.com/cb9a7294-3b4c-3da3-8121-ed0637cad6b4?imageView2/2/w/270/format/jpg'. This request was automatically upgraded to HTTPS, For more information see https://blog.chromium.org/2019/10/no-more-mixed-messages-about-https.html", source: https://creator.xiaohongshu.com/new/home (0)
[0620/124640.789:INFO:CONSOLE:0] "Mixed Content: The page at 'https://creator.xiaohongshu.com/new/home' was loaded over HTTPS, but requested an insecure element 'http://ci.xiaohongshu.com/010272016jzd5soyf9t0103dw2t2hyvlhx?imageView2/2/w/270/format/jpg'. This request was automatically upgraded to HTTPS, For more information see https://blog.chromium.org/2019/10/no-more-mixed-messages-about-https.html", source: https://creator.xiaohongshu.com/new/home (0)
[0620/124640.869:INFO:CONSOLE:1] "Fetch API cannot load chrome-extension://dhjaibcmgocbpegmejfphjhhpaphmkpp/is.js. URL scheme "chrome-extension" is not supported.", source: https://fe-static.xhscdn.com/formula-static/ugc/public/resource/js/async/9936.c458759f.js (1)
[0620/124640.869:INFO:CONSOLE:1] "Fetch API cannot load chrome-extension://beeaddblkeeialcohiolkkoiifhgjooj/manifest.json. URL scheme "chrome-extension" is not supported.", source: https://fe-static.xhscdn.com/formula-static/ugc/public/resource/js/async/9936.c458759f.js (1)
[0620/124640.869:INFO:CONSOLE:1] "Fetch API cannot load chrome-extension://ddgooekaaihgnbfbgalfiooiicdnmnia/js/js-index.ts.js. URL scheme "chrome-extension" is not supported.", source: https://fe-static.xhscdn.com/formula-static/ugc/public/resource/js/async/9936.c458759f.js (1)
[0620/124640.869:INFO:CONSOLE:1] "Fetch API cannot load chrome-extension://keeelahekhhgkpaipdodgjnmgkfcdpde/inject.6070000c.js. URL scheme "chrome-extension" is not supported.", source: https://fe-static.xhscdn.com/formula-static/ugc/public/resource/js/async/9936.c458759f.js (1)
[0620/124640.869:INFO:CONSOLE:1] "Fetch API cannot load chrome-extension://dbichmdlbjdeplpkhcejgkakobjbjalc/content-scripts/xiaohongshu.css. URL scheme "chrome-extension" is not supported.", source: https://fe-static.xhscdn.com/formula-static/ugc/public/resource/js/async/9936.c458759f.js (1)
[0620/124640.869:INFO:CONSOLE:1] "Fetch API cannot load chrome-extension://piejlhcmefdepbgalcongckfomfobokb/worker.js. URL scheme "chrome-extension" is not supported.", source: https://fe-static.xhscdn.com/formula-static/ugc/public/resource/js/async/9936.c458759f.js (1)
[0620/124640.870:INFO:CONSOLE:1] "Fetch API cannot load chrome-extension://lenndnnbdichpjlfmfadcjpaenmiflan/inject.bundle.js. URL scheme "chrome-extension" is not supported.", source: https://fe-static.xhscdn.com/formula-static/ugc/public/resource/js/async/9936.c458759f.js (1)
[0620/124640.870:INFO:CONSOLE:1] "Fetch API cannot load chrome-extension://hmeohemhimcjlegdjloglnkfablbneif/inject.bundle.js. URL scheme "chrome-extension" is not supported.", source: https://fe-static.xhscdn.com/formula-static/ugc/public/resource/js/async/9936.c458759f.js (1)
[0620/124642.781:INFO:CONSOLE:3] "Error", source:  (3)
[0620/124642.993:INFO:CONSOLE:119] "[apm] httpRequestTiming", source: https://fe-static.xhscdn.com/formula-static/ugc/public/resource/js/8103.ec1b381a.js (119)
[0620/124642.993:INFO:CONSOLE:119] "console.groupEnd", source: https://fe-static.xhscdn.com/formula-static/ugc/public/resource/js/8103.ec1b381a.js (119)
[0620/124642.993:INFO:CONSOLE:119] "[apm] httpRequestTiming", source: https://fe-static.xhscdn.com/formula-static/ugc/public/resource/js/8103.ec1b381a.js (119)
[0620/124642.993:INFO:CONSOLE:119] "console.groupEnd", source: https://fe-static.xhscdn.com/formula-static/ugc/public/resource/js/8103.ec1b381a.js (119)
[0620/124642.993:INFO:CONSOLE:119] "[apm] httpRequestTiming", source: https://fe-static.xhscdn.com/formula-static/ugc/public/resource/js/8103.ec1b381a.js (119)
[0620/124642.993:INFO:CONSOLE:119] "console.groupEnd", source: https://fe-static.xhscdn.com/formula-static/ugc/public/resource/js/8103.ec1b381a.js (119)
[0620/124642.993:INFO:CONSOLE:119] "[apm] httpRequestTiming", source: https://fe-static.xhscdn.com/formula-static/ugc/public/resource/js/8103.ec1b381a.js (119)
[0620/124642.993:INFO:CONSOLE:119] "console.groupEnd", source: https://fe-static.xhscdn.com/formula-static/ugc/public/resource/js/8103.ec1b381a.js (119)
[0620/124642.993:INFO:CONSOLE:119] "[apm] httpRequestTiming", source: https://fe-static.xhscdn.com/formula-static/ugc/public/resource/js/8103.ec1b381a.js (119)
[0620/124642.993:INFO:CONSOLE:119] "console.groupEnd", source: https://fe-static.xhscdn.com/formula-static/ugc/public/resource/js/8103.ec1b381a.js (119)
[0620/124643.754:INFO:CONSOLE:119] "[apm performance metric] paintTiming", source: https://fe-static.xhscdn.com/formula-static/ugc/public/resource/js/8103.ec1b381a.js (119)
[0620/124643.754:INFO:CONSOLE:119] "console.groupEnd", source: https://fe-static.xhscdn.com/formula-static/ugc/public/resource/js/8103.ec1b381a.js (119)
[0620/124644.201:INFO:CONSOLE:119] "[apm] sns_web_publish_new_bootstrap", source: https://fe-static.xhscdn.com/formula-static/ugc/public/resource/js/8103.ec1b381a.js (119)
[0620/124644.201:INFO:CONSOLE:119] "console.groupEnd", source: https://fe-static.xhscdn.com/formula-static/ugc/public/resource/js/8103.ec1b381a.js (119)
[0620/124644.201:INFO:CONSOLE:119] "[apm] sns_web_publish_perf", source: https://fe-static.xhscdn.com/formula-static/ugc/public/resource/js/8103.ec1b381a.js (119)
[0620/124644.201:INFO:CONSOLE:119] "console.groupEnd", source: https://fe-static.xhscdn.com/formula-static/ugc/public/resource/js/8103.ec1b381a.js (119)
[0620/124644.201:INFO:CONSOLE:119] "[apm] sns_web_publish_upload_image", source: https://fe-static.xhscdn.com/formula-static/ugc/public/resource/js/8103.ec1b381a.js (119)
[0620/124644.201:INFO:CONSOLE:119] "console.groupEnd", source: https://fe-static.xhscdn.com/formula-static/ugc/public/resource/js/8103.ec1b381a.js (119)
[0620/124644.201:INFO:CONSOLE:119] "[apm] sns_web_publish_upload_image", source: https://fe-static.xhscdn.com/formula-static/ugc/public/resource/js/8103.ec1b381a.js (119)
[0620/124644.201:INFO:CONSOLE:119] "console.groupEnd", source: https://fe-static.xhscdn.com/formula-static/ugc/public/resource/js/8103.ec1b381a.js (119)
[0620/124644.201:INFO:CONSOLE:119] "[apm] sns_web_publish_perf", source: https://fe-static.xhscdn.com/formula-static/ugc/public/resource/js/8103.ec1b381a.js (119)
[0620/124644.201:INFO:CONSOLE:119] "console.groupEnd", source: https://fe-static.xhscdn.com/formula-static/ugc/public/resource/js/8103.ec1b381a.js (119)
[0620/124648.873:INFO:CONSOLE:3] "Error", source:  (3)
[0620/124648.992:INFO:CONSOLE:1] "Error", source: https://fe-static.xhscdn.com/formula-static/ugc/public/resource/js/async/9936.c458759f.js (1)
[0620/124649.028:INFO:CONSOLE:1] "[object GeolocationPositionError]", source: https://fe-static.xhscdn.com/formula-static/ugc/public/resource/js/project-publish-vue.1428a0fb.js (1)
[0620/124649.030:INFO:CONSOLE:3] "Error", source:  (3)
[0620/124649.285:INFO:CONSOLE:119] "[apm] sns_web_draft_point", source: https://fe-static.xhscdn.com/formula-static/ugc/public/resource/js/8103.ec1b381a.js (119)
[0620/124649.285:INFO:CONSOLE:119] "console.groupEnd", source: https://fe-static.xhscdn.com/formula-static/ugc/public/resource/js/8103.ec1b381a.js (119)
[0620/124649.285:INFO:CONSOLE:119] "[apm] httpRequestTiming", source: https://fe-static.xhscdn.com/formula-static/ugc/public/resource/js/8103.ec1b381a.js (119)
[0620/124649.285:INFO:CONSOLE:119] "console.groupEnd", source: https://fe-static.xhscdn.com/formula-static/ugc/public/resource/js/8103.ec1b381a.js (119)
[0620/124649.285:INFO:CONSOLE:119] "[apm] sns_web_publish_perf", source: https://fe-static.xhscdn.com/formula-static/ugc/public/resource/js/8103.ec1b381a.js (119)
[0620/124649.285:INFO:CONSOLE:119] "console.groupEnd", source: https://fe-static.xhscdn.com/formula-static/ugc/public/resource/js/8103.ec1b381a.js (119)
[0620/124649.285:INFO:CONSOLE:119] "[apm] httpRequestTiming", source: https://fe-static.xhscdn.com/formula-static/ugc/public/resource/js/8103.ec1b381a.js (119)
[0620/124649.285:INFO:CONSOLE:119] "console.groupEnd", source: https://fe-static.xhscdn.com/formula-static/ugc/public/resource/js/8103.ec1b381a.js (119)
[0620/124649.285:INFO:CONSOLE:119] "[apm] sns_web_publish_upload_image", source: https://fe-static.xhscdn.com/formula-static/ugc/public/resource/js/8103.ec1b381a.js (119)
[0620/124649.285:INFO:CONSOLE:119] "console.groupEnd", source: https://fe-static.xhscdn.com/formula-static/ugc/public/resource/js/8103.ec1b381a.js (119)
[0620/124649.311:INFO:CONSOLE:119] "[apm] sns_web_publish_upload_image", source: https://fe-static.xhscdn.com/formula-static/ugc/public/resource/js/8103.ec1b381a.js (119)
[0620/124649.311:INFO:CONSOLE:119] "console.groupEnd", source: https://fe-static.xhscdn.com/formula-static/ugc/public/resource/js/8103.ec1b381a.js (119)
[0620/124649.311:INFO:CONSOLE:119] "[apm] sns_web_publish_upload_image", source: https://fe-static.xhscdn.com/formula-static/ugc/public/resource/js/8103.ec1b381a.js (119)
[0620/124649.311:INFO:CONSOLE:119] "console.groupEnd", source: https://fe-static.xhscdn.com/formula-static/ugc/public/resource/js/8103.ec1b381a.js (119)
[0620/124649.311:INFO:CONSOLE:119] "[apm] sns_web_publish_upload_image", source: https://fe-static.xhscdn.com/formula-static/ugc/public/resource/js/8103.ec1b381a.js (119)
[0620/124649.311:INFO:CONSOLE:119] "console.groupEnd", source: https://fe-static.xhscdn.com/formula-static/ugc/public/resource/js/8103.ec1b381a.js (119)
[0620/124649.311:INFO:CONSOLE:119] "[apm] sns_web_publish_publish", source: https://fe-static.xhscdn.com/formula-static/ugc/public/resource/js/8103.ec1b381a.js (119)
[0620/124649.311:INFO:CONSOLE:119] "console.groupEnd", source: https://fe-static.xhscdn.com/formula-static/ugc/public/resource/js/8103.ec1b381a.js (119)
[0620/124649.311:INFO:CONSOLE:119] "[apm] sns_web_publish_upload_image", source: https://fe-static.xhscdn.com/formula-static/ugc/public/resource/js/8103.ec1b381a.js (119)
[0620/124649.311:INFO:CONSOLE:119] "console.groupEnd", source: https://fe-static.xhscdn.com/formula-static/ugc/public/resource/js/8103.ec1b381a.js (119)
[0620/124649.408:INFO:CONSOLE:119] "[apm] sns_web_draft_point", source: https://fe-static.xhscdn.com/formula-static/ugc/public/resource/js/8103.ec1b381a.js (119)
[0620/124649.408:INFO:CONSOLE:119] "console.groupEnd", source: https://fe-static.xhscdn.com/formula-static/ugc/public/resource/js/8103.ec1b381a.js (119)
[0620/124649.408:INFO:CONSOLE:119] "[apm] httpRequestTiming", source: https://fe-static.xhscdn.com/formula-static/ugc/public/resource/js/8103.ec1b381a.js (119)
[0620/124649.408:INFO:CONSOLE:119] "console.groupEnd", source: https://fe-static.xhscdn.com/formula-static/ugc/public/resource/js/8103.ec1b381a.js (119)
[0620/124649.408:INFO:CONSOLE:119] "[apm] httpRequestTiming", source: https://fe-static.xhscdn.com/formula-static/ugc/public/resource/js/8103.ec1b381a.js (119)
[0620/124649.408:INFO:CONSOLE:119] "console.groupEnd", source: https://fe-static.xhscdn.com/formula-static/ugc/public/resource/js/8103.ec1b381a.js (119)
[0620/124649.408:INFO:CONSOLE:119] "[apm] httpRequestTiming", source: https://fe-static.xhscdn.com/formula-static/ugc/public/resource/js/8103.ec1b381a.js (119)
[0620/124649.408:INFO:CONSOLE:119] "console.groupEnd", source: https://fe-static.xhscdn.com/formula-static/ugc/public/resource/js/8103.ec1b381a.js (119)
[0620/124649.408:INFO:CONSOLE:119] "[apm] httpRequestTiming", source: https://fe-static.xhscdn.com/formula-static/ugc/public/resource/js/8103.ec1b381a.js (119)
[0620/124649.408:INFO:CONSOLE:119] "console.groupEnd", source: https://fe-static.xhscdn.com/formula-static/ugc/public/resource/js/8103.ec1b381a.js (119)
[0620/124653.863:INFO:CONSOLE:1] "实时竞速: 10044.7060546875 ms", source: https://fe-static.xhscdn.com/formula-static/ugc/public/resource/js/index.51912041.js (1)
[0620/124654.434:INFO:CONSOLE:119] "[apm] httpRequestTiming", source: https://fe-static.xhscdn.com/formula-static/ugc/public/resource/js/8103.ec1b381a.js (119)
[0620/124654.434:INFO:CONSOLE:119] "console.groupEnd", source: https://fe-static.xhscdn.com/formula-static/ugc/public/resource/js/8103.ec1b381a.js (119)
[0620/124654.434:INFO:CONSOLE:119] "[apm] httpRequestTiming", source: https://fe-static.xhscdn.com/formula-static/ugc/public/resource/js/8103.ec1b381a.js (119)
[0620/124654.434:INFO:CONSOLE:119] "console.groupEnd", source: https://fe-static.xhscdn.com/formula-static/ugc/public/resource/js/8103.ec1b381a.js (119)
[0620/124654.434:INFO:CONSOLE:119] "[apm] httpRequestTiming", source: https://fe-static.xhscdn.com/formula-static/ugc/public/resource/js/8103.ec1b381a.js (119)
[0620/124654.434:INFO:CONSOLE:119] "console.groupEnd", source: https://fe-static.xhscdn.com/formula-static/ugc/public/resource/js/8103.ec1b381a.js (119)
[0620/124654.434:INFO:CONSOLE:119] "[apm] httpRequestTiming", source: https://fe-static.xhscdn.com/formula-static/ugc/public/resource/js/8103.ec1b381a.js (119)
[0620/124654.434:INFO:CONSOLE:119] "console.groupEnd", source: https://fe-static.xhscdn.com/formula-static/ugc/public/resource/js/8103.ec1b381a.js (119)
[0620/124657.384:INFO:CONSOLE:3] "Error", source:  (3)
[0620/124658.703:INFO:CONSOLE:3] "Error", source:  (3)
[0620/124658.721:INFO:CONSOLE:1] "Error", source: https://fe-static.xhscdn.com/formula-static/ugc/public/resource/js/async/9936.c458759f.js (1)
[0620/124658.786:INFO:CONSOLE:119] "[apm] sns_web_publish_lcp", source: https://fe-static.xhscdn.com/formula-static/ugc/public/resource/js/8103.ec1b381a.js (119)
[0620/124658.786:INFO:CONSOLE:119] "console.groupEnd", source: https://fe-static.xhscdn.com/formula-static/ugc/public/resource/js/8103.ec1b381a.js (119)
[0620/124658.786:INFO:CONSOLE:119] "[apm] httpRequestTiming", source: https://fe-static.xhscdn.com/formula-static/ugc/public/resource/js/8103.ec1b381a.js (119)
[0620/124658.786:INFO:CONSOLE:119] "console.groupEnd", source: https://fe-static.xhscdn.com/formula-static/ugc/public/resource/js/8103.ec1b381a.js (119)
[0620/124658.786:INFO:CONSOLE:119] "[apm] sns_web_publish_upload_image", source: https://fe-static.xhscdn.com/formula-static/ugc/public/resource/js/8103.ec1b381a.js (119)
[0620/124658.786:INFO:CONSOLE:119] "console.groupEnd", source: https://fe-static.xhscdn.com/formula-static/ugc/public/resource/js/8103.ec1b381a.js (119)
[0620/124658.786:INFO:CONSOLE:119] "[apm] sns_web_publish_upload_speed", source: https://fe-static.xhscdn.com/formula-static/ugc/public/resource/js/8103.ec1b381a.js (119)
[0620/124658.786:INFO:CONSOLE:119] "console.groupEnd", source: https://fe-static.xhscdn.com/formula-static/ugc/public/resource/js/8103.ec1b381a.js (119)
[0620/124658.786:INFO:CONSOLE:119] "[apm] sns_web_publish_publish", source: https://fe-static.xhscdn.com/formula-static/ugc/public/resource/js/8103.ec1b381a.js (119)
[0620/124658.786:INFO:CONSOLE:119] "console.groupEnd", source: https://fe-static.xhscdn.com/formula-static/ugc/public/resource/js/8103.ec1b381a.js (119)
[0620/124659.021:INFO:CONSOLE:119] "Uncaught (in promise) Error: [Eaglet Exception] no match enum `1` in `NoteEditSource` field", source: https://fe-static.xhscdn.com/formula-static/ugc/public/resource/js/8103.ec1b381a.js (119)
[0620/124704.312:INFO:CONSOLE:119] "[apm] httpRequestTiming", source: https://fe-static.xhscdn.com/formula-static/ugc/public/resource/js/8103.ec1b381a.js (119)
[0620/124704.312:INFO:CONSOLE:119] "console.groupEnd", source: https://fe-static.xhscdn.com/formula-static/ugc/public/resource/js/8103.ec1b381a.js (119)
[0620/124704.312:INFO:CONSOLE:119] "[apm] sns_web_publish_publish", source: https://fe-static.xhscdn.com/formula-static/ugc/public/resource/js/8103.ec1b381a.js (119)
[0620/124704.312:INFO:CONSOLE:119] "console.groupEnd", source: https://fe-static.xhscdn.com/formula-static/ugc/public/resource/js/8103.ec1b381a.js (119)
[0620/124704.312:INFO:CONSOLE:119] "[apm] sns_web_publish_timing_image", source: https://fe-static.xhscdn.com/formula-static/ugc/public/resource/js/8103.ec1b381a.js (119)
[0620/124704.312:INFO:CONSOLE:119] "console.groupEnd", source: https://fe-static.xhscdn.com/formula-static/ugc/public/resource/js/8103.ec1b381a.js (119)
[0620/124704.312:INFO:CONSOLE:119] "[apm] sns_web_publish_timing", source: https://fe-static.xhscdn.com/formula-static/ugc/public/resource/js/8103.ec1b381a.js (119)
[0620/124704.312:INFO:CONSOLE:119] "console.groupEnd", source: https://fe-static.xhscdn.com/formula-static/ugc/public/resource/js/8103.ec1b381a.js (119)
[0620/124710.117:INFO:CONSOLE:119] "[apm] sns_web_publish_new_bootstrap", source: https://fe-static.xhscdn.com/formula-static/ugc/public/resource/js/8103.ec1b381a.js (119)
[0620/124710.117:INFO:CONSOLE:119] "console.groupEnd", source: https://fe-static.xhscdn.com/formula-static/ugc/public/resource/js/8103.ec1b381a.js (119)
[0620/124710.117:INFO:CONSOLE:119] "[apm] sns_web_publish_upload_video", source: https://fe-static.xhscdn.com/formula-static/ugc/public/resource/js/8103.ec1b381a.js (119)
[0620/124710.117:INFO:CONSOLE:119] "console.groupEnd", source: https://fe-static.xhscdn.com/formula-static/ugc/public/resource/js/8103.ec1b381a.js (119)
[0620/124710.117:INFO:CONSOLE:119] "[apm] sns_web_draft_point", source: https://fe-static.xhscdn.com/formula-static/ugc/public/resource/js/8103.ec1b381a.js (119)
[0620/124710.117:INFO:CONSOLE:119] "console.groupEnd", source: https://fe-static.xhscdn.com/formula-static/ugc/public/resource/js/8103.ec1b381a.js (119)
[0620/124720.054:INFO:CONSOLE:119] "[apm] httpRequestTiming", source: https://fe-static.xhscdn.com/formula-static/ugc/public/resource/js/8103.ec1b381a.js (119)
[0620/124720.054:INFO:CONSOLE:119] "console.groupEnd", source: https://fe-static.xhscdn.com/formula-static/ugc/public/resource/js/8103.ec1b381a.js (119)
[0620/124720.054:INFO:CONSOLE:119] "[apm] infra_sec_web_api_walify", source: https://fe-static.xhscdn.com/formula-static/ugc/public/resource/js/8103.ec1b381a.js (119)
[0620/124720.054:INFO:CONSOLE:119] "console.groupEnd", source: https://fe-static.xhscdn.com/formula-static/ugc/public/resource/js/8103.ec1b381a.js (119)
[0620/124720.054:INFO:CONSOLE:119] "[apm] infra_sec_web_api_walify", source: https://fe-static.xhscdn.com/formula-static/ugc/public/resource/js/8103.ec1b381a.js (119)
[0620/124720.054:INFO:CONSOLE:119] "console.groupEnd", source: https://fe-static.xhscdn.com/formula-static/ugc/public/resource/js/8103.ec1b381a.js (119)
[0620/124839.792:INFO:CONSOLE:3] "Error", source:  (3)
[0620/124840.415:INFO:CONSOLE:119] "[apm] httpRequestTiming", source: https://fe-static.xhscdn.com/formula-static/ugc/public/resource/js/8103.ec1b381a.js (119)
[0620/124840.415:INFO:CONSOLE:119] "console.groupEnd", source: https://fe-static.xhscdn.com/formula-static/ugc/public/resource/js/8103.ec1b381a.js (119)
[0620/124840.415:INFO:CONSOLE:119] "[apm] infra_sec_web_api_walify", source: https://fe-static.xhscdn.com/formula-static/ugc/public/resource/js/8103.ec1b381a.js (119)
[0620/124840.415:INFO:CONSOLE:119] "console.groupEnd", source: https://fe-static.xhscdn.com/formula-static/ugc/public/resource/js/8103.ec1b381a.js (119)
[0620/124840.416:INFO:CONSOLE:119] "[apm] httpRequestTiming", source: https://fe-static.xhscdn.com/formula-static/ugc/public/resource/js/8103.ec1b381a.js (119)
[0620/124840.416:INFO:CONSOLE:119] "console.groupEnd", source: https://fe-static.xhscdn.com/formula-static/ugc/public/resource/js/8103.ec1b381a.js (119)
[0620/124840.416:INFO:CONSOLE:119] "[apm] infra_sec_web_api_walify", source: https://fe-static.xhscdn.com/formula-static/ugc/public/resource/js/8103.ec1b381a.js (119)
[0620/124840.416:INFO:CONSOLE:119] "console.groupEnd", source: https://fe-static.xhscdn.com/formula-static/ugc/public/resource/js/8103.ec1b381a.js (119)
[0620/124840.416:INFO:CONSOLE:119] "[apm] infra_sec_web_api_walify", source: https://fe-static.xhscdn.com/formula-static/ugc/public/resource/js/8103.ec1b381a.js (119)
[0620/124840.416:INFO:CONSOLE:119] "console.groupEnd", source: https://fe-static.xhscdn.com/formula-static/ugc/public/resource/js/8103.ec1b381a.js (119)
[0620/124901.962:INFO:CONSOLE:119] "[apm performance metric] interactiveTiming", source: https://fe-static.xhscdn.com/formula-static/ugc/public/resource/js/8103.ec1b381a.js (119)
[0620/124901.962:INFO:CONSOLE:119] "console.groupEnd", source: https://fe-static.xhscdn.com/formula-static/ugc/public/resource/js/8103.ec1b381a.js (119)
[0620/124901.962:INFO:CONSOLE:119] "[apm performance metric] interactiveTiming", source: https://fe-static.xhscdn.com/formula-static/ugc/public/resource/js/8103.ec1b381a.js (119)
[0620/124901.962:INFO:CONSOLE:119] "console.groupEnd", source: https://fe-static.xhscdn.com/formula-static/ugc/public/resource/js/8103.ec1b381a.js (119)
[0620/124901.962:INFO:CONSOLE:119] "[apm performance metric] interactiveTiming", source: https://fe-static.xhscdn.com/formula-static/ugc/public/resource/js/8103.ec1b381a.js (119)
[0620/124901.963:INFO:CONSOLE:119] "console.groupEnd", source: https://fe-static.xhscdn.com/formula-static/ugc/public/resource/js/8103.ec1b381a.js (119)
[0620/124901.963:INFO:CONSOLE:119] "[apm performance metric] visualStability", source: https://fe-static.xhscdn.com/formula-static/ugc/public/resource/js/8103.ec1b381a.js (119)
[0620/124901.963:INFO:CONSOLE:119] "console.groupEnd", source: https://fe-static.xhscdn.com/formula-static/ugc/public/resource/js/8103.ec1b381a.js (119)
[0620/124901.963:INFO:CONSOLE:119] "[apm performance metric] interactiveTiming", source: https://fe-static.xhscdn.com/formula-static/ugc/public/resource/js/8103.ec1b381a.js (119)
[0620/124901.963:INFO:CONSOLE:119] "console.groupEnd", source: https://fe-static.xhscdn.com/formula-static/ugc/public/resource/js/8103.ec1b381a.js (119)
[0620/124901.963:INFO:CONSOLE:119] "[apm performance metric] interactiveTiming", source: https://fe-static.xhscdn.com/formula-static/ugc/public/resource/js/8103.ec1b381a.js (119)
[0620/124901.963:INFO:CONSOLE:119] "console.groupEnd", source: https://fe-static.xhscdn.com/formula-static/ugc/public/resource/js/8103.ec1b381a.js (119)
[0620/124902.037:INFO:CONSOLE:119] "框架和 SDK 输出的日志默认不展示，可在框架配置文件中设置开启，详见 https://doc.weixin.qq.com/doc/w3_AWkASAb9APAr8IdJI5VS0OyqetUE6?scode=ANAAyQcbAAgB8qKjm9AWkASAb9APA", source: https://fe-static.xhscdn.com/formula-static/ugc/public/resource/js/8103.ec1b381a.js (119)
[0620/124902.083:INFO:CONSOLE:3] "Error", source:  (3)
[0620/124902.166:INFO:CONSOLE:3] "Error", source:  (3)
[0620/124902.178:INFO:CONSOLE:3] "Error", source:  (3)
[0620/124902.416:INFO:CONSOLE:119] "[apm] anti_spam_ds_fail", source: https://fe-static.xhscdn.com/formula-static/ugc/public/resource/js/8103.ec1b381a.js (119)
[0620/124902.416:INFO:CONSOLE:119] "console.groupEnd", source: https://fe-static.xhscdn.com/formula-static/ugc/public/resource/js/8103.ec1b381a.js (119)
[0620/124902.416:INFO:CONSOLE:119] "[apm] webmns_error", source: https://fe-static.xhscdn.com/formula-static/ugc/public/resource/js/8103.ec1b381a.js (119)
[0620/124902.416:INFO:CONSOLE:119] "console.groupEnd", source: https://fe-static.xhscdn.com/formula-static/ugc/public/resource/js/8103.ec1b381a.js (119)
[0620/124902.416:INFO:CONSOLE:119] "[apm] infraBrowserResourceTiming", source: https://fe-static.xhscdn.com/formula-static/ugc/public/resource/js/8103.ec1b381a.js (119)
[0620/124902.416:INFO:CONSOLE:119] "console.groupEnd", source: https://fe-static.xhscdn.com/formula-static/ugc/public/resource/js/8103.ec1b381a.js (119)
[0620/124902.416:INFO:CONSOLE:119] "[apm] infraBrowserResourceTiming", source: https://fe-static.xhscdn.com/formula-static/ugc/public/resource/js/8103.ec1b381a.js (119)
[0620/124902.417:INFO:CONSOLE:119] "console.groupEnd", source: https://fe-static.xhscdn.com/formula-static/ugc/public/resource/js/8103.ec1b381a.js (119)
[0620/124902.417:INFO:CONSOLE:119] "[apm] infraBrowserResourceTiming", source: https://fe-static.xhscdn.com/formula-static/ugc/public/resource/js/8103.ec1b381a.js (119)
[0620/124902.417:INFO:CONSOLE:119] "console.groupEnd", source: https://fe-static.xhscdn.com/formula-static/ugc/public/resource/js/8103.ec1b381a.js (119)
[0620/124902.418:INFO:CONSOLE:119] "[apm] infraBrowserResourceTiming", source: https://fe-static.xhscdn.com/formula-static/ugc/public/resource/js/8103.ec1b381a.js (119)
[0620/124902.418:INFO:CONSOLE:119] "console.groupEnd", source: https://fe-static.xhscdn.com/formula-static/ugc/public/resource/js/8103.ec1b381a.js (119)
[0620/124902.418:INFO:CONSOLE:119] "[apm] infraBrowserResourceTiming", source: https://fe-static.xhscdn.com/formula-static/ugc/public/resource/js/8103.ec1b381a.js (119)
[0620/124902.418:INFO:CONSOLE:119] "console.groupEnd", source: https://fe-static.xhscdn.com/formula-static/ugc/public/resource/js/8103.ec1b381a.js (119)
[0620/124902.418:INFO:CONSOLE:119] "[apm] infraBrowserResourceTiming", source: https://fe-static.xhscdn.com/formula-static/ugc/public/resource/js/8103.ec1b381a.js (119)
[0620/124902.418:INFO:CONSOLE:119] "console.groupEnd", source: https://fe-static.xhscdn.com/formula-static/ugc/public/resource/js/8103.ec1b381a.js (119)
[0620/124902.418:INFO:CONSOLE:119] "[apm] infraBrowserResourceTiming", source: https://fe-static.xhscdn.com/formula-static/ugc/public/resource/js/8103.ec1b381a.js (119)
[0620/124902.418:INFO:CONSOLE:119] "console.groupEnd", source: https://fe-static.xhscdn.com/formula-static/ugc/public/resource/js/8103.ec1b381a.js (119)
[0620/124902.418:INFO:CONSOLE:119] "[apm] infraBrowserResourceTiming", source: https://fe-static.xhscdn.com/formula-static/ugc/public/resource/js/8103.ec1b381a.js (119)
[0620/124902.418:INFO:CONSOLE:119] "console.groupEnd", source: https://fe-static.xhscdn.com/formula-static/ugc/public/resource/js/8103.ec1b381a.js (119)
[0620/124902.418:INFO:CONSOLE:119] "[apm] infraBrowserResourceTiming", source: https://fe-static.xhscdn.com/formula-static/ugc/public/resource/js/8103.ec1b381a.js (119)
[0620/124902.418:INFO:CONSOLE:119] "console.groupEnd", source: https://fe-static.xhscdn.com/formula-static/ugc/public/resource/js/8103.ec1b381a.js (119)
[0620/124902.418:INFO:CONSOLE:119] "[apm] infraBrowserResourceTiming", source: https://fe-static.xhscdn.com/formula-static/ugc/public/resource/js/8103.ec1b381a.js (119)
[0620/124902.418:INFO:CONSOLE:119] "console.groupEnd", source: https://fe-static.xhscdn.com/formula-static/ugc/public/resource/js/8103.ec1b381a.js (119)
[0620/124902.418:INFO:CONSOLE:119] "[apm] infraBrowserResourceTiming", source: https://fe-static.xhscdn.com/formula-static/ugc/public/resource/js/8103.ec1b381a.js (119)
[0620/124902.418:INFO:CONSOLE:119] "console.groupEnd", source: https://fe-static.xhscdn.com/formula-static/ugc/public/resource/js/8103.ec1b381a.js (119)
[0620/124902.418:INFO:CONSOLE:119] "[apm] infraBrowserResourceTiming", source: https://fe-static.xhscdn.com/formula-static/ugc/public/resource/js/8103.ec1b381a.js (119)
[0620/124902.418:INFO:CONSOLE:119] "console.groupEnd", source: https://fe-static.xhscdn.com/formula-static/ugc/public/resource/js/8103.ec1b381a.js (119)
[0620/124902.418:INFO:CONSOLE:119] "[apm] infraBrowserResourceTiming", source: https://fe-static.xhscdn.com/formula-static/ugc/public/resource/js/8103.ec1b381a.js (119)
[0620/124902.418:INFO:CONSOLE:119] "console.groupEnd", source: https://fe-static.xhscdn.com/formula-static/ugc/public/resource/js/8103.ec1b381a.js (119)
[0620/124902.418:INFO:CONSOLE:119] "[apm] infraBrowserResourceTiming", source: https://fe-static.xhscdn.com/formula-static/ugc/public/resource/js/8103.ec1b381a.js (119)
[0620/124902.419:INFO:CONSOLE:119] "console.groupEnd", source: https://fe-static.xhscdn.com/formula-static/ugc/public/resource/js/8103.ec1b381a.js (119)
[0620/124902.419:INFO:CONSOLE:119] "[apm] infraBrowserResourceTiming", source: https://fe-static.xhscdn.com/formula-static/ugc/public/resource/js/8103.ec1b381a.js (119)
[0620/124902.419:INFO:CONSOLE:119] "console.groupEnd", source: https://fe-static.xhscdn.com/formula-static/ugc/public/resource/js/8103.ec1b381a.js (119)
[0620/124902.419:INFO:CONSOLE:119] "[apm] infraBrowserResourceTiming", source: https://fe-static.xhscdn.com/formula-static/ugc/public/resource/js/8103.ec1b381a.js (119)
[0620/124902.419:INFO:CONSOLE:119] "console.groupEnd", source: https://fe-static.xhscdn.com/formula-static/ugc/public/resource/js/8103.ec1b381a.js (119)
[0620/124902.419:INFO:CONSOLE:119] "[apm] infraBrowserResourceTiming", source: https://fe-static.xhscdn.com/formula-static/ugc/public/resource/js/8103.ec1b381a.js (119)
[0620/124902.419:INFO:CONSOLE:119] "console.groupEnd", source: https://fe-static.xhscdn.com/formula-static/ugc/public/resource/js/8103.ec1b381a.js (119)
[0620/124902.419:INFO:CONSOLE:119] "[apm] infraBrowserResourceTiming", source: https://fe-static.xhscdn.com/formula-static/ugc/public/resource/js/8103.ec1b381a.js (119)
[0620/124902.419:INFO:CONSOLE:119] "console.groupEnd", source: https://fe-static.xhscdn.com/formula-static/ugc/public/resource/js/8103.ec1b381a.js (119)
[0620/124902.419:INFO:CONSOLE:119] "[apm] infraBrowserResourceTiming", source: https://fe-static.xhscdn.com/formula-static/ugc/public/resource/js/8103.ec1b381a.js (119)
[0620/124902.419:INFO:CONSOLE:119] "console.groupEnd", source: https://fe-static.xhscdn.com/formula-static/ugc/public/resource/js/8103.ec1b381a.js (119)
[0620/124902.419:INFO:CONSOLE:119] "[apm] infraBrowserResourceTiming", source: https://fe-static.xhscdn.com/formula-static/ugc/public/resource/js/8103.ec1b381a.js (119)
[0620/124902.419:INFO:CONSOLE:119] "console.groupEnd", source: https://fe-static.xhscdn.com/formula-static/ugc/public/resource/js/8103.ec1b381a.js (119)
[0620/124902.419:INFO:CONSOLE:119] "[apm] infraBrowserResourceTiming", source: https://fe-static.xhscdn.com/formula-static/ugc/public/resource/js/8103.ec1b381a.js (119)
[0620/124902.419:INFO:CONSOLE:119] "console.groupEnd", source: https://fe-static.xhscdn.com/formula-static/ugc/public/resource/js/8103.ec1b381a.js (119)
[0620/124902.419:INFO:CONSOLE:119] "[apm] infraBrowserResourceTiming", source: https://fe-static.xhscdn.com/formula-static/ugc/public/resource/js/8103.ec1b381a.js (119)
[0620/124902.419:INFO:CONSOLE:119] "console.groupEnd", source: https://fe-static.xhscdn.com/formula-static/ugc/public/resource/js/8103.ec1b381a.js (119)
[0620/124902.419:INFO:CONSOLE:119] "[apm] infraBrowserResourceTiming", source: https://fe-static.xhscdn.com/formula-static/ugc/public/resource/js/8103.ec1b381a.js (119)
[0620/124902.419:INFO:CONSOLE:119] "console.groupEnd", source: https://fe-static.xhscdn.com/formula-static/ugc/public/resource/js/8103.ec1b381a.js (119)
[0620/124902.516:INFO:CONSOLE:119] "[apm] infraBrowserResourceTiming", source: https://fe-static.xhscdn.com/formula-static/ugc/public/resource/js/8103.ec1b381a.js (119)
[0620/124902.516:INFO:CONSOLE:119] "console.groupEnd", source: https://fe-static.xhscdn.com/formula-static/ugc/public/resource/js/8103.ec1b381a.js (119)
[0620/124902.516:INFO:CONSOLE:119] "[apm] infraBrowserResourceTiming", source: https://fe-static.xhscdn.com/formula-static/ugc/public/resource/js/8103.ec1b381a.js (119)
[0620/124902.516:INFO:CONSOLE:119] "console.groupEnd", source: https://fe-static.xhscdn.com/formula-static/ugc/public/resource/js/8103.ec1b381a.js (119)
[0620/124902.516:INFO:CONSOLE:119] "[apm] infraBrowserResourceTiming", source: https://fe-static.xhscdn.com/formula-static/ugc/public/resource/js/8103.ec1b381a.js (119)
[0620/124902.516:INFO:CONSOLE:119] "console.groupEnd", source: https://fe-static.xhscdn.com/formula-static/ugc/public/resource/js/8103.ec1b381a.js (119)
[0620/124902.516:INFO:CONSOLE:119] "[apm] infraBrowserResourceTiming", source: https://fe-static.xhscdn.com/formula-static/ugc/public/resource/js/8103.ec1b381a.js (119)
[0620/124902.516:INFO:CONSOLE:119] "console.groupEnd", source: https://fe-static.xhscdn.com/formula-static/ugc/public/resource/js/8103.ec1b381a.js (119)
[0620/124902.516:INFO:CONSOLE:119] "[apm] infraBrowserResourceTiming", source: https://fe-static.xhscdn.com/formula-static/ugc/public/resource/js/8103.ec1b381a.js (119)
[0620/124902.516:INFO:CONSOLE:119] "console.groupEnd", source: https://fe-static.xhscdn.com/formula-static/ugc/public/resource/js/8103.ec1b381a.js (119)
[0620/124902.516:INFO:CONSOLE:119] "[apm] infraBrowserResourceTiming", source: https://fe-static.xhscdn.com/formula-static/ugc/public/resource/js/8103.ec1b381a.js (119)
[0620/124902.516:INFO:CONSOLE:119] "console.groupEnd", source: https://fe-static.xhscdn.com/formula-static/ugc/public/resource/js/8103.ec1b381a.js (119)
[0620/124902.516:INFO:CONSOLE:119] "[apm] infraBrowserResourceTiming", source: https://fe-static.xhscdn.com/formula-static/ugc/public/resource/js/8103.ec1b381a.js (119)
[0620/124902.516:INFO:CONSOLE:119] "console.groupEnd", source: https://fe-static.xhscdn.com/formula-static/ugc/public/resource/js/8103.ec1b381a.js (119)
[0620/124902.516:INFO:CONSOLE:119] "[apm] infraBrowserResourceTiming", source: https://fe-static.xhscdn.com/formula-static/ugc/public/resource/js/8103.ec1b381a.js (119)
[0620/124902.516:INFO:CONSOLE:119] "console.groupEnd", source: https://fe-static.xhscdn.com/formula-static/ugc/public/resource/js/8103.ec1b381a.js (119)
[0620/124902.516:INFO:CONSOLE:119] "[apm] infraBrowserResourceTiming", source: https://fe-static.xhscdn.com/formula-static/ugc/public/resource/js/8103.ec1b381a.js (119)
[0620/124902.516:INFO:CONSOLE:119] "console.groupEnd", source: https://fe-static.xhscdn.com/formula-static/ugc/public/resource/js/8103.ec1b381a.js (119)
[0620/124902.516:INFO:CONSOLE:119] "[apm] infraBrowserResourceTiming", source: https://fe-static.xhscdn.com/formula-static/ugc/public/resource/js/8103.ec1b381a.js (119)
[0620/124902.517:INFO:CONSOLE:119] "console.groupEnd", source: https://fe-static.xhscdn.com/formula-static/ugc/public/resource/js/8103.ec1b381a.js (119)
[0620/124902.517:INFO:CONSOLE:119] "[apm] infraBrowserResourceTiming", source: https://fe-static.xhscdn.com/formula-static/ugc/public/resource/js/8103.ec1b381a.js (119)
[0620/124902.517:INFO:CONSOLE:119] "console.groupEnd", source: https://fe-static.xhscdn.com/formula-static/ugc/public/resource/js/8103.ec1b381a.js (119)
[0620/124902.517:INFO:CONSOLE:119] "[apm] infraBrowserResourceTiming", source: https://fe-static.xhscdn.com/formula-static/ugc/public/resource/js/8103.ec1b381a.js (119)
[0620/124902.517:INFO:CONSOLE:119] "console.groupEnd", source: https://fe-static.xhscdn.com/formula-static/ugc/public/resource/js/8103.ec1b381a.js (119)
[0620/124902.517:INFO:CONSOLE:119] "[apm] infraBrowserResourceTiming", source: https://fe-static.xhscdn.com/formula-static/ugc/public/resource/js/8103.ec1b381a.js (119)
[0620/124902.517:INFO:CONSOLE:119] "console.groupEnd", source: https://fe-static.xhscdn.com/formula-static/ugc/public/resource/js/8103.ec1b381a.js (119)
[0620/124902.517:INFO:CONSOLE:119] "[apm] infraBrowserResourceTiming", source: https://fe-static.xhscdn.com/formula-static/ugc/public/resource/js/8103.ec1b381a.js (119)
[0620/124902.517:INFO:CONSOLE:119] "console.groupEnd", source: https://fe-static.xhscdn.com/formula-static/ugc/public/resource/js/8103.ec1b381a.js (119)
[0620/124902.517:INFO:CONSOLE:119] "[apm] infraBrowserResourceTiming", source: https://fe-static.xhscdn.com/formula-static/ugc/public/resource/js/8103.ec1b381a.js (119)
[0620/124902.517:INFO:CONSOLE:119] "console.groupEnd", source: https://fe-static.xhscdn.com/formula-static/ugc/public/resource/js/8103.ec1b381a.js (119)
[0620/124902.518:INFO:CONSOLE:119] "[apm] infraBrowserResourceTiming", source: https://fe-static.xhscdn.com/formula-static/ugc/public/resource/js/8103.ec1b381a.js (119)
[0620/124902.518:INFO:CONSOLE:119] "console.groupEnd", source: https://fe-static.xhscdn.com/formula-static/ugc/public/resource/js/8103.ec1b381a.js (119)
[0620/124902.518:INFO:CONSOLE:119] "[apm] httpRequestTiming", source: https://fe-static.xhscdn.com/formula-static/ugc/public/resource/js/8103.ec1b381a.js (119)
[0620/124902.518:INFO:CONSOLE:119] "console.groupEnd", source: https://fe-static.xhscdn.com/formula-static/ugc/public/resource/js/8103.ec1b381a.js (119)
[0620/124902.519:INFO:CONSOLE:119] "[apm] httpRequestTiming", source: https://fe-static.xhscdn.com/formula-static/ugc/public/resource/js/8103.ec1b381a.js (119)
[0620/124902.519:INFO:CONSOLE:119] "console.groupEnd", source: https://fe-static.xhscdn.com/formula-static/ugc/public/resource/js/8103.ec1b381a.js (119)
[0620/124902.519:INFO:CONSOLE:119] "[apm] httpRequestTiming", source: https://fe-static.xhscdn.com/formula-static/ugc/public/resource/js/8103.ec1b381a.js (119)
[0620/124902.519:INFO:CONSOLE:119] "console.groupEnd", source: https://fe-static.xhscdn.com/formula-static/ugc/public/resource/js/8103.ec1b381a.js (119)
[0620/124902.519:INFO:CONSOLE:119] "[apm] infra_sec_web_api_walify", source: https://fe-static.xhscdn.com/formula-static/ugc/public/resource/js/8103.ec1b381a.js (119)
[0620/124902.519:INFO:CONSOLE:119] "console.groupEnd", source: https://fe-static.xhscdn.com/formula-static/ugc/public/resource/js/8103.ec1b381a.js (119)
[0620/124902.748:INFO:CONSOLE:3] "Error", source:  (3)
[0620/124902.769:INFO:CONSOLE:3] "Error", source:  (3)
[0620/124902.776:INFO:CONSOLE:3] "Error", source:  (3)
[0620/124902.788:INFO:CONSOLE:3] "Error", source:  (3)
[0620/124902.795:INFO:CONSOLE:3] "Error", source:  (3)
[0620/124902.820:INFO:CONSOLE:3] "Error", source:  (3)
[0620/124902.959:INFO:CONSOLE:119] "[apm] httpRequestTiming", source: https://fe-static.xhscdn.com/formula-static/ugc/public/resource/js/8103.ec1b381a.js (119)
[0620/124902.959:INFO:CONSOLE:119] "console.groupEnd", source: https://fe-static.xhscdn.com/formula-static/ugc/public/resource/js/8103.ec1b381a.js (119)
[0620/124902.959:INFO:CONSOLE:119] "[apm] infra_sec_web_api_walify", source: https://fe-static.xhscdn.com/formula-static/ugc/public/resource/js/8103.ec1b381a.js (119)
[0620/124902.959:INFO:CONSOLE:119] "console.groupEnd", source: https://fe-static.xhscdn.com/formula-static/ugc/public/resource/js/8103.ec1b381a.js (119)
[0620/124902.959:INFO:CONSOLE:119] "[apm] infra_sec_web_api_walify", source: https://fe-static.xhscdn.com/formula-static/ugc/public/resource/js/8103.ec1b381a.js (119)
[0620/124902.959:INFO:CONSOLE:119] "console.groupEnd", source: https://fe-static.xhscdn.com/formula-static/ugc/public/resource/js/8103.ec1b381a.js (119)
[0620/124902.959:INFO:CONSOLE:119] "[apm] httpRequestTiming", source: https://fe-static.xhscdn.com/formula-static/ugc/public/resource/js/8103.ec1b381a.js (119)
[0620/124902.959:INFO:CONSOLE:119] "console.groupEnd", source: https://fe-static.xhscdn.com/formula-static/ugc/public/resource/js/8103.ec1b381a.js (119)
[0620/124902.959:INFO:CONSOLE:119] "[apm] httpRequestTiming", source: https://fe-static.xhscdn.com/formula-static/ugc/public/resource/js/8103.ec1b381a.js (119)
[0620/124902.959:INFO:CONSOLE:119] "console.groupEnd", source: https://fe-static.xhscdn.com/formula-static/ugc/public/resource/js/8103.ec1b381a.js (119)
[0620/124903.123:INFO:CONSOLE:0] "Mixed Content: The page at 'https://creator.xiaohongshu.com/new/home' was loaded over HTTPS, but requested an insecure element 'http://ci.xiaohongshu.com/spectrum/1040g0k031hgh4s8g38005n251e51f4uojrj2d3o?imageView2/2/w/1080/format/jpg'. This request was automatically upgraded to HTTPS, For more information see https://blog.chromium.org/2019/10/no-more-mixed-messages-about-https.html", source: https://creator.xiaohongshu.com/new/home (0)
[0620/124903.123:INFO:CONSOLE:0] "Mixed Content: The page at 'https://creator.xiaohongshu.com/new/home' was loaded over HTTPS, but requested an insecure element 'http://ci.xiaohongshu.com/spectrum/1040g34o31hhr9ouvk22g5n251e51f4uoq88kbh8?imageView2/2/w/1080/format/jpg'. This request was automatically upgraded to HTTPS, For more information see https://blog.chromium.org/2019/10/no-more-mixed-messages-about-https.html", source: https://creator.xiaohongshu.com/new/home (0)
[0620/124903.123:INFO:CONSOLE:0] "Mixed Content: The page at 'https://creator.xiaohongshu.com/new/home' was loaded over HTTPS, but requested an insecure element 'http://ci.xiaohongshu.com/spectrum/1040g0k031hhfvke238005n251e51f4uont3lh30?imageView2/2/w/1080/format/jpg'. This request was automatically upgraded to HTTPS, For more information see https://blog.chromium.org/2019/10/no-more-mixed-messages-about-https.html", source: https://creator.xiaohongshu.com/new/home (0)
[0620/124903.124:INFO:CONSOLE:0] "Mixed Content: The page at 'https://creator.xiaohongshu.com/new/home' was loaded over HTTPS, but requested an insecure element 'http://ci.xiaohongshu.com/spectrum/1040g0k031e5io2s4h2005n251e51f4uov9jiue8?imageView2/2/w/1080/format/jpg'. This request was automatically upgraded to HTTPS, For more information see https://blog.chromium.org/2019/10/no-more-mixed-messages-about-https.html", source: https://creator.xiaohongshu.com/new/home (0)
[0620/124903.298:INFO:CONSOLE:119] "[apm] sns_web_publish_sw", source: https://fe-static.xhscdn.com/formula-static/ugc/public/resource/js/8103.ec1b381a.js (119)
[0620/124903.298:INFO:CONSOLE:119] "console.groupEnd", source: https://fe-static.xhscdn.com/formula-static/ugc/public/resource/js/8103.ec1b381a.js (119)
[0620/124903.298:INFO:CONSOLE:119] "[apm] httpRequestTiming", source: https://fe-static.xhscdn.com/formula-static/ugc/public/resource/js/8103.ec1b381a.js (119)
[0620/124903.298:INFO:CONSOLE:119] "console.groupEnd", source: https://fe-static.xhscdn.com/formula-static/ugc/public/resource/js/8103.ec1b381a.js (119)
[0620/124903.298:INFO:CONSOLE:119] "[apm] httpRequestTiming", source: https://fe-static.xhscdn.com/formula-static/ugc/public/resource/js/8103.ec1b381a.js (119)
[0620/124903.298:INFO:CONSOLE:119] "console.groupEnd", source: https://fe-static.xhscdn.com/formula-static/ugc/public/resource/js/8103.ec1b381a.js (119)
[0620/124903.298:INFO:CONSOLE:119] "[apm] httpRequestTiming", source: https://fe-static.xhscdn.com/formula-static/ugc/public/resource/js/8103.ec1b381a.js (119)
[0620/124903.298:INFO:CONSOLE:119] "console.groupEnd", source: https://fe-static.xhscdn.com/formula-static/ugc/public/resource/js/8103.ec1b381a.js (119)
[0620/124903.298:INFO:CONSOLE:119] "[apm] httpRequestTiming", source: https://fe-static.xhscdn.com/formula-static/ugc/public/resource/js/8103.ec1b381a.js (119)
[0620/124903.298:INFO:CONSOLE:119] "console.groupEnd", source: https://fe-static.xhscdn.com/formula-static/ugc/public/resource/js/8103.ec1b381a.js (119)
[0620/124903.303:INFO:CONSOLE:119] "[apm] httpRequestTiming", source: https://fe-static.xhscdn.com/formula-static/ugc/public/resource/js/8103.ec1b381a.js (119)
[0620/124903.303:INFO:CONSOLE:119] "console.groupEnd", source: https://fe-static.xhscdn.com/formula-static/ugc/public/resource/js/8103.ec1b381a.js (119)
[0620/124903.303:INFO:CONSOLE:119] "[apm] httpRequestTiming", source: https://fe-static.xhscdn.com/formula-static/ugc/public/resource/js/8103.ec1b381a.js (119)
[0620/124903.303:INFO:CONSOLE:119] "console.groupEnd", source: https://fe-static.xhscdn.com/formula-static/ugc/public/resource/js/8103.ec1b381a.js (119)
[0620/124903.303:INFO:CONSOLE:119] "[apm] httpRequestTiming", source: https://fe-static.xhscdn.com/formula-static/ugc/public/resource/js/8103.ec1b381a.js (119)
[0620/124903.304:INFO:CONSOLE:119] "console.groupEnd", source: https://fe-static.xhscdn.com/formula-static/ugc/public/resource/js/8103.ec1b381a.js (119)
[0620/124903.304:INFO:CONSOLE:119] "[apm] httpRequestTiming", source: https://fe-static.xhscdn.com/formula-static/ugc/public/resource/js/8103.ec1b381a.js (119)
[0620/124903.304:INFO:CONSOLE:119] "console.groupEnd", source: https://fe-static.xhscdn.com/formula-static/ugc/public/resource/js/8103.ec1b381a.js (119)
[0620/124903.304:INFO:CONSOLE:119] "[apm] httpRequestTiming", source: https://fe-static.xhscdn.com/formula-static/ugc/public/resource/js/8103.ec1b381a.js (119)
[0620/124903.304:INFO:CONSOLE:119] "console.groupEnd", source: https://fe-static.xhscdn.com/formula-static/ugc/public/resource/js/8103.ec1b381a.js (119)
[0620/124903.443:INFO:CONSOLE:0] "Mixed Content: The page at 'https://creator.xiaohongshu.com/new/home' was loaded over HTTPS, but requested an insecure element 'http://ci.xiaohongshu.com/0219df73-68d0-3502-a77c-72b1fd4cfcfb?imageView2/2/w/270/format/jpg'. This request was automatically upgraded to HTTPS, For more information see https://blog.chromium.org/2019/10/no-more-mixed-messages-about-https.html", source: https://creator.xiaohongshu.com/new/home (0)
[0620/124903.443:INFO:CONSOLE:0] "Mixed Content: The page at 'https://creator.xiaohongshu.com/new/home' was loaded over HTTPS, but requested an insecure element 'http://ci.xiaohongshu.com/fdbba771-8c11-318d-bd7e-65084dfa6236?imageView2/2/w/270/format/jpg'. This request was automatically upgraded to HTTPS, For more information see https://blog.chromium.org/2019/10/no-more-mixed-messages-about-https.html", source: https://creator.xiaohongshu.com/new/home (0)
[0620/124903.443:INFO:CONSOLE:0] "Mixed Content: The page at 'https://creator.xiaohongshu.com/new/home' was loaded over HTTPS, but requested an insecure element 'http://ci.xiaohongshu.com/f84f0e81-44d3-3284-bd8c-df0cd50db549?imageView2/2/w/270/format/jpg'. This request was automatically upgraded to HTTPS, For more information see https://blog.chromium.org/2019/10/no-more-mixed-messages-about-https.html", source: https://creator.xiaohongshu.com/new/home (0)
[0620/124903.443:INFO:CONSOLE:0] "Mixed Content: The page at 'https://creator.xiaohongshu.com/new/home' was loaded over HTTPS, but requested an insecure element 'http://ci.xiaohongshu.com/32cacced-3b28-321d-9ed6-7745e001e985?imageView2/2/w/270/format/jpg'. This request was automatically upgraded to HTTPS, For more information see https://blog.chromium.org/2019/10/no-more-mixed-messages-about-https.html", source: https://creator.xiaohongshu.com/new/home (0)
[0620/124903.443:INFO:CONSOLE:0] "Mixed Content: The page at 'https://creator.xiaohongshu.com/new/home' was loaded over HTTPS, but requested an insecure element 'http://ci.xiaohongshu.com/cbc2f859-bb10-3d3f-a141-5dd92056725d?imageView2/2/w/270/format/jpg'. This request was automatically upgraded to HTTPS, For more information see https://blog.chromium.org/2019/10/no-more-mixed-messages-about-https.html", source: https://creator.xiaohongshu.com/new/home (0)
[0620/124903.443:INFO:CONSOLE:0] "Mixed Content: The page at 'https://creator.xiaohongshu.com/new/home' was loaded over HTTPS, but requested an insecure element 'http://ci.xiaohongshu.com/d7762267-69c7-3bc0-a89a-3c7127f0f738?imageView2/2/w/270/format/jpg'. This request was automatically upgraded to HTTPS, For more information see https://blog.chromium.org/2019/10/no-more-mixed-messages-about-https.html", source: https://creator.xiaohongshu.com/new/home (0)
[0620/124903.443:INFO:CONSOLE:0] "Mixed Content: The page at 'https://creator.xiaohongshu.com/new/home' was loaded over HTTPS, but requested an insecure element 'http://ci.xiaohongshu.com/6ddf4fe1-2908-3b71-8ca7-fee885c4eab9?imageView2/2/w/270/format/jpg'. This request was automatically upgraded to HTTPS, For more information see https://blog.chromium.org/2019/10/no-more-mixed-messages-about-https.html", source: https://creator.xiaohongshu.com/new/home (0)
[0620/124903.443:INFO:CONSOLE:0] "Mixed Content: The page at 'https://creator.xiaohongshu.com/new/home' was loaded over HTTPS, but requested an insecure element 'http://ci.xiaohongshu.com/dfa37da0-ca01-31a7-9bb7-2e30e21c724a?imageView2/2/w/270/format/jpg'. This request was automatically upgraded to HTTPS, For more information see https://blog.chromium.org/2019/10/no-more-mixed-messages-about-https.html", source: https://creator.xiaohongshu.com/new/home (0)
[0620/124903.443:INFO:CONSOLE:0] "Mixed Content: The page at 'https://creator.xiaohongshu.com/new/home' was loaded over HTTPS, but requested an insecure element 'http://ci.xiaohongshu.com/dcef525b-8e58-38d5-ab60-0e6cb5a185f7?imageView2/2/w/270/format/jpg'. This request was automatically upgraded to HTTPS, For more information see https://blog.chromium.org/2019/10/no-more-mixed-messages-about-https.html", source: https://creator.xiaohongshu.com/new/home (0)
[0620/124903.443:INFO:CONSOLE:0] "Mixed Content: The page at 'https://creator.xiaohongshu.com/new/home' was loaded over HTTPS, but requested an insecure element 'http://ci.xiaohongshu.com/2d9fa2fa-3d30-3ce8-b8f1-54b97d788720?imageView2/2/w/270/format/jpg'. This request was automatically upgraded to HTTPS, For more information see https://blog.chromium.org/2019/10/no-more-mixed-messages-about-https.html", source: https://creator.xiaohongshu.com/new/home (0)
[0620/124903.445:INFO:CONSOLE:0] "Mixed Content: The page at 'https://creator.xiaohongshu.com/new/home' was loaded over HTTPS, but requested an insecure element 'http://ci.xiaohongshu.com/347a3290-049d-3a1f-bd88-33fd260672a1?imageView2/2/w/270/format/jpg'. This request was automatically upgraded to HTTPS, For more information see https://blog.chromium.org/2019/10/no-more-mixed-messages-about-https.html", source: https://creator.xiaohongshu.com/new/home (0)
[0620/124903.445:INFO:CONSOLE:0] "Mixed Content: The page at 'https://creator.xiaohongshu.com/new/home' was loaded over HTTPS, but requested an insecure element 'http://ci.xiaohongshu.com/2404ddb6-deb7-33ba-9d03-d2c434a02e46?imageView2/2/w/270/format/jpg'. This request was automatically upgraded to HTTPS, For more information see https://blog.chromium.org/2019/10/no-more-mixed-messages-about-https.html", source: https://creator.xiaohongshu.com/new/home (0)
[0620/124903.445:INFO:CONSOLE:0] "Mixed Content: The page at 'https://creator.xiaohongshu.com/new/home' was loaded over HTTPS, but requested an insecure element 'http://ci.xiaohongshu.com/77c0d478-c016-39c9-954d-1cdaac23e79c?imageView2/2/w/270/format/jpg'. This request was automatically upgraded to HTTPS, For more information see https://blog.chromium.org/2019/10/no-more-mixed-messages-about-https.html", source: https://creator.xiaohongshu.com/new/home (0)
[0620/124903.445:INFO:CONSOLE:0] "Mixed Content: The page at 'https://creator.xiaohongshu.com/new/home' was loaded over HTTPS, but requested an insecure element 'http://ci.xiaohongshu.com/cb9a7294-3b4c-3da3-8121-ed0637cad6b4?imageView2/2/w/270/format/jpg'. This request was automatically upgraded to HTTPS, For more information see https://blog.chromium.org/2019/10/no-more-mixed-messages-about-https.html", source: https://creator.xiaohongshu.com/new/home (0)
[0620/124903.445:INFO:CONSOLE:0] "Mixed Content: The page at 'https://creator.xiaohongshu.com/new/home' was loaded over HTTPS, but requested an insecure element 'http://ci.xiaohongshu.com/010272016jzd5soyf9t0103dw2t2hyvlhx?imageView2/2/w/270/format/jpg'. This request was automatically upgraded to HTTPS, For more information see https://blog.chromium.org/2019/10/no-more-mixed-messages-about-https.html", source: https://creator.xiaohongshu.com/new/home (0)
[0620/124903.445:INFO:CONSOLE:0] "Mixed Content: The page at 'https://creator.xiaohongshu.com/new/home' was loaded over HTTPS, but requested an insecure element 'http://ci.xiaohongshu.com/0219df73-68d0-3502-a77c-72b1fd4cfcfb?imageView2/2/w/270/format/jpg'. This request was automatically upgraded to HTTPS, For more information see https://blog.chromium.org/2019/10/no-more-mixed-messages-about-https.html", source: https://creator.xiaohongshu.com/new/home (0)
[0620/124903.445:INFO:CONSOLE:0] "Mixed Content: The page at 'https://creator.xiaohongshu.com/new/home' was loaded over HTTPS, but requested an insecure element 'http://ci.xiaohongshu.com/fdbba771-8c11-318d-bd7e-65084dfa6236?imageView2/2/w/270/format/jpg'. This request was automatically upgraded to HTTPS, For more information see https://blog.chromium.org/2019/10/no-more-mixed-messages-about-https.html", source: https://creator.xiaohongshu.com/new/home (0)
[0620/124903.445:INFO:CONSOLE:0] "Mixed Content: The page at 'https://creator.xiaohongshu.com/new/home' was loaded over HTTPS, but requested an insecure element 'http://ci.xiaohongshu.com/f84f0e81-44d3-3284-bd8c-df0cd50db549?imageView2/2/w/270/format/jpg'. This request was automatically upgraded to HTTPS, For more information see https://blog.chromium.org/2019/10/no-more-mixed-messages-about-https.html", source: https://creator.xiaohongshu.com/new/home (0)
[0620/124903.445:INFO:CONSOLE:0] "Mixed Content: The page at 'https://creator.xiaohongshu.com/new/home' was loaded over HTTPS, but requested an insecure element 'http://ci.xiaohongshu.com/32cacced-3b28-321d-9ed6-7745e001e985?imageView2/2/w/270/format/jpg'. This request was automatically upgraded to HTTPS, For more information see https://blog.chromium.org/2019/10/no-more-mixed-messages-about-https.html", source: https://creator.xiaohongshu.com/new/home (0)
[0620/124903.445:INFO:CONSOLE:0] "Mixed Content: The page at 'https://creator.xiaohongshu.com/new/home' was loaded over HTTPS, but requested an insecure element 'http://ci.xiaohongshu.com/cbc2f859-bb10-3d3f-a141-5dd92056725d?imageView2/2/w/270/format/jpg'. This request was automatically upgraded to HTTPS, For more information see https://blog.chromium.org/2019/10/no-more-mixed-messages-about-https.html", source: https://creator.xiaohongshu.com/new/home (0)
[0620/124903.445:INFO:CONSOLE:0] "Mixed Content: The page at 'https://creator.xiaohongshu.com/new/home' was loaded over HTTPS, but requested an insecure element 'http://ci.xiaohongshu.com/d7762267-69c7-3bc0-a89a-3c7127f0f738?imageView2/2/w/270/format/jpg'. This request was automatically upgraded to HTTPS, For more information see https://blog.chromium.org/2019/10/no-more-mixed-messages-about-https.html", source: https://creator.xiaohongshu.com/new/home (0)
[0620/124903.445:INFO:CONSOLE:0] "Mixed Content: The page at 'https://creator.xiaohongshu.com/new/home' was loaded over HTTPS, but requested an insecure element 'http://ci.xiaohongshu.com/6ddf4fe1-2908-3b71-8ca7-fee885c4eab9?imageView2/2/w/270/format/jpg'. This request was automatically upgraded to HTTPS, For more information see https://blog.chromium.org/2019/10/no-more-mixed-messages-about-https.html", source: https://creator.xiaohongshu.com/new/home (0)
[0620/124903.445:INFO:CONSOLE:0] "Mixed Content: The page at 'https://creator.xiaohongshu.com/new/home' was loaded over HTTPS, but requested an insecure element 'http://ci.xiaohongshu.com/dfa37da0-ca01-31a7-9bb7-2e30e21c724a?imageView2/2/w/270/format/jpg'. This request was automatically upgraded to HTTPS, For more information see https://blog.chromium.org/2019/10/no-more-mixed-messages-about-https.html", source: https://creator.xiaohongshu.com/new/home (0)
[0620/124903.445:INFO:CONSOLE:0] "Mixed Content: The page at 'https://creator.xiaohongshu.com/new/home' was loaded over HTTPS, but requested an insecure element 'http://ci.xiaohongshu.com/dcef525b-8e58-38d5-ab60-0e6cb5a185f7?imageView2/2/w/270/format/jpg'. This request was automatically upgraded to HTTPS, For more information see https://blog.chromium.org/2019/10/no-more-mixed-messages-about-https.html", source: https://creator.xiaohongshu.com/new/home (0)
[0620/124903.445:INFO:CONSOLE:0] "Mixed Content: The page at 'https://creator.xiaohongshu.com/new/home' was loaded over HTTPS, but requested an insecure element 'http://ci.xiaohongshu.com/2d9fa2fa-3d30-3ce8-b8f1-54b97d788720?imageView2/2/w/270/format/jpg'. This request was automatically upgraded to HTTPS, For more information see https://blog.chromium.org/2019/10/no-more-mixed-messages-about-https.html", source: https://creator.xiaohongshu.com/new/home (0)
[0620/124903.445:INFO:CONSOLE:0] "Mixed Content: The page at 'https://creator.xiaohongshu.com/new/home' was loaded over HTTPS, but requested an insecure element 'http://ci.xiaohongshu.com/347a3290-049d-3a1f-bd88-33fd260672a1?imageView2/2/w/270/format/jpg'. This request was automatically upgraded to HTTPS, For more information see https://blog.chromium.org/2019/10/no-more-mixed-messages-about-https.html", source: https://creator.xiaohongshu.com/new/home (0)
[0620/124903.445:INFO:CONSOLE:0] "Mixed Content: The page at 'https://creator.xiaohongshu.com/new/home' was loaded over HTTPS, but requested an insecure element 'http://ci.xiaohongshu.com/2404ddb6-deb7-33ba-9d03-d2c434a02e46?imageView2/2/w/270/format/jpg'. This request was automatically upgraded to HTTPS, For more information see https://blog.chromium.org/2019/10/no-more-mixed-messages-about-https.html", source: https://creator.xiaohongshu.com/new/home (0)
[0620/124903.445:INFO:CONSOLE:0] "Mixed Content: The page at 'https://creator.xiaohongshu.com/new/home' was loaded over HTTPS, but requested an insecure element 'http://ci.xiaohongshu.com/77c0d478-c016-39c9-954d-1cdaac23e79c?imageView2/2/w/270/format/jpg'. This request was automatically upgraded to HTTPS, For more information see https://blog.chromium.org/2019/10/no-more-mixed-messages-about-https.html", source: https://creator.xiaohongshu.com/new/home (0)
[0620/124903.445:INFO:CONSOLE:0] "Mixed Content: The page at 'https://creator.xiaohongshu.com/new/home' was loaded over HTTPS, but requested an insecure element 'http://ci.xiaohongshu.com/cb9a7294-3b4c-3da3-8121-ed0637cad6b4?imageView2/2/w/270/format/jpg'. This request was automatically upgraded to HTTPS, For more information see https://blog.chromium.org/2019/10/no-more-mixed-messages-about-https.html", source: https://creator.xiaohongshu.com/new/home (0)
[0620/124903.445:INFO:CONSOLE:0] "Mixed Content: The page at 'https://creator.xiaohongshu.com/new/home' was loaded over HTTPS, but requested an insecure element 'http://ci.xiaohongshu.com/010272016jzd5soyf9t0103dw2t2hyvlhx?imageView2/2/w/270/format/jpg'. This request was automatically upgraded to HTTPS, For more information see https://blog.chromium.org/2019/10/no-more-mixed-messages-about-https.html", source: https://creator.xiaohongshu.com/new/home (0)
[0620/124903.445:INFO:CONSOLE:0] "Mixed Content: The page at 'https://creator.xiaohongshu.com/new/home' was loaded over HTTPS, but requested an insecure element 'http://ci.xiaohongshu.com/0219df73-68d0-3502-a77c-72b1fd4cfcfb?imageView2/2/w/270/format/jpg'. This request was automatically upgraded to HTTPS, For more information see https://blog.chromium.org/2019/10/no-more-mixed-messages-about-https.html", source: https://creator.xiaohongshu.com/new/home (0)
[0620/124903.445:INFO:CONSOLE:0] "Mixed Content: The page at 'https://creator.xiaohongshu.com/new/home' was loaded over HTTPS, but requested an insecure element 'http://ci.xiaohongshu.com/fdbba771-8c11-318d-bd7e-65084dfa6236?imageView2/2/w/270/format/jpg'. This request was automatically upgraded to HTTPS, For more information see https://blog.chromium.org/2019/10/no-more-mixed-messages-about-https.html", source: https://creator.xiaohongshu.com/new/home (0)
[0620/124903.445:INFO:CONSOLE:0] "Mixed Content: The page at 'https://creator.xiaohongshu.com/new/home' was loaded over HTTPS, but requested an insecure element 'http://ci.xiaohongshu.com/f84f0e81-44d3-3284-bd8c-df0cd50db549?imageView2/2/w/270/format/jpg'. This request was automatically upgraded to HTTPS, For more information see https://blog.chromium.org/2019/10/no-more-mixed-messages-about-https.html", source: https://creator.xiaohongshu.com/new/home (0)
[0620/124903.445:INFO:CONSOLE:0] "Mixed Content: The page at 'https://creator.xiaohongshu.com/new/home' was loaded over HTTPS, but requested an insecure element 'http://ci.xiaohongshu.com/32cacced-3b28-321d-9ed6-7745e001e985?imageView2/2/w/270/format/jpg'. This request was automatically upgraded to HTTPS, For more information see https://blog.chromium.org/2019/10/no-more-mixed-messages-about-https.html", source: https://creator.xiaohongshu.com/new/home (0)
[0620/124903.445:INFO:CONSOLE:0] "Mixed Content: The page at 'https://creator.xiaohongshu.com/new/home' was loaded over HTTPS, but requested an insecure element 'http://ci.xiaohongshu.com/cbc2f859-bb10-3d3f-a141-5dd92056725d?imageView2/2/w/270/format/jpg'. This request was automatically upgraded to HTTPS, For more information see https://blog.chromium.org/2019/10/no-more-mixed-messages-about-https.html", source: https://creator.xiaohongshu.com/new/home (0)
[0620/124903.445:INFO:CONSOLE:0] "Mixed Content: The page at 'https://creator.xiaohongshu.com/new/home' was loaded over HTTPS, but requested an insecure element 'http://ci.xiaohongshu.com/d7762267-69c7-3bc0-a89a-3c7127f0f738?imageView2/2/w/270/format/jpg'. This request was automatically upgraded to HTTPS, For more information see https://blog.chromium.org/2019/10/no-more-mixed-messages-about-https.html", source: https://creator.xiaohongshu.com/new/home (0)
[0620/124903.445:INFO:CONSOLE:0] "Mixed Content: The page at 'https://creator.xiaohongshu.com/new/home' was loaded over HTTPS, but requested an insecure element 'http://ci.xiaohongshu.com/6ddf4fe1-2908-3b71-8ca7-fee885c4eab9?imageView2/2/w/270/format/jpg'. This request was automatically upgraded to HTTPS, For more information see https://blog.chromium.org/2019/10/no-more-mixed-messages-about-https.html", source: https://creator.xiaohongshu.com/new/home (0)
[0620/124903.445:INFO:CONSOLE:0] "Mixed Content: The page at 'https://creator.xiaohongshu.com/new/home' was loaded over HTTPS, but requested an insecure element 'http://ci.xiaohongshu.com/dfa37da0-ca01-31a7-9bb7-2e30e21c724a?imageView2/2/w/270/format/jpg'. This request was automatically upgraded to HTTPS, For more information see https://blog.chromium.org/2019/10/no-more-mixed-messages-about-https.html", source: https://creator.xiaohongshu.com/new/home (0)
[0620/124903.445:INFO:CONSOLE:0] "Mixed Content: The page at 'https://creator.xiaohongshu.com/new/home' was loaded over HTTPS, but requested an insecure element 'http://ci.xiaohongshu.com/dcef525b-8e58-38d5-ab60-0e6cb5a185f7?imageView2/2/w/270/format/jpg'. This request was automatically upgraded to HTTPS, For more information see https://blog.chromium.org/2019/10/no-more-mixed-messages-about-https.html", source: https://creator.xiaohongshu.com/new/home (0)
[0620/124903.445:INFO:CONSOLE:0] "Mixed Content: The page at 'https://creator.xiaohongshu.com/new/home' was loaded over HTTPS, but requested an insecure element 'http://ci.xiaohongshu.com/2d9fa2fa-3d30-3ce8-b8f1-54b97d788720?imageView2/2/w/270/format/jpg'. This request was automatically upgraded to HTTPS, For more information see https://blog.chromium.org/2019/10/no-more-mixed-messages-about-https.html", source: https://creator.xiaohongshu.com/new/home (0)
[0620/124903.445:INFO:CONSOLE:0] "Mixed Content: The page at 'https://creator.xiaohongshu.com/new/home' was loaded over HTTPS, but requested an insecure element 'http://ci.xiaohongshu.com/347a3290-049d-3a1f-bd88-33fd260672a1?imageView2/2/w/270/format/jpg'. This request was automatically upgraded to HTTPS, For more information see https://blog.chromium.org/2019/10/no-more-mixed-messages-about-https.html", source: https://creator.xiaohongshu.com/new/home (0)
[0620/124903.445:INFO:CONSOLE:0] "Mixed Content: The page at 'https://creator.xiaohongshu.com/new/home' was loaded over HTTPS, but requested an insecure element 'http://ci.xiaohongshu.com/2404ddb6-deb7-33ba-9d03-d2c434a02e46?imageView2/2/w/270/format/jpg'. This request was automatically upgraded to HTTPS, For more information see https://blog.chromium.org/2019/10/no-more-mixed-messages-about-https.html", source: https://creator.xiaohongshu.com/new/home (0)
[0620/124903.445:INFO:CONSOLE:0] "Mixed Content: The page at 'https://creator.xiaohongshu.com/new/home' was loaded over HTTPS, but requested an insecure element 'http://ci.xiaohongshu.com/77c0d478-c016-39c9-954d-1cdaac23e79c?imageView2/2/w/270/format/jpg'. This request was automatically upgraded to HTTPS, For more information see https://blog.chromium.org/2019/10/no-more-mixed-messages-about-https.html", source: https://creator.xiaohongshu.com/new/home (0)
[0620/124903.446:INFO:CONSOLE:0] "Mixed Content: The page at 'https://creator.xiaohongshu.com/new/home' was loaded over HTTPS, but requested an insecure element 'http://ci.xiaohongshu.com/cb9a7294-3b4c-3da3-8121-ed0637cad6b4?imageView2/2/w/270/format/jpg'. This request was automatically upgraded to HTTPS, For more information see https://blog.chromium.org/2019/10/no-more-mixed-messages-about-https.html", source: https://creator.xiaohongshu.com/new/home (0)
[0620/124903.446:INFO:CONSOLE:0] "Mixed Content: The page at 'https://creator.xiaohongshu.com/new/home' was loaded over HTTPS, but requested an insecure element 'http://ci.xiaohongshu.com/010272016jzd5soyf9t0103dw2t2hyvlhx?imageView2/2/w/270/format/jpg'. This request was automatically upgraded to HTTPS, For more information see https://blog.chromium.org/2019/10/no-more-mixed-messages-about-https.html", source: https://creator.xiaohongshu.com/new/home (0)
[0620/124903.446:INFO:CONSOLE:0] "Mixed Content: The page at 'https://creator.xiaohongshu.com/new/home' was loaded over HTTPS, but requested an insecure element 'http://ci.xiaohongshu.com/0219df73-68d0-3502-a77c-72b1fd4cfcfb?imageView2/2/w/270/format/jpg'. This request was automatically upgraded to HTTPS, For more information see https://blog.chromium.org/2019/10/no-more-mixed-messages-about-https.html", source: https://creator.xiaohongshu.com/new/home (0)
[0620/124903.446:INFO:CONSOLE:0] "Mixed Content: The page at 'https://creator.xiaohongshu.com/new/home' was loaded over HTTPS, but requested an insecure element 'http://ci.xiaohongshu.com/fdbba771-8c11-318d-bd7e-65084dfa6236?imageView2/2/w/270/format/jpg'. This request was automatically upgraded to HTTPS, For more information see https://blog.chromium.org/2019/10/no-more-mixed-messages-about-https.html", source: https://creator.xiaohongshu.com/new/home (0)
[0620/124903.446:INFO:CONSOLE:0] "Mixed Content: The page at 'https://creator.xiaohongshu.com/new/home' was loaded over HTTPS, but requested an insecure element 'http://ci.xiaohongshu.com/f84f0e81-44d3-3284-bd8c-df0cd50db549?imageView2/2/w/270/format/jpg'. This request was automatically upgraded to HTTPS, For more information see https://blog.chromium.org/2019/10/no-more-mixed-messages-about-https.html", source: https://creator.xiaohongshu.com/new/home (0)
[0620/124903.446:INFO:CONSOLE:0] "Mixed Content: The page at 'https://creator.xiaohongshu.com/new/home' was loaded over HTTPS, but requested an insecure element 'http://ci.xiaohongshu.com/32cacced-3b28-321d-9ed6-7745e001e985?imageView2/2/w/270/format/jpg'. This request was automatically upgraded to HTTPS, For more information see https://blog.chromium.org/2019/10/no-more-mixed-messages-about-https.html", source: https://creator.xiaohongshu.com/new/home (0)
[0620/124903.446:INFO:CONSOLE:0] "Mixed Content: The page at 'https://creator.xiaohongshu.com/new/home' was loaded over HTTPS, but requested an insecure element 'http://ci.xiaohongshu.com/cbc2f859-bb10-3d3f-a141-5dd92056725d?imageView2/2/w/270/format/jpg'. This request was automatically upgraded to HTTPS, For more information see https://blog.chromium.org/2019/10/no-more-mixed-messages-about-https.html", source: https://creator.xiaohongshu.com/new/home (0)
[0620/124903.446:INFO:CONSOLE:0] "Mixed Content: The page at 'https://creator.xiaohongshu.com/new/home' was loaded over HTTPS, but requested an insecure element 'http://ci.xiaohongshu.com/d7762267-69c7-3bc0-a89a-3c7127f0f738?imageView2/2/w/270/format/jpg'. This request was automatically upgraded to HTTPS, For more information see https://blog.chromium.org/2019/10/no-more-mixed-messages-about-https.html", source: https://creator.xiaohongshu.com/new/home (0)
[0620/124903.446:INFO:CONSOLE:0] "Mixed Content: The page at 'https://creator.xiaohongshu.com/new/home' was loaded over HTTPS, but requested an insecure element 'http://ci.xiaohongshu.com/6ddf4fe1-2908-3b71-8ca7-fee885c4eab9?imageView2/2/w/270/format/jpg'. This request was automatically upgraded to HTTPS, For more information see https://blog.chromium.org/2019/10/no-more-mixed-messages-about-https.html", source: https://creator.xiaohongshu.com/new/home (0)
[0620/124903.446:INFO:CONSOLE:0] "Mixed Content: The page at 'https://creator.xiaohongshu.com/new/home' was loaded over HTTPS, but requested an insecure element 'http://ci.xiaohongshu.com/dfa37da0-ca01-31a7-9bb7-2e30e21c724a?imageView2/2/w/270/format/jpg'. This request was automatically upgraded to HTTPS, For more information see https://blog.chromium.org/2019/10/no-more-mixed-messages-about-https.html", source: https://creator.xiaohongshu.com/new/home (0)
[0620/124903.446:INFO:CONSOLE:0] "Mixed Content: The page at 'https://creator.xiaohongshu.com/new/home' was loaded over HTTPS, but requested an insecure element 'http://ci.xiaohongshu.com/dcef525b-8e58-38d5-ab60-0e6cb5a185f7?imageView2/2/w/270/format/jpg'. This request was automatically upgraded to HTTPS, For more information see https://blog.chromium.org/2019/10/no-more-mixed-messages-about-https.html", source: https://creator.xiaohongshu.com/new/home (0)
[0620/124903.446:INFO:CONSOLE:0] "Mixed Content: The page at 'https://creator.xiaohongshu.com/new/home' was loaded over HTTPS, but requested an insecure element 'http://ci.xiaohongshu.com/2d9fa2fa-3d30-3ce8-b8f1-54b97d788720?imageView2/2/w/270/format/jpg'. This request was automatically upgraded to HTTPS, For more information see https://blog.chromium.org/2019/10/no-more-mixed-messages-about-https.html", source: https://creator.xiaohongshu.com/new/home (0)
[0620/124903.446:INFO:CONSOLE:0] "Mixed Content: The page at 'https://creator.xiaohongshu.com/new/home' was loaded over HTTPS, but requested an insecure element 'http://ci.xiaohongshu.com/347a3290-049d-3a1f-bd88-33fd260672a1?imageView2/2/w/270/format/jpg'. This request was automatically upgraded to HTTPS, For more information see https://blog.chromium.org/2019/10/no-more-mixed-messages-about-https.html", source: https://creator.xiaohongshu.com/new/home (0)
[0620/124903.446:INFO:CONSOLE:0] "Mixed Content: The page at 'https://creator.xiaohongshu.com/new/home' was loaded over HTTPS, but requested an insecure element 'http://ci.xiaohongshu.com/2404ddb6-deb7-33ba-9d03-d2c434a02e46?imageView2/2/w/270/format/jpg'. This request was automatically upgraded to HTTPS, For more information see https://blog.chromium.org/2019/10/no-more-mixed-messages-about-https.html", source: https://creator.xiaohongshu.com/new/home (0)
[0620/124903.446:INFO:CONSOLE:0] "Mixed Content: The page at 'https://creator.xiaohongshu.com/new/home' was loaded over HTTPS, but requested an insecure element 'http://ci.xiaohongshu.com/77c0d478-c016-39c9-954d-1cdaac23e79c?imageView2/2/w/270/format/jpg'. This request was automatically upgraded to HTTPS, For more information see https://blog.chromium.org/2019/10/no-more-mixed-messages-about-https.html", source: https://creator.xiaohongshu.com/new/home (0)
[0620/124903.446:INFO:CONSOLE:0] "Mixed Content: The page at 'https://creator.xiaohongshu.com/new/home' was loaded over HTTPS, but requested an insecure element 'http://ci.xiaohongshu.com/cb9a7294-3b4c-3da3-8121-ed0637cad6b4?imageView2/2/w/270/format/jpg'. This request was automatically upgraded to HTTPS, For more information see https://blog.chromium.org/2019/10/no-more-mixed-messages-about-https.html", source: https://creator.xiaohongshu.com/new/home (0)
[0620/124903.446:INFO:CONSOLE:0] "Mixed Content: The page at 'https://creator.xiaohongshu.com/new/home' was loaded over HTTPS, but requested an insecure element 'http://ci.xiaohongshu.com/010272016jzd5soyf9t0103dw2t2hyvlhx?imageView2/2/w/270/format/jpg'. This request was automatically upgraded to HTTPS, For more information see https://blog.chromium.org/2019/10/no-more-mixed-messages-about-https.html", source: https://creator.xiaohongshu.com/new/home (0)
[0620/124903.446:INFO:CONSOLE:0] "Mixed Content: The page at 'https://creator.xiaohongshu.com/new/home' was loaded over HTTPS, but requested an insecure element 'http://ci.xiaohongshu.com/0219df73-68d0-3502-a77c-72b1fd4cfcfb?imageView2/2/w/270/format/jpg'. This request was automatically upgraded to HTTPS, For more information see https://blog.chromium.org/2019/10/no-more-mixed-messages-about-https.html", source: https://creator.xiaohongshu.com/new/home (0)
[0620/124903.446:INFO:CONSOLE:0] "Mixed Content: The page at 'https://creator.xiaohongshu.com/new/home' was loaded over HTTPS, but requested an insecure element 'http://ci.xiaohongshu.com/fdbba771-8c11-318d-bd7e-65084dfa6236?imageView2/2/w/270/format/jpg'. This request was automatically upgraded to HTTPS, For more information see https://blog.chromium.org/2019/10/no-more-mixed-messages-about-https.html", source: https://creator.xiaohongshu.com/new/home (0)
[0620/124903.446:INFO:CONSOLE:0] "Mixed Content: The page at 'https://creator.xiaohongshu.com/new/home' was loaded over HTTPS, but requested an insecure element 'http://ci.xiaohongshu.com/f84f0e81-44d3-3284-bd8c-df0cd50db549?imageView2/2/w/270/format/jpg'. This request was automatically upgraded to HTTPS, For more information see https://blog.chromium.org/2019/10/no-more-mixed-messages-about-https.html", source: https://creator.xiaohongshu.com/new/home (0)
[0620/124903.446:INFO:CONSOLE:0] "Mixed Content: The page at 'https://creator.xiaohongshu.com/new/home' was loaded over HTTPS, but requested an insecure element 'http://ci.xiaohongshu.com/32cacced-3b28-321d-9ed6-7745e001e985?imageView2/2/w/270/format/jpg'. This request was automatically upgraded to HTTPS, For more information see https://blog.chromium.org/2019/10/no-more-mixed-messages-about-https.html", source: https://creator.xiaohongshu.com/new/home (0)
[0620/124903.446:INFO:CONSOLE:0] "Mixed Content: The page at 'https://creator.xiaohongshu.com/new/home' was loaded over HTTPS, but requested an insecure element 'http://ci.xiaohongshu.com/cbc2f859-bb10-3d3f-a141-5dd92056725d?imageView2/2/w/270/format/jpg'. This request was automatically upgraded to HTTPS, For more information see https://blog.chromium.org/2019/10/no-more-mixed-messages-about-https.html", source: https://creator.xiaohongshu.com/new/home (0)
[0620/124903.446:INFO:CONSOLE:0] "Mixed Content: The page at 'https://creator.xiaohongshu.com/new/home' was loaded over HTTPS, but requested an insecure element 'http://ci.xiaohongshu.com/d7762267-69c7-3bc0-a89a-3c7127f0f738?imageView2/2/w/270/format/jpg'. This request was automatically upgraded to HTTPS, For more information see https://blog.chromium.org/2019/10/no-more-mixed-messages-about-https.html", source: https://creator.xiaohongshu.com/new/home (0)
[0620/124903.446:INFO:CONSOLE:0] "Mixed Content: The page at 'https://creator.xiaohongshu.com/new/home' was loaded over HTTPS, but requested an insecure element 'http://ci.xiaohongshu.com/6ddf4fe1-2908-3b71-8ca7-fee885c4eab9?imageView2/2/w/270/format/jpg'. This request was automatically upgraded to HTTPS, For more information see https://blog.chromium.org/2019/10/no-more-mixed-messages-about-https.html", source: https://creator.xiaohongshu.com/new/home (0)
[0620/124903.446:INFO:CONSOLE:0] "Mixed Content: The page at 'https://creator.xiaohongshu.com/new/home' was loaded over HTTPS, but requested an insecure element 'http://ci.xiaohongshu.com/dfa37da0-ca01-31a7-9bb7-2e30e21c724a?imageView2/2/w/270/format/jpg'. This request was automatically upgraded to HTTPS, For more information see https://blog.chromium.org/2019/10/no-more-mixed-messages-about-https.html", source: https://creator.xiaohongshu.com/new/home (0)
[0620/124903.446:INFO:CONSOLE:0] "Mixed Content: The page at 'https://creator.xiaohongshu.com/new/home' was loaded over HTTPS, but requested an insecure element 'http://ci.xiaohongshu.com/dcef525b-8e58-38d5-ab60-0e6cb5a185f7?imageView2/2/w/270/format/jpg'. This request was automatically upgraded to HTTPS, For more information see https://blog.chromium.org/2019/10/no-more-mixed-messages-about-https.html", source: https://creator.xiaohongshu.com/new/home (0)
[0620/124903.446:INFO:CONSOLE:0] "Mixed Content: The page at 'https://creator.xiaohongshu.com/new/home' was loaded over HTTPS, but requested an insecure element 'http://ci.xiaohongshu.com/2d9fa2fa-3d30-3ce8-b8f1-54b97d788720?imageView2/2/w/270/format/jpg'. This request was automatically upgraded to HTTPS, For more information see https://blog.chromium.org/2019/10/no-more-mixed-messages-about-https.html", source: https://creator.xiaohongshu.com/new/home (0)
[0620/124903.446:INFO:CONSOLE:0] "Mixed Content: The page at 'https://creator.xiaohongshu.com/new/home' was loaded over HTTPS, but requested an insecure element 'http://ci.xiaohongshu.com/347a3290-049d-3a1f-bd88-33fd260672a1?imageView2/2/w/270/format/jpg'. This request was automatically upgraded to HTTPS, For more information see https://blog.chromium.org/2019/10/no-more-mixed-messages-about-https.html", source: https://creator.xiaohongshu.com/new/home (0)
[0620/124903.446:INFO:CONSOLE:0] "Mixed Content: The page at 'https://creator.xiaohongshu.com/new/home' was loaded over HTTPS, but requested an insecure element 'http://ci.xiaohongshu.com/2404ddb6-deb7-33ba-9d03-d2c434a02e46?imageView2/2/w/270/format/jpg'. This request was automatically upgraded to HTTPS, For more information see https://blog.chromium.org/2019/10/no-more-mixed-messages-about-https.html", source: https://creator.xiaohongshu.com/new/home (0)
[0620/124903.448:INFO:CONSOLE:0] "Mixed Content: The page at 'https://creator.xiaohongshu.com/new/home' was loaded over HTTPS, but requested an insecure element 'http://ci.xiaohongshu.com/77c0d478-c016-39c9-954d-1cdaac23e79c?imageView2/2/w/270/format/jpg'. This request was automatically upgraded to HTTPS, For more information see https://blog.chromium.org/2019/10/no-more-mixed-messages-about-https.html", source: https://creator.xiaohongshu.com/new/home (0)
[0620/124903.449:INFO:CONSOLE:0] "Mixed Content: The page at 'https://creator.xiaohongshu.com/new/home' was loaded over HTTPS, but requested an insecure element 'http://ci.xiaohongshu.com/cb9a7294-3b4c-3da3-8121-ed0637cad6b4?imageView2/2/w/270/format/jpg'. This request was automatically upgraded to HTTPS, For more information see https://blog.chromium.org/2019/10/no-more-mixed-messages-about-https.html", source: https://creator.xiaohongshu.com/new/home (0)
[0620/124903.449:INFO:CONSOLE:0] "Mixed Content: The page at 'https://creator.xiaohongshu.com/new/home' was loaded over HTTPS, but requested an insecure element 'http://ci.xiaohongshu.com/010272016jzd5soyf9t0103dw2t2hyvlhx?imageView2/2/w/270/format/jpg'. This request was automatically upgraded to HTTPS, For more information see https://blog.chromium.org/2019/10/no-more-mixed-messages-about-https.html", source: https://creator.xiaohongshu.com/new/home (0)
[0620/124903.449:INFO:CONSOLE:0] "Mixed Content: The page at 'https://creator.xiaohongshu.com/new/home' was loaded over HTTPS, but requested an insecure element 'http://ci.xiaohongshu.com/0219df73-68d0-3502-a77c-72b1fd4cfcfb?imageView2/2/w/270/format/jpg'. This request was automatically upgraded to HTTPS, For more information see https://blog.chromium.org/2019/10/no-more-mixed-messages-about-https.html", source: https://creator.xiaohongshu.com/new/home (0)
[0620/124903.449:INFO:CONSOLE:0] "Mixed Content: The page at 'https://creator.xiaohongshu.com/new/home' was loaded over HTTPS, but requested an insecure element 'http://ci.xiaohongshu.com/fdbba771-8c11-318d-bd7e-65084dfa6236?imageView2/2/w/270/format/jpg'. This request was automatically upgraded to HTTPS, For more information see https://blog.chromium.org/2019/10/no-more-mixed-messages-about-https.html", source: https://creator.xiaohongshu.com/new/home (0)
[0620/124903.449:INFO:CONSOLE:0] "Mixed Content: The page at 'https://creator.xiaohongshu.com/new/home' was loaded over HTTPS, but requested an insecure element 'http://ci.xiaohongshu.com/f84f0e81-44d3-3284-bd8c-df0cd50db549?imageView2/2/w/270/format/jpg'. This request was automatically upgraded to HTTPS, For more information see https://blog.chromium.org/2019/10/no-more-mixed-messages-about-https.html", source: https://creator.xiaohongshu.com/new/home (0)
[0620/124903.449:INFO:CONSOLE:0] "Mixed Content: The page at 'https://creator.xiaohongshu.com/new/home' was loaded over HTTPS, but requested an insecure element 'http://ci.xiaohongshu.com/32cacced-3b28-321d-9ed6-7745e001e985?imageView2/2/w/270/format/jpg'. This request was automatically upgraded to HTTPS, For more information see https://blog.chromium.org/2019/10/no-more-mixed-messages-about-https.html", source: https://creator.xiaohongshu.com/new/home (0)
[0620/124903.449:INFO:CONSOLE:0] "Mixed Content: The page at 'https://creator.xiaohongshu.com/new/home' was loaded over HTTPS, but requested an insecure element 'http://ci.xiaohongshu.com/cbc2f859-bb10-3d3f-a141-5dd92056725d?imageView2/2/w/270/format/jpg'. This request was automatically upgraded to HTTPS, For more information see https://blog.chromium.org/2019/10/no-more-mixed-messages-about-https.html", source: https://creator.xiaohongshu.com/new/home (0)
[0620/124903.449:INFO:CONSOLE:0] "Mixed Content: The page at 'https://creator.xiaohongshu.com/new/home' was loaded over HTTPS, but requested an insecure element 'http://ci.xiaohongshu.com/d7762267-69c7-3bc0-a89a-3c7127f0f738?imageView2/2/w/270/format/jpg'. This request was automatically upgraded to HTTPS, For more information see https://blog.chromium.org/2019/10/no-more-mixed-messages-about-https.html", source: https://creator.xiaohongshu.com/new/home (0)
[0620/124903.449:INFO:CONSOLE:0] "Mixed Content: The page at 'https://creator.xiaohongshu.com/new/home' was loaded over HTTPS, but requested an insecure element 'http://ci.xiaohongshu.com/6ddf4fe1-2908-3b71-8ca7-fee885c4eab9?imageView2/2/w/270/format/jpg'. This request was automatically upgraded to HTTPS, For more information see https://blog.chromium.org/2019/10/no-more-mixed-messages-about-https.html", source: https://creator.xiaohongshu.com/new/home (0)
[0620/124903.449:INFO:CONSOLE:0] "Mixed Content: The page at 'https://creator.xiaohongshu.com/new/home' was loaded over HTTPS, but requested an insecure element 'http://ci.xiaohongshu.com/dfa37da0-ca01-31a7-9bb7-2e30e21c724a?imageView2/2/w/270/format/jpg'. This request was automatically upgraded to HTTPS, For more information see https://blog.chromium.org/2019/10/no-more-mixed-messages-about-https.html", source: https://creator.xiaohongshu.com/new/home (0)
[0620/124903.449:INFO:CONSOLE:0] "Mixed Content: The page at 'https://creator.xiaohongshu.com/new/home' was loaded over HTTPS, but requested an insecure element 'http://ci.xiaohongshu.com/dcef525b-8e58-38d5-ab60-0e6cb5a185f7?imageView2/2/w/270/format/jpg'. This request was automatically upgraded to HTTPS, For more information see https://blog.chromium.org/2019/10/no-more-mixed-messages-about-https.html", source: https://creator.xiaohongshu.com/new/home (0)
[0620/124903.449:INFO:CONSOLE:0] "Mixed Content: The page at 'https://creator.xiaohongshu.com/new/home' was loaded over HTTPS, but requested an insecure element 'http://ci.xiaohongshu.com/2d9fa2fa-3d30-3ce8-b8f1-54b97d788720?imageView2/2/w/270/format/jpg'. This request was automatically upgraded to HTTPS, For more information see https://blog.chromium.org/2019/10/no-more-mixed-messages-about-https.html", source: https://creator.xiaohongshu.com/new/home (0)
[0620/124903.449:INFO:CONSOLE:0] "Mixed Content: The page at 'https://creator.xiaohongshu.com/new/home' was loaded over HTTPS, but requested an insecure element 'http://ci.xiaohongshu.com/347a3290-049d-3a1f-bd88-33fd260672a1?imageView2/2/w/270/format/jpg'. This request was automatically upgraded to HTTPS, For more information see https://blog.chromium.org/2019/10/no-more-mixed-messages-about-https.html", source: https://creator.xiaohongshu.com/new/home (0)
[0620/124903.449:INFO:CONSOLE:0] "Mixed Content: The page at 'https://creator.xiaohongshu.com/new/home' was loaded over HTTPS, but requested an insecure element 'http://ci.xiaohongshu.com/2404ddb6-deb7-33ba-9d03-d2c434a02e46?imageView2/2/w/270/format/jpg'. This request was automatically upgraded to HTTPS, For more information see https://blog.chromium.org/2019/10/no-more-mixed-messages-about-https.html", source: https://creator.xiaohongshu.com/new/home (0)
[0620/124903.449:INFO:CONSOLE:0] "Mixed Content: The page at 'https://creator.xiaohongshu.com/new/home' was loaded over HTTPS, but requested an insecure element 'http://ci.xiaohongshu.com/77c0d478-c016-39c9-954d-1cdaac23e79c?imageView2/2/w/270/format/jpg'. This request was automatically upgraded to HTTPS, For more information see https://blog.chromium.org/2019/10/no-more-mixed-messages-about-https.html", source: https://creator.xiaohongshu.com/new/home (0)
[0620/124903.449:INFO:CONSOLE:0] "Mixed Content: The page at 'https://creator.xiaohongshu.com/new/home' was loaded over HTTPS, but requested an insecure element 'http://ci.xiaohongshu.com/cb9a7294-3b4c-3da3-8121-ed0637cad6b4?imageView2/2/w/270/format/jpg'. This request was automatically upgraded to HTTPS, For more information see https://blog.chromium.org/2019/10/no-more-mixed-messages-about-https.html", source: https://creator.xiaohongshu.com/new/home (0)
[0620/124903.449:INFO:CONSOLE:0] "Mixed Content: The page at 'https://creator.xiaohongshu.com/new/home' was loaded over HTTPS, but requested an insecure element 'http://ci.xiaohongshu.com/010272016jzd5soyf9t0103dw2t2hyvlhx?imageView2/2/w/270/format/jpg'. This request was automatically upgraded to HTTPS, For more information see https://blog.chromium.org/2019/10/no-more-mixed-messages-about-https.html", source: https://creator.xiaohongshu.com/new/home (0)
[0620/124903.472:INFO:CONSOLE:0] "Mixed Content: The page at 'https://creator.xiaohongshu.com/new/home' was loaded over HTTPS, but requested an insecure element 'http://ci.xiaohongshu.com/spectrum/1040g34o321kh27it74105q9l4qsskusb2jnqhb8?imageView2/2/w/1080/format/jpg'. This request was automatically upgraded to HTTPS, For more information see https://blog.chromium.org/2019/10/no-more-mixed-messages-about-https.html", source: https://creator.xiaohongshu.com/new/home (0)
[0620/124903.509:INFO:CONSOLE:1] "Fetch API cannot load chrome-extension://dhjaibcmgocbpegmejfphjhhpaphmkpp/is.js. URL scheme "chrome-extension" is not supported.", source: https://fe-static.xhscdn.com/formula-static/ugc/public/resource/js/async/9936.c458759f.js (1)
[0620/124903.509:INFO:CONSOLE:1] "Fetch API cannot load chrome-extension://beeaddblkeeialcohiolkkoiifhgjooj/manifest.json. URL scheme "chrome-extension" is not supported.", source: https://fe-static.xhscdn.com/formula-static/ugc/public/resource/js/async/9936.c458759f.js (1)
[0620/124903.509:INFO:CONSOLE:1] "Fetch API cannot load chrome-extension://ddgooekaaihgnbfbgalfiooiicdnmnia/js/js-index.ts.js. URL scheme "chrome-extension" is not supported.", source: https://fe-static.xhscdn.com/formula-static/ugc/public/resource/js/async/9936.c458759f.js (1)
[0620/124903.510:INFO:CONSOLE:1] "Fetch API cannot load chrome-extension://keeelahekhhgkpaipdodgjnmgkfcdpde/inject.6070000c.js. URL scheme "chrome-extension" is not supported.", source: https://fe-static.xhscdn.com/formula-static/ugc/public/resource/js/async/9936.c458759f.js (1)
[0620/124903.510:INFO:CONSOLE:1] "Fetch API cannot load chrome-extension://dbichmdlbjdeplpkhcejgkakobjbjalc/content-scripts/xiaohongshu.css. URL scheme "chrome-extension" is not supported.", source: https://fe-static.xhscdn.com/formula-static/ugc/public/resource/js/async/9936.c458759f.js (1)
[0620/124903.510:INFO:CONSOLE:1] "Fetch API cannot load chrome-extension://piejlhcmefdepbgalcongckfomfobokb/worker.js. URL scheme "chrome-extension" is not supported.", source: https://fe-static.xhscdn.com/formula-static/ugc/public/resource/js/async/9936.c458759f.js (1)
[0620/124903.510:INFO:CONSOLE:1] "Fetch API cannot load chrome-extension://lenndnnbdichpjlfmfadcjpaenmiflan/inject.bundle.js. URL scheme "chrome-extension" is not supported.", source: https://fe-static.xhscdn.com/formula-static/ugc/public/resource/js/async/9936.c458759f.js (1)
[0620/124903.510:INFO:CONSOLE:1] "Fetch API cannot load chrome-extension://hmeohemhimcjlegdjloglnkfablbneif/inject.bundle.js. URL scheme "chrome-extension" is not supported.", source: https://fe-static.xhscdn.com/formula-static/ugc/public/resource/js/async/9936.c458759f.js (1)
[0620/124905.546:INFO:CONSOLE:119] "[apm] httpRequestTiming", source: https://fe-static.xhscdn.com/formula-static/ugc/public/resource/js/8103.ec1b381a.js (119)
[0620/124905.547:INFO:CONSOLE:119] "console.groupEnd", source: https://fe-static.xhscdn.com/formula-static/ugc/public/resource/js/8103.ec1b381a.js (119)
[0620/124905.547:INFO:CONSOLE:119] "[apm] httpRequestTiming", source: https://fe-static.xhscdn.com/formula-static/ugc/public/resource/js/8103.ec1b381a.js (119)
[0620/124905.547:INFO:CONSOLE:119] "console.groupEnd", source: https://fe-static.xhscdn.com/formula-static/ugc/public/resource/js/8103.ec1b381a.js (119)
[0620/124905.547:INFO:CONSOLE:119] "[apm] httpRequestTiming", source: https://fe-static.xhscdn.com/formula-static/ugc/public/resource/js/8103.ec1b381a.js (119)
[0620/124905.547:INFO:CONSOLE:119] "console.groupEnd", source: https://fe-static.xhscdn.com/formula-static/ugc/public/resource/js/8103.ec1b381a.js (119)
[0620/124905.547:INFO:CONSOLE:119] "[apm] httpRequestTiming", source: https://fe-static.xhscdn.com/formula-static/ugc/public/resource/js/8103.ec1b381a.js (119)
[0620/124905.547:INFO:CONSOLE:119] "console.groupEnd", source: https://fe-static.xhscdn.com/formula-static/ugc/public/resource/js/8103.ec1b381a.js (119)
[0620/124905.547:INFO:CONSOLE:119] "[apm] httpRequestTiming", source: https://fe-static.xhscdn.com/formula-static/ugc/public/resource/js/8103.ec1b381a.js (119)
[0620/124905.547:INFO:CONSOLE:119] "console.groupEnd", source: https://fe-static.xhscdn.com/formula-static/ugc/public/resource/js/8103.ec1b381a.js (119)
[0620/124906.288:INFO:CONSOLE:119] "[apm performance metric] paintTiming", source: https://fe-static.xhscdn.com/formula-static/ugc/public/resource/js/8103.ec1b381a.js (119)
[0620/124906.288:INFO:CONSOLE:119] "console.groupEnd", source: https://fe-static.xhscdn.com/formula-static/ugc/public/resource/js/8103.ec1b381a.js (119)
[0620/124906.581:INFO:CONSOLE:119] "[apm] sns_web_publish_new_bootstrap", source: https://fe-static.xhscdn.com/formula-static/ugc/public/resource/js/8103.ec1b381a.js (119)
[0620/124906.581:INFO:CONSOLE:119] "console.groupEnd", source: https://fe-static.xhscdn.com/formula-static/ugc/public/resource/js/8103.ec1b381a.js (119)
[0620/124906.581:INFO:CONSOLE:119] "[apm] sns_web_publish_perf", source: https://fe-static.xhscdn.com/formula-static/ugc/public/resource/js/8103.ec1b381a.js (119)
[0620/124906.581:INFO:CONSOLE:119] "console.groupEnd", source: https://fe-static.xhscdn.com/formula-static/ugc/public/resource/js/8103.ec1b381a.js (119)
[0620/124906.581:INFO:CONSOLE:119] "[apm] sns_web_publish_perf", source: https://fe-static.xhscdn.com/formula-static/ugc/public/resource/js/8103.ec1b381a.js (119)
[0620/124906.581:INFO:CONSOLE:119] "console.groupEnd", source: https://fe-static.xhscdn.com/formula-static/ugc/public/resource/js/8103.ec1b381a.js (119)
[0620/124906.581:INFO:CONSOLE:119] "[apm] sns_web_publish_upload_image", source: https://fe-static.xhscdn.com/formula-static/ugc/public/resource/js/8103.ec1b381a.js (119)
[0620/124906.581:INFO:CONSOLE:119] "console.groupEnd", source: https://fe-static.xhscdn.com/formula-static/ugc/public/resource/js/8103.ec1b381a.js (119)
[0620/124906.581:INFO:CONSOLE:119] "[apm] sns_web_publish_upload_image", source: https://fe-static.xhscdn.com/formula-static/ugc/public/resource/js/8103.ec1b381a.js (119)
[0620/124906.581:INFO:CONSOLE:119] "console.groupEnd", source: https://fe-static.xhscdn.com/formula-static/ugc/public/resource/js/8103.ec1b381a.js (119)
[0620/124911.493:INFO:CONSOLE:3] "Error", source:  (3)
[0620/124911.512:INFO:CONSOLE:3] "Error", source:  (3)
[0620/124911.522:INFO:CONSOLE:3] "Error", source:  (3)
[0620/124911.531:INFO:CONSOLE:1] "Error", source: https://fe-static.xhscdn.com/formula-static/ugc/public/resource/js/async/9936.c458759f.js (1)
[0620/124911.571:INFO:CONSOLE:1] "[object GeolocationPositionError]", source: https://fe-static.xhscdn.com/formula-static/ugc/public/resource/js/project-publish-vue.1428a0fb.js (1)
[0620/124911.741:INFO:CONSOLE:119] "[apm] sns_web_draft_point", source: https://fe-static.xhscdn.com/formula-static/ugc/public/resource/js/8103.ec1b381a.js (119)
[0620/124911.743:INFO:CONSOLE:119] "console.groupEnd", source: https://fe-static.xhscdn.com/formula-static/ugc/public/resource/js/8103.ec1b381a.js (119)
[0620/124911.743:INFO:CONSOLE:119] "[apm] httpRequestTiming", source: https://fe-static.xhscdn.com/formula-static/ugc/public/resource/js/8103.ec1b381a.js (119)
[0620/124911.743:INFO:CONSOLE:119] "console.groupEnd", source: https://fe-static.xhscdn.com/formula-static/ugc/public/resource/js/8103.ec1b381a.js (119)
[0620/124911.743:INFO:CONSOLE:119] "[apm] sns_web_publish_perf", source: https://fe-static.xhscdn.com/formula-static/ugc/public/resource/js/8103.ec1b381a.js (119)
[0620/124911.743:INFO:CONSOLE:119] "console.groupEnd", source: https://fe-static.xhscdn.com/formula-static/ugc/public/resource/js/8103.ec1b381a.js (119)
[0620/124911.743:INFO:CONSOLE:119] "[apm] httpRequestTiming", source: https://fe-static.xhscdn.com/formula-static/ugc/public/resource/js/8103.ec1b381a.js (119)
[0620/124911.743:INFO:CONSOLE:119] "console.groupEnd", source: https://fe-static.xhscdn.com/formula-static/ugc/public/resource/js/8103.ec1b381a.js (119)
[0620/124911.743:INFO:CONSOLE:119] "[apm] sns_web_publish_upload_image", source: https://fe-static.xhscdn.com/formula-static/ugc/public/resource/js/8103.ec1b381a.js (119)
[0620/124911.743:INFO:CONSOLE:119] "console.groupEnd", source: https://fe-static.xhscdn.com/formula-static/ugc/public/resource/js/8103.ec1b381a.js (119)
[0620/124911.745:INFO:CONSOLE:119] "[apm] sns_web_publish_upload_image", source: https://fe-static.xhscdn.com/formula-static/ugc/public/resource/js/8103.ec1b381a.js (119)
[0620/124911.745:INFO:CONSOLE:119] "console.groupEnd", source: https://fe-static.xhscdn.com/formula-static/ugc/public/resource/js/8103.ec1b381a.js (119)
[0620/124911.745:INFO:CONSOLE:119] "[apm] sns_web_publish_upload_image", source: https://fe-static.xhscdn.com/formula-static/ugc/public/resource/js/8103.ec1b381a.js (119)
[0620/124911.745:INFO:CONSOLE:119] "console.groupEnd", source: https://fe-static.xhscdn.com/formula-static/ugc/public/resource/js/8103.ec1b381a.js (119)
[0620/124911.745:INFO:CONSOLE:119] "[apm] sns_web_publish_upload_image", source: https://fe-static.xhscdn.com/formula-static/ugc/public/resource/js/8103.ec1b381a.js (119)
[0620/124911.745:INFO:CONSOLE:119] "console.groupEnd", source: https://fe-static.xhscdn.com/formula-static/ugc/public/resource/js/8103.ec1b381a.js (119)
[0620/124911.746:INFO:CONSOLE:119] "[apm] anti_spam_sign_cost", source: https://fe-static.xhscdn.com/formula-static/ugc/public/resource/js/8103.ec1b381a.js (119)
[0620/124911.746:INFO:CONSOLE:119] "console.groupEnd", source: https://fe-static.xhscdn.com/formula-static/ugc/public/resource/js/8103.ec1b381a.js (119)
[0620/124911.746:INFO:CONSOLE:119] "[apm] sns_web_publish_publish", source: https://fe-static.xhscdn.com/formula-static/ugc/public/resource/js/8103.ec1b381a.js (119)
[0620/124911.746:INFO:CONSOLE:119] "console.groupEnd", source: https://fe-static.xhscdn.com/formula-static/ugc/public/resource/js/8103.ec1b381a.js (119)
[0620/124911.762:INFO:CONSOLE:119] "[apm] sns_web_publish_upload_image", source: https://fe-static.xhscdn.com/formula-static/ugc/public/resource/js/8103.ec1b381a.js (119)
[0620/124911.762:INFO:CONSOLE:119] "console.groupEnd", source: https://fe-static.xhscdn.com/formula-static/ugc/public/resource/js/8103.ec1b381a.js (119)
[0620/124911.762:INFO:CONSOLE:119] "[apm] sns_web_draft_point", source: https://fe-static.xhscdn.com/formula-static/ugc/public/resource/js/8103.ec1b381a.js (119)
[0620/124911.762:INFO:CONSOLE:119] "console.groupEnd", source: https://fe-static.xhscdn.com/formula-static/ugc/public/resource/js/8103.ec1b381a.js (119)
[0620/124911.762:INFO:CONSOLE:119] "[apm] httpRequestTiming", source: https://fe-static.xhscdn.com/formula-static/ugc/public/resource/js/8103.ec1b381a.js (119)
[0620/124911.762:INFO:CONSOLE:119] "console.groupEnd", source: https://fe-static.xhscdn.com/formula-static/ugc/public/resource/js/8103.ec1b381a.js (119)
[0620/124911.762:INFO:CONSOLE:119] "[apm] httpRequestTiming", source: https://fe-static.xhscdn.com/formula-static/ugc/public/resource/js/8103.ec1b381a.js (119)
[0620/124911.762:INFO:CONSOLE:119] "console.groupEnd", source: https://fe-static.xhscdn.com/formula-static/ugc/public/resource/js/8103.ec1b381a.js (119)
[0620/124911.762:INFO:CONSOLE:119] "[apm] httpRequestTiming", source: https://fe-static.xhscdn.com/formula-static/ugc/public/resource/js/8103.ec1b381a.js (119)
[0620/124911.762:INFO:CONSOLE:119] "console.groupEnd", source: https://fe-static.xhscdn.com/formula-static/ugc/public/resource/js/8103.ec1b381a.js (119)
[0620/124915.029:INFO:CONSOLE:3] "Error", source:  (3)
[0620/124916.592:INFO:CONSOLE:1] "实时竞速: 10178.073974609375 ms", source: https://fe-static.xhscdn.com/formula-static/ugc/public/resource/js/index.51912041.js (1)
[0620/124916.593:INFO:CONSOLE:3] "Error", source:  (3)
[0620/124916.862:INFO:CONSOLE:119] "[apm] httpRequestTiming", source: https://fe-static.xhscdn.com/formula-static/ugc/public/resource/js/8103.ec1b381a.js (119)
[0620/124916.863:INFO:CONSOLE:119] "console.groupEnd", source: https://fe-static.xhscdn.com/formula-static/ugc/public/resource/js/8103.ec1b381a.js (119)
[0620/124916.863:INFO:CONSOLE:119] "[apm] httpRequestTiming", source: https://fe-static.xhscdn.com/formula-static/ugc/public/resource/js/8103.ec1b381a.js (119)
[0620/124916.863:INFO:CONSOLE:119] "console.groupEnd", source: https://fe-static.xhscdn.com/formula-static/ugc/public/resource/js/8103.ec1b381a.js (119)
[0620/124916.863:INFO:CONSOLE:119] "[apm] httpRequestTiming", source: https://fe-static.xhscdn.com/formula-static/ugc/public/resource/js/8103.ec1b381a.js (119)
[0620/124916.863:INFO:CONSOLE:119] "console.groupEnd", source: https://fe-static.xhscdn.com/formula-static/ugc/public/resource/js/8103.ec1b381a.js (119)
[0620/124916.863:INFO:CONSOLE:119] "[apm] httpRequestTiming", source: https://fe-static.xhscdn.com/formula-static/ugc/public/resource/js/8103.ec1b381a.js (119)
[0620/124916.863:INFO:CONSOLE:119] "console.groupEnd", source: https://fe-static.xhscdn.com/formula-static/ugc/public/resource/js/8103.ec1b381a.js (119)
[0620/124916.863:INFO:CONSOLE:119] "[apm] httpRequestTiming", source: https://fe-static.xhscdn.com/formula-static/ugc/public/resource/js/8103.ec1b381a.js (119)
[0620/124916.863:INFO:CONSOLE:119] "console.groupEnd", source: https://fe-static.xhscdn.com/formula-static/ugc/public/resource/js/8103.ec1b381a.js (119)
[0620/124921.234:INFO:CONSOLE:3] "Error", source:  (3)
[0620/124921.248:INFO:CONSOLE:1] "Error", source: https://fe-static.xhscdn.com/formula-static/ugc/public/resource/js/async/9936.c458759f.js (1)
[0620/124921.336:INFO:CONSOLE:119] "[apm] sns_web_publish_lcp", source: https://fe-static.xhscdn.com/formula-static/ugc/public/resource/js/8103.ec1b381a.js (119)
[0620/124921.336:INFO:CONSOLE:119] "console.groupEnd", source: https://fe-static.xhscdn.com/formula-static/ugc/public/resource/js/8103.ec1b381a.js (119)
[0620/124921.336:INFO:CONSOLE:119] "[apm] sns_web_publish_upload_image", source: https://fe-static.xhscdn.com/formula-static/ugc/public/resource/js/8103.ec1b381a.js (119)
[0620/124921.336:INFO:CONSOLE:119] "console.groupEnd", source: https://fe-static.xhscdn.com/formula-static/ugc/public/resource/js/8103.ec1b381a.js (119)
[0620/124921.336:INFO:CONSOLE:119] "[apm] sns_web_publish_upload_speed", source: https://fe-static.xhscdn.com/formula-static/ugc/public/resource/js/8103.ec1b381a.js (119)
[0620/124921.336:INFO:CONSOLE:119] "console.groupEnd", source: https://fe-static.xhscdn.com/formula-static/ugc/public/resource/js/8103.ec1b381a.js (119)
[0620/124921.336:INFO:CONSOLE:119] "[apm] httpRequestTiming", source: https://fe-static.xhscdn.com/formula-static/ugc/public/resource/js/8103.ec1b381a.js (119)
[0620/124921.337:INFO:CONSOLE:119] "console.groupEnd", source: https://fe-static.xhscdn.com/formula-static/ugc/public/resource/js/8103.ec1b381a.js (119)
[0620/124921.337:INFO:CONSOLE:119] "[apm] sns_web_publish_publish", source: https://fe-static.xhscdn.com/formula-static/ugc/public/resource/js/8103.ec1b381a.js (119)
[0620/124921.337:INFO:CONSOLE:119] "console.groupEnd", source: https://fe-static.xhscdn.com/formula-static/ugc/public/resource/js/8103.ec1b381a.js (119)
[0620/124921.571:INFO:CONSOLE:119] "Uncaught (in promise) Error: [Eaglet Exception] no match enum `1` in `NoteEditSource` field", source: https://fe-static.xhscdn.com/formula-static/ugc/public/resource/js/8103.ec1b381a.js (119)
[0620/124926.650:INFO:CONSOLE:119] "[apm] httpRequestTiming", source: https://fe-static.xhscdn.com/formula-static/ugc/public/resource/js/8103.ec1b381a.js (119)
[0620/124926.650:INFO:CONSOLE:119] "console.groupEnd", source: https://fe-static.xhscdn.com/formula-static/ugc/public/resource/js/8103.ec1b381a.js (119)
[0620/124926.650:INFO:CONSOLE:119] "[apm] sns_web_publish_publish", source: https://fe-static.xhscdn.com/formula-static/ugc/public/resource/js/8103.ec1b381a.js (119)
[0620/124926.650:INFO:CONSOLE:119] "console.groupEnd", source: https://fe-static.xhscdn.com/formula-static/ugc/public/resource/js/8103.ec1b381a.js (119)
[0620/124926.650:INFO:CONSOLE:119] "[apm] sns_web_publish_timing_image", source: https://fe-static.xhscdn.com/formula-static/ugc/public/resource/js/8103.ec1b381a.js (119)
[0620/124926.650:INFO:CONSOLE:119] "console.groupEnd", source: https://fe-static.xhscdn.com/formula-static/ugc/public/resource/js/8103.ec1b381a.js (119)
[0620/124926.650:INFO:CONSOLE:119] "[apm] sns_web_publish_timing", source: https://fe-static.xhscdn.com/formula-static/ugc/public/resource/js/8103.ec1b381a.js (119)
[0620/124926.650:INFO:CONSOLE:119] "console.groupEnd", source: https://fe-static.xhscdn.com/formula-static/ugc/public/resource/js/8103.ec1b381a.js (119)
[0620/124932.877:INFO:CONSOLE:119] "[apm] sns_web_publish_new_bootstrap", source: https://fe-static.xhscdn.com/formula-static/ugc/public/resource/js/8103.ec1b381a.js (119)
[0620/124932.877:INFO:CONSOLE:119] "console.groupEnd", source: https://fe-static.xhscdn.com/formula-static/ugc/public/resource/js/8103.ec1b381a.js (119)
[0620/124932.877:INFO:CONSOLE:119] "[apm] sns_web_publish_upload_video", source: https://fe-static.xhscdn.com/formula-static/ugc/public/resource/js/8103.ec1b381a.js (119)
[0620/124932.877:INFO:CONSOLE:119] "console.groupEnd", source: https://fe-static.xhscdn.com/formula-static/ugc/public/resource/js/8103.ec1b381a.js (119)
[0620/124932.877:INFO:CONSOLE:119] "[apm] sns_web_draft_point", source: https://fe-static.xhscdn.com/formula-static/ugc/public/resource/js/8103.ec1b381a.js (119)
[0620/124932.877:INFO:CONSOLE:119] "console.groupEnd", source: https://fe-static.xhscdn.com/formula-static/ugc/public/resource/js/8103.ec1b381a.js (119)
[0620/125102.441:INFO:CONSOLE:3] "Error", source:  (3)
[0620/125102.455:INFO:CONSOLE:3] "Error", source:  (3)
[0620/125102.687:INFO:CONSOLE:119] "[apm] httpRequestTiming", source: https://fe-static.xhscdn.com/formula-static/ugc/public/resource/js/8103.ec1b381a.js (119)
[0620/125102.688:INFO:CONSOLE:119] "console.groupEnd", source: https://fe-static.xhscdn.com/formula-static/ugc/public/resource/js/8103.ec1b381a.js (119)
[0620/125102.688:INFO:CONSOLE:119] "[apm] infra_sec_web_api_walify", source: https://fe-static.xhscdn.com/formula-static/ugc/public/resource/js/8103.ec1b381a.js (119)
[0620/125102.688:INFO:CONSOLE:119] "console.groupEnd", source: https://fe-static.xhscdn.com/formula-static/ugc/public/resource/js/8103.ec1b381a.js (119)
[0620/125102.688:INFO:CONSOLE:119] "[apm] httpRequestTiming", source: https://fe-static.xhscdn.com/formula-static/ugc/public/resource/js/8103.ec1b381a.js (119)
[0620/125102.688:INFO:CONSOLE:119] "console.groupEnd", source: https://fe-static.xhscdn.com/formula-static/ugc/public/resource/js/8103.ec1b381a.js (119)
[0620/125102.688:INFO:CONSOLE:119] "[apm] infra_sec_web_api_walify", source: https://fe-static.xhscdn.com/formula-static/ugc/public/resource/js/8103.ec1b381a.js (119)
[0620/125102.688:INFO:CONSOLE:119] "console.groupEnd", source: https://fe-static.xhscdn.com/formula-static/ugc/public/resource/js/8103.ec1b381a.js (119)
[0620/125102.688:INFO:CONSOLE:119] "[apm] infra_sec_web_api_walify", source: https://fe-static.xhscdn.com/formula-static/ugc/public/resource/js/8103.ec1b381a.js (119)
[0620/125102.688:INFO:CONSOLE:119] "console.groupEnd", source: https://fe-static.xhscdn.com/formula-static/ugc/public/resource/js/8103.ec1b381a.js (119)
[0620/125124.545:INFO:CONSOLE:119] "[apm performance metric] interactiveTiming", source: https://fe-static.xhscdn.com/formula-static/ugc/public/resource/js/8103.ec1b381a.js (119)
[0620/125124.545:INFO:CONSOLE:119] "console.groupEnd", source: https://fe-static.xhscdn.com/formula-static/ugc/public/resource/js/8103.ec1b381a.js (119)
[0620/125124.545:INFO:CONSOLE:119] "[apm performance metric] interactiveTiming", source: https://fe-static.xhscdn.com/formula-static/ugc/public/resource/js/8103.ec1b381a.js (119)
[0620/125124.545:INFO:CONSOLE:119] "console.groupEnd", source: https://fe-static.xhscdn.com/formula-static/ugc/public/resource/js/8103.ec1b381a.js (119)
[0620/125124.545:INFO:CONSOLE:119] "[apm performance metric] interactiveTiming", source: https://fe-static.xhscdn.com/formula-static/ugc/public/resource/js/8103.ec1b381a.js (119)
[0620/125124.545:INFO:CONSOLE:119] "console.groupEnd", source: https://fe-static.xhscdn.com/formula-static/ugc/public/resource/js/8103.ec1b381a.js (119)
[0620/125124.546:INFO:CONSOLE:119] "[apm performance metric] visualStability", source: https://fe-static.xhscdn.com/formula-static/ugc/public/resource/js/8103.ec1b381a.js (119)
[0620/125124.546:INFO:CONSOLE:119] "console.groupEnd", source: https://fe-static.xhscdn.com/formula-static/ugc/public/resource/js/8103.ec1b381a.js (119)
[0620/125124.546:INFO:CONSOLE:119] "[apm performance metric] interactiveTiming", source: https://fe-static.xhscdn.com/formula-static/ugc/public/resource/js/8103.ec1b381a.js (119)
[0620/125124.546:INFO:CONSOLE:119] "console.groupEnd", source: https://fe-static.xhscdn.com/formula-static/ugc/public/resource/js/8103.ec1b381a.js (119)
[0620/125124.546:INFO:CONSOLE:119] "[apm performance metric] interactiveTiming", source: https://fe-static.xhscdn.com/formula-static/ugc/public/resource/js/8103.ec1b381a.js (119)
[0620/125124.546:INFO:CONSOLE:119] "console.groupEnd", source: https://fe-static.xhscdn.com/formula-static/ugc/public/resource/js/8103.ec1b381a.js (119)
[0620/125124.585:INFO:CONSOLE:119] "框架和 SDK 输出的日志默认不展示，可在框架配置文件中设置开启，详见 https://doc.weixin.qq.com/doc/w3_AWkASAb9APAr8IdJI5VS0OyqetUE6?scode=ANAAyQcbAAgB8qKjm9AWkASAb9APA", source: https://fe-static.xhscdn.com/formula-static/ugc/public/resource/js/8103.ec1b381a.js (119)
[0620/125124.617:INFO:CONSOLE:3] "Error", source:  (3)
[0620/125124.701:INFO:CONSOLE:3] "Error", source:  (3)
[0620/125124.713:INFO:CONSOLE:3] "Error", source:  (3)
[0620/125124.720:INFO:CONSOLE:3] "Error", source:  (3)
[0620/125124.901:INFO:CONSOLE:119] "[apm] infraBrowserResourceTiming", source: https://fe-static.xhscdn.com/formula-static/ugc/public/resource/js/8103.ec1b381a.js (119)
[0620/125124.901:INFO:CONSOLE:119] "console.groupEnd", source: https://fe-static.xhscdn.com/formula-static/ugc/public/resource/js/8103.ec1b381a.js (119)
[0620/125124.901:INFO:CONSOLE:119] "[apm] infraBrowserResourceTiming", source: https://fe-static.xhscdn.com/formula-static/ugc/public/resource/js/8103.ec1b381a.js (119)
[0620/125124.901:INFO:CONSOLE:119] "console.groupEnd", source: https://fe-static.xhscdn.com/formula-static/ugc/public/resource/js/8103.ec1b381a.js (119)
[0620/125124.901:INFO:CONSOLE:119] "[apm] infraBrowserResourceTiming", source: https://fe-static.xhscdn.com/formula-static/ugc/public/resource/js/8103.ec1b381a.js (119)
[0620/125124.902:INFO:CONSOLE:119] "console.groupEnd", source: https://fe-static.xhscdn.com/formula-static/ugc/public/resource/js/8103.ec1b381a.js (119)
[0620/125124.902:INFO:CONSOLE:119] "[apm] infraBrowserResourceTiming", source: https://fe-static.xhscdn.com/formula-static/ugc/public/resource/js/8103.ec1b381a.js (119)
[0620/125124.902:INFO:CONSOLE:119] "console.groupEnd", source: https://fe-static.xhscdn.com/formula-static/ugc/public/resource/js/8103.ec1b381a.js (119)
[0620/125124.902:INFO:CONSOLE:119] "[apm] infraBrowserResourceTiming", source: https://fe-static.xhscdn.com/formula-static/ugc/public/resource/js/8103.ec1b381a.js (119)
[0620/125124.902:INFO:CONSOLE:119] "console.groupEnd", source: https://fe-static.xhscdn.com/formula-static/ugc/public/resource/js/8103.ec1b381a.js (119)
[0620/125124.902:INFO:CONSOLE:119] "[apm] anti_spam_ds_fail", source: https://fe-static.xhscdn.com/formula-static/ugc/public/resource/js/8103.ec1b381a.js (119)
[0620/125124.902:INFO:CONSOLE:119] "console.groupEnd", source: https://fe-static.xhscdn.com/formula-static/ugc/public/resource/js/8103.ec1b381a.js (119)
[0620/125124.902:INFO:CONSOLE:119] "[apm] webmns_error", source: https://fe-static.xhscdn.com/formula-static/ugc/public/resource/js/8103.ec1b381a.js (119)
[0620/125124.902:INFO:CONSOLE:119] "console.groupEnd", source: https://fe-static.xhscdn.com/formula-static/ugc/public/resource/js/8103.ec1b381a.js (119)
[0620/125124.902:INFO:CONSOLE:119] "[apm] infraBrowserResourceTiming", source: https://fe-static.xhscdn.com/formula-static/ugc/public/resource/js/8103.ec1b381a.js (119)
[0620/125124.902:INFO:CONSOLE:119] "console.groupEnd", source: https://fe-static.xhscdn.com/formula-static/ugc/public/resource/js/8103.ec1b381a.js (119)
[0620/125124.902:INFO:CONSOLE:119] "[apm] infraBrowserResourceTiming", source: https://fe-static.xhscdn.com/formula-static/ugc/public/resource/js/8103.ec1b381a.js (119)
[0620/125124.902:INFO:CONSOLE:119] "console.groupEnd", source: https://fe-static.xhscdn.com/formula-static/ugc/public/resource/js/8103.ec1b381a.js (119)
[0620/125124.902:INFO:CONSOLE:119] "[apm] infraBrowserResourceTiming", source: https://fe-static.xhscdn.com/formula-static/ugc/public/resource/js/8103.ec1b381a.js (119)
[0620/125124.902:INFO:CONSOLE:119] "console.groupEnd", source: https://fe-static.xhscdn.com/formula-static/ugc/public/resource/js/8103.ec1b381a.js (119)
[0620/125124.903:INFO:CONSOLE:119] "[apm] infraBrowserResourceTiming", source: https://fe-static.xhscdn.com/formula-static/ugc/public/resource/js/8103.ec1b381a.js (119)
[0620/125124.903:INFO:CONSOLE:119] "console.groupEnd", source: https://fe-static.xhscdn.com/formula-static/ugc/public/resource/js/8103.ec1b381a.js (119)
[0620/125124.903:INFO:CONSOLE:119] "[apm] infraBrowserResourceTiming", source: https://fe-static.xhscdn.com/formula-static/ugc/public/resource/js/8103.ec1b381a.js (119)
[0620/125124.903:INFO:CONSOLE:119] "console.groupEnd", source: https://fe-static.xhscdn.com/formula-static/ugc/public/resource/js/8103.ec1b381a.js (119)
[0620/125124.903:INFO:CONSOLE:119] "[apm] infraBrowserResourceTiming", source: https://fe-static.xhscdn.com/formula-static/ugc/public/resource/js/8103.ec1b381a.js (119)
[0620/125124.903:INFO:CONSOLE:119] "console.groupEnd", source: https://fe-static.xhscdn.com/formula-static/ugc/public/resource/js/8103.ec1b381a.js (119)
[0620/125124.903:INFO:CONSOLE:119] "[apm] infraBrowserResourceTiming", source: https://fe-static.xhscdn.com/formula-static/ugc/public/resource/js/8103.ec1b381a.js (119)
[0620/125124.903:INFO:CONSOLE:119] "console.groupEnd", source: https://fe-static.xhscdn.com/formula-static/ugc/public/resource/js/8103.ec1b381a.js (119)
[0620/125124.903:INFO:CONSOLE:119] "[apm] infraBrowserResourceTiming", source: https://fe-static.xhscdn.com/formula-static/ugc/public/resource/js/8103.ec1b381a.js (119)
[0620/125124.903:INFO:CONSOLE:119] "console.groupEnd", source: https://fe-static.xhscdn.com/formula-static/ugc/public/resource/js/8103.ec1b381a.js (119)
[0620/125124.903:INFO:CONSOLE:119] "[apm] infraBrowserResourceTiming", source: https://fe-static.xhscdn.com/formula-static/ugc/public/resource/js/8103.ec1b381a.js (119)
[0620/125124.903:INFO:CONSOLE:119] "console.groupEnd", source: https://fe-static.xhscdn.com/formula-static/ugc/public/resource/js/8103.ec1b381a.js (119)
[0620/125124.903:INFO:CONSOLE:119] "[apm] infraBrowserResourceTiming", source: https://fe-static.xhscdn.com/formula-static/ugc/public/resource/js/8103.ec1b381a.js (119)
[0620/125124.903:INFO:CONSOLE:119] "console.groupEnd", source: https://fe-static.xhscdn.com/formula-static/ugc/public/resource/js/8103.ec1b381a.js (119)
[0620/125124.903:INFO:CONSOLE:119] "[apm] infraBrowserResourceTiming", source: https://fe-static.xhscdn.com/formula-static/ugc/public/resource/js/8103.ec1b381a.js (119)
[0620/125124.903:INFO:CONSOLE:119] "console.groupEnd", source: https://fe-static.xhscdn.com/formula-static/ugc/public/resource/js/8103.ec1b381a.js (119)
[0620/125124.903:INFO:CONSOLE:119] "[apm] infraBrowserResourceTiming", source: https://fe-static.xhscdn.com/formula-static/ugc/public/resource/js/8103.ec1b381a.js (119)
[0620/125124.903:INFO:CONSOLE:119] "console.groupEnd", source: https://fe-static.xhscdn.com/formula-static/ugc/public/resource/js/8103.ec1b381a.js (119)
[0620/125124.903:INFO:CONSOLE:119] "[apm] infraBrowserResourceTiming", source: https://fe-static.xhscdn.com/formula-static/ugc/public/resource/js/8103.ec1b381a.js (119)
[0620/125124.903:INFO:CONSOLE:119] "console.groupEnd", source: https://fe-static.xhscdn.com/formula-static/ugc/public/resource/js/8103.ec1b381a.js (119)
[0620/125124.957:INFO:CONSOLE:119] "[apm] infraBrowserResourceTiming", source: https://fe-static.xhscdn.com/formula-static/ugc/public/resource/js/8103.ec1b381a.js (119)
[0620/125124.957:INFO:CONSOLE:119] "console.groupEnd", source: https://fe-static.xhscdn.com/formula-static/ugc/public/resource/js/8103.ec1b381a.js (119)
[0620/125124.957:INFO:CONSOLE:119] "[apm] infraBrowserResourceTiming", source: https://fe-static.xhscdn.com/formula-static/ugc/public/resource/js/8103.ec1b381a.js (119)
[0620/125124.957:INFO:CONSOLE:119] "console.groupEnd", source: https://fe-static.xhscdn.com/formula-static/ugc/public/resource/js/8103.ec1b381a.js (119)
[0620/125124.957:INFO:CONSOLE:119] "[apm] infraBrowserResourceTiming", source: https://fe-static.xhscdn.com/formula-static/ugc/public/resource/js/8103.ec1b381a.js (119)
[0620/125124.957:INFO:CONSOLE:119] "console.groupEnd", source: https://fe-static.xhscdn.com/formula-static/ugc/public/resource/js/8103.ec1b381a.js (119)
[0620/125124.957:INFO:CONSOLE:119] "[apm] infraBrowserResourceTiming", source: https://fe-static.xhscdn.com/formula-static/ugc/public/resource/js/8103.ec1b381a.js (119)
[0620/125124.957:INFO:CONSOLE:119] "console.groupEnd", source: https://fe-static.xhscdn.com/formula-static/ugc/public/resource/js/8103.ec1b381a.js (119)
[0620/125124.957:INFO:CONSOLE:119] "[apm] infraBrowserResourceTiming", source: https://fe-static.xhscdn.com/formula-static/ugc/public/resource/js/8103.ec1b381a.js (119)
[0620/125124.957:INFO:CONSOLE:119] "console.groupEnd", source: https://fe-static.xhscdn.com/formula-static/ugc/public/resource/js/8103.ec1b381a.js (119)
[0620/125124.957:INFO:CONSOLE:119] "[apm] infraBrowserResourceTiming", source: https://fe-static.xhscdn.com/formula-static/ugc/public/resource/js/8103.ec1b381a.js (119)
[0620/125124.957:INFO:CONSOLE:119] "console.groupEnd", source: https://fe-static.xhscdn.com/formula-static/ugc/public/resource/js/8103.ec1b381a.js (119)
[0620/125124.957:INFO:CONSOLE:119] "[apm] infraBrowserResourceTiming", source: https://fe-static.xhscdn.com/formula-static/ugc/public/resource/js/8103.ec1b381a.js (119)
[0620/125124.957:INFO:CONSOLE:119] "console.groupEnd", source: https://fe-static.xhscdn.com/formula-static/ugc/public/resource/js/8103.ec1b381a.js (119)
[0620/125124.957:INFO:CONSOLE:119] "[apm] infraBrowserResourceTiming", source: https://fe-static.xhscdn.com/formula-static/ugc/public/resource/js/8103.ec1b381a.js (119)
[0620/125124.957:INFO:CONSOLE:119] "console.groupEnd", source: https://fe-static.xhscdn.com/formula-static/ugc/public/resource/js/8103.ec1b381a.js (119)
[0620/125124.957:INFO:CONSOLE:119] "[apm] infraBrowserResourceTiming", source: https://fe-static.xhscdn.com/formula-static/ugc/public/resource/js/8103.ec1b381a.js (119)
[0620/125124.957:INFO:CONSOLE:119] "console.groupEnd", source: https://fe-static.xhscdn.com/formula-static/ugc/public/resource/js/8103.ec1b381a.js (119)
[0620/125124.957:INFO:CONSOLE:119] "[apm] infraBrowserResourceTiming", source: https://fe-static.xhscdn.com/formula-static/ugc/public/resource/js/8103.ec1b381a.js (119)
[0620/125124.957:INFO:CONSOLE:119] "console.groupEnd", source: https://fe-static.xhscdn.com/formula-static/ugc/public/resource/js/8103.ec1b381a.js (119)
[0620/125124.957:INFO:CONSOLE:119] "[apm] infraBrowserResourceTiming", source: https://fe-static.xhscdn.com/formula-static/ugc/public/resource/js/8103.ec1b381a.js (119)
[0620/125124.957:INFO:CONSOLE:119] "console.groupEnd", source: https://fe-static.xhscdn.com/formula-static/ugc/public/resource/js/8103.ec1b381a.js (119)
[0620/125124.957:INFO:CONSOLE:119] "[apm] infraBrowserResourceTiming", source: https://fe-static.xhscdn.com/formula-static/ugc/public/resource/js/8103.ec1b381a.js (119)
[0620/125124.957:INFO:CONSOLE:119] "console.groupEnd", source: https://fe-static.xhscdn.com/formula-static/ugc/public/resource/js/8103.ec1b381a.js (119)
[0620/125124.957:INFO:CONSOLE:119] "[apm] infraBrowserResourceTiming", source: https://fe-static.xhscdn.com/formula-static/ugc/public/resource/js/8103.ec1b381a.js (119)
[0620/125124.957:INFO:CONSOLE:119] "console.groupEnd", source: https://fe-static.xhscdn.com/formula-static/ugc/public/resource/js/8103.ec1b381a.js (119)
[0620/125124.958:INFO:CONSOLE:119] "[apm] infraBrowserResourceTiming", source: https://fe-static.xhscdn.com/formula-static/ugc/public/resource/js/8103.ec1b381a.js (119)
[0620/125124.958:INFO:CONSOLE:119] "console.groupEnd", source: https://fe-static.xhscdn.com/formula-static/ugc/public/resource/js/8103.ec1b381a.js (119)
[0620/125124.958:INFO:CONSOLE:119] "[apm] infraBrowserResourceTiming", source: https://fe-static.xhscdn.com/formula-static/ugc/public/resource/js/8103.ec1b381a.js (119)
[0620/125124.958:INFO:CONSOLE:119] "console.groupEnd", source: https://fe-static.xhscdn.com/formula-static/ugc/public/resource/js/8103.ec1b381a.js (119)
[0620/125124.958:INFO:CONSOLE:119] "[apm] infraBrowserResourceTiming", source: https://fe-static.xhscdn.com/formula-static/ugc/public/resource/js/8103.ec1b381a.js (119)
[0620/125124.958:INFO:CONSOLE:119] "console.groupEnd", source: https://fe-static.xhscdn.com/formula-static/ugc/public/resource/js/8103.ec1b381a.js (119)
[0620/125124.958:INFO:CONSOLE:119] "[apm] infraBrowserResourceTiming", source: https://fe-static.xhscdn.com/formula-static/ugc/public/resource/js/8103.ec1b381a.js (119)
[0620/125124.958:INFO:CONSOLE:119] "console.groupEnd", source: https://fe-static.xhscdn.com/formula-static/ugc/public/resource/js/8103.ec1b381a.js (119)
[0620/125124.958:INFO:CONSOLE:119] "[apm] infraBrowserResourceTiming", source: https://fe-static.xhscdn.com/formula-static/ugc/public/resource/js/8103.ec1b381a.js (119)
[0620/125124.958:INFO:CONSOLE:119] "console.groupEnd", source: https://fe-static.xhscdn.com/formula-static/ugc/public/resource/js/8103.ec1b381a.js (119)
[0620/125124.958:INFO:CONSOLE:119] "[apm] infraBrowserResourceTiming", source: https://fe-static.xhscdn.com/formula-static/ugc/public/resource/js/8103.ec1b381a.js (119)
[0620/125124.958:INFO:CONSOLE:119] "console.groupEnd", source: https://fe-static.xhscdn.com/formula-static/ugc/public/resource/js/8103.ec1b381a.js (119)
[0620/125124.958:INFO:CONSOLE:119] "[apm] infraBrowserResourceTiming", source: https://fe-static.xhscdn.com/formula-static/ugc/public/resource/js/8103.ec1b381a.js (119)
[0620/125124.958:INFO:CONSOLE:119] "console.groupEnd", source: https://fe-static.xhscdn.com/formula-static/ugc/public/resource/js/8103.ec1b381a.js (119)
[0620/125125.085:INFO:CONSOLE:119] "[apm] infraBrowserResourceTiming", source: https://fe-static.xhscdn.com/formula-static/ugc/public/resource/js/8103.ec1b381a.js (119)
[0620/125125.085:INFO:CONSOLE:119] "console.groupEnd", source: https://fe-static.xhscdn.com/formula-static/ugc/public/resource/js/8103.ec1b381a.js (119)
[0620/125125.085:INFO:CONSOLE:119] "[apm] httpRequestTiming", source: https://fe-static.xhscdn.com/formula-static/ugc/public/resource/js/8103.ec1b381a.js (119)
[0620/125125.085:INFO:CONSOLE:119] "console.groupEnd", source: https://fe-static.xhscdn.com/formula-static/ugc/public/resource/js/8103.ec1b381a.js (119)
[0620/125125.085:INFO:CONSOLE:119] "[apm] httpRequestTiming", source: https://fe-static.xhscdn.com/formula-static/ugc/public/resource/js/8103.ec1b381a.js (119)
[0620/125125.085:INFO:CONSOLE:119] "console.groupEnd", source: https://fe-static.xhscdn.com/formula-static/ugc/public/resource/js/8103.ec1b381a.js (119)
[0620/125125.085:INFO:CONSOLE:119] "[apm] httpRequestTiming", source: https://fe-static.xhscdn.com/formula-static/ugc/public/resource/js/8103.ec1b381a.js (119)
[0620/125125.085:INFO:CONSOLE:119] "console.groupEnd", source: https://fe-static.xhscdn.com/formula-static/ugc/public/resource/js/8103.ec1b381a.js (119)
[0620/125125.085:INFO:CONSOLE:119] "[apm] infra_sec_web_api_walify", source: https://fe-static.xhscdn.com/formula-static/ugc/public/resource/js/8103.ec1b381a.js (119)
[0620/125125.085:INFO:CONSOLE:119] "console.groupEnd", source: https://fe-static.xhscdn.com/formula-static/ugc/public/resource/js/8103.ec1b381a.js (119)
[0620/125125.240:INFO:CONSOLE:3] "Error", source:  (3)
[0620/125125.259:INFO:CONSOLE:3] "Error", source:  (3)
[0620/125125.268:INFO:CONSOLE:3] "Error", source:  (3)
[0620/125125.287:INFO:CONSOLE:3] "Error", source:  (3)
[0620/125125.294:INFO:CONSOLE:3] "Error", source:  (3)
[0620/125125.317:INFO:CONSOLE:3] "Error", source:  (3)
[0620/125125.474:INFO:CONSOLE:119] "[apm] infra_sec_web_api_walify", source: https://fe-static.xhscdn.com/formula-static/ugc/public/resource/js/8103.ec1b381a.js (119)
[0620/125125.474:INFO:CONSOLE:119] "console.groupEnd", source: https://fe-static.xhscdn.com/formula-static/ugc/public/resource/js/8103.ec1b381a.js (119)
[0620/125125.474:INFO:CONSOLE:119] "[apm] httpRequestTiming", source: https://fe-static.xhscdn.com/formula-static/ugc/public/resource/js/8103.ec1b381a.js (119)
[0620/125125.474:INFO:CONSOLE:119] "console.groupEnd", source: https://fe-static.xhscdn.com/formula-static/ugc/public/resource/js/8103.ec1b381a.js (119)
[0620/125125.474:INFO:CONSOLE:119] "[apm] infra_sec_web_api_walify", source: https://fe-static.xhscdn.com/formula-static/ugc/public/resource/js/8103.ec1b381a.js (119)
[0620/125125.474:INFO:CONSOLE:119] "console.groupEnd", source: https://fe-static.xhscdn.com/formula-static/ugc/public/resource/js/8103.ec1b381a.js (119)
[0620/125125.474:INFO:CONSOLE:119] "[apm] httpRequestTiming", source: https://fe-static.xhscdn.com/formula-static/ugc/public/resource/js/8103.ec1b381a.js (119)
[0620/125125.474:INFO:CONSOLE:119] "console.groupEnd", source: https://fe-static.xhscdn.com/formula-static/ugc/public/resource/js/8103.ec1b381a.js (119)
[0620/125125.474:INFO:CONSOLE:119] "[apm] httpRequestTiming", source: https://fe-static.xhscdn.com/formula-static/ugc/public/resource/js/8103.ec1b381a.js (119)
[0620/125125.474:INFO:CONSOLE:119] "console.groupEnd", source: https://fe-static.xhscdn.com/formula-static/ugc/public/resource/js/8103.ec1b381a.js (119)
[0620/125126.013:INFO:CONSOLE:1] "Fetch API cannot load chrome-extension://dhjaibcmgocbpegmejfphjhhpaphmkpp/is.js. URL scheme "chrome-extension" is not supported.", source: https://fe-static.xhscdn.com/formula-static/ugc/public/resource/js/async/9936.c458759f.js (1)
[0620/125126.013:INFO:CONSOLE:1] "Fetch API cannot load chrome-extension://beeaddblkeeialcohiolkkoiifhgjooj/manifest.json. URL scheme "chrome-extension" is not supported.", source: https://fe-static.xhscdn.com/formula-static/ugc/public/resource/js/async/9936.c458759f.js (1)
[0620/125126.013:INFO:CONSOLE:1] "Fetch API cannot load chrome-extension://ddgooekaaihgnbfbgalfiooiicdnmnia/js/js-index.ts.js. URL scheme "chrome-extension" is not supported.", source: https://fe-static.xhscdn.com/formula-static/ugc/public/resource/js/async/9936.c458759f.js (1)
[0620/125126.013:INFO:CONSOLE:1] "Fetch API cannot load chrome-extension://keeelahekhhgkpaipdodgjnmgkfcdpde/inject.6070000c.js. URL scheme "chrome-extension" is not supported.", source: https://fe-static.xhscdn.com/formula-static/ugc/public/resource/js/async/9936.c458759f.js (1)
[0620/125126.014:INFO:CONSOLE:1] "Fetch API cannot load chrome-extension://dbichmdlbjdeplpkhcejgkakobjbjalc/content-scripts/xiaohongshu.css. URL scheme "chrome-extension" is not supported.", source: https://fe-static.xhscdn.com/formula-static/ugc/public/resource/js/async/9936.c458759f.js (1)
[0620/125126.014:INFO:CONSOLE:1] "Fetch API cannot load chrome-extension://piejlhcmefdepbgalcongckfomfobokb/worker.js. URL scheme "chrome-extension" is not supported.", source: https://fe-static.xhscdn.com/formula-static/ugc/public/resource/js/async/9936.c458759f.js (1)
[0620/125126.015:INFO:CONSOLE:1] "Fetch API cannot load chrome-extension://lenndnnbdichpjlfmfadcjpaenmiflan/inject.bundle.js. URL scheme "chrome-extension" is not supported.", source: https://fe-static.xhscdn.com/formula-static/ugc/public/resource/js/async/9936.c458759f.js (1)
[0620/125126.015:INFO:CONSOLE:1] "Fetch API cannot load chrome-extension://hmeohemhimcjlegdjloglnkfablbneif/inject.bundle.js. URL scheme "chrome-extension" is not supported.", source: https://fe-static.xhscdn.com/formula-static/ugc/public/resource/js/async/9936.c458759f.js (1)
[0620/125126.042:INFO:CONSOLE:3] "Error", source:  (3)
[0620/125126.058:INFO:CONSOLE:0] "Mixed Content: The page at 'https://creator.xiaohongshu.com/new/home' was loaded over HTTPS, but requested an insecure element 'http://ci.xiaohongshu.com/spectrum/1040g0k031hgh4s8g38005n251e51f4uojrj2d3o?imageView2/2/w/1080/format/jpg'. This request was automatically upgraded to HTTPS, For more information see https://blog.chromium.org/2019/10/no-more-mixed-messages-about-https.html", source: https://creator.xiaohongshu.com/new/home (0)
[0620/125126.059:INFO:CONSOLE:0] "Mixed Content: The page at 'https://creator.xiaohongshu.com/new/home' was loaded over HTTPS, but requested an insecure element 'http://ci.xiaohongshu.com/spectrum/1040g34o31hhr9ouvk22g5n251e51f4uoq88kbh8?imageView2/2/w/1080/format/jpg'. This request was automatically upgraded to HTTPS, For more information see https://blog.chromium.org/2019/10/no-more-mixed-messages-about-https.html", source: https://creator.xiaohongshu.com/new/home (0)
[0620/125126.059:INFO:CONSOLE:0] "Mixed Content: The page at 'https://creator.xiaohongshu.com/new/home' was loaded over HTTPS, but requested an insecure element 'http://ci.xiaohongshu.com/spectrum/1040g0k031hhfvke238005n251e51f4uont3lh30?imageView2/2/w/1080/format/jpg'. This request was automatically upgraded to HTTPS, For more information see https://blog.chromium.org/2019/10/no-more-mixed-messages-about-https.html", source: https://creator.xiaohongshu.com/new/home (0)
[0620/125126.059:INFO:CONSOLE:0] "Mixed Content: The page at 'https://creator.xiaohongshu.com/new/home' was loaded over HTTPS, but requested an insecure element 'http://ci.xiaohongshu.com/spectrum/1040g0k031e5io2s4h2005n251e51f4uov9jiue8?imageView2/2/w/1080/format/jpg'. This request was automatically upgraded to HTTPS, For more information see https://blog.chromium.org/2019/10/no-more-mixed-messages-about-https.html", source: https://creator.xiaohongshu.com/new/home (0)
[0620/125126.349:INFO:CONSOLE:0] "Mixed Content: The page at 'https://creator.xiaohongshu.com/new/home' was loaded over HTTPS, but requested an insecure element 'http://ci.xiaohongshu.com/0219df73-68d0-3502-a77c-72b1fd4cfcfb?imageView2/2/w/270/format/jpg'. This request was automatically upgraded to HTTPS, For more information see https://blog.chromium.org/2019/10/no-more-mixed-messages-about-https.html", source: https://creator.xiaohongshu.com/new/home (0)
[0620/125126.349:INFO:CONSOLE:0] "Mixed Content: The page at 'https://creator.xiaohongshu.com/new/home' was loaded over HTTPS, but requested an insecure element 'http://ci.xiaohongshu.com/fdbba771-8c11-318d-bd7e-65084dfa6236?imageView2/2/w/270/format/jpg'. This request was automatically upgraded to HTTPS, For more information see https://blog.chromium.org/2019/10/no-more-mixed-messages-about-https.html", source: https://creator.xiaohongshu.com/new/home (0)
[0620/125126.349:INFO:CONSOLE:0] "Mixed Content: The page at 'https://creator.xiaohongshu.com/new/home' was loaded over HTTPS, but requested an insecure element 'http://ci.xiaohongshu.com/f84f0e81-44d3-3284-bd8c-df0cd50db549?imageView2/2/w/270/format/jpg'. This request was automatically upgraded to HTTPS, For more information see https://blog.chromium.org/2019/10/no-more-mixed-messages-about-https.html", source: https://creator.xiaohongshu.com/new/home (0)
[0620/125126.349:INFO:CONSOLE:0] "Mixed Content: The page at 'https://creator.xiaohongshu.com/new/home' was loaded over HTTPS, but requested an insecure element 'http://ci.xiaohongshu.com/32cacced-3b28-321d-9ed6-7745e001e985?imageView2/2/w/270/format/jpg'. This request was automatically upgraded to HTTPS, For more information see https://blog.chromium.org/2019/10/no-more-mixed-messages-about-https.html", source: https://creator.xiaohongshu.com/new/home (0)
[0620/125126.349:INFO:CONSOLE:0] "Mixed Content: The page at 'https://creator.xiaohongshu.com/new/home' was loaded over HTTPS, but requested an insecure element 'http://ci.xiaohongshu.com/cbc2f859-bb10-3d3f-a141-5dd92056725d?imageView2/2/w/270/format/jpg'. This request was automatically upgraded to HTTPS, For more information see https://blog.chromium.org/2019/10/no-more-mixed-messages-about-https.html", source: https://creator.xiaohongshu.com/new/home (0)
[0620/125126.349:INFO:CONSOLE:0] "Mixed Content: The page at 'https://creator.xiaohongshu.com/new/home' was loaded over HTTPS, but requested an insecure element 'http://ci.xiaohongshu.com/d7762267-69c7-3bc0-a89a-3c7127f0f738?imageView2/2/w/270/format/jpg'. This request was automatically upgraded to HTTPS, For more information see https://blog.chromium.org/2019/10/no-more-mixed-messages-about-https.html", source: https://creator.xiaohongshu.com/new/home (0)
[0620/125126.349:INFO:CONSOLE:0] "Mixed Content: The page at 'https://creator.xiaohongshu.com/new/home' was loaded over HTTPS, but requested an insecure element 'http://ci.xiaohongshu.com/6ddf4fe1-2908-3b71-8ca7-fee885c4eab9?imageView2/2/w/270/format/jpg'. This request was automatically upgraded to HTTPS, For more information see https://blog.chromium.org/2019/10/no-more-mixed-messages-about-https.html", source: https://creator.xiaohongshu.com/new/home (0)
[0620/125126.349:INFO:CONSOLE:0] "Mixed Content: The page at 'https://creator.xiaohongshu.com/new/home' was loaded over HTTPS, but requested an insecure element 'http://ci.xiaohongshu.com/dfa37da0-ca01-31a7-9bb7-2e30e21c724a?imageView2/2/w/270/format/jpg'. This request was automatically upgraded to HTTPS, For more information see https://blog.chromium.org/2019/10/no-more-mixed-messages-about-https.html", source: https://creator.xiaohongshu.com/new/home (0)
[0620/125126.349:INFO:CONSOLE:0] "Mixed Content: The page at 'https://creator.xiaohongshu.com/new/home' was loaded over HTTPS, but requested an insecure element 'http://ci.xiaohongshu.com/dcef525b-8e58-38d5-ab60-0e6cb5a185f7?imageView2/2/w/270/format/jpg'. This request was automatically upgraded to HTTPS, For more information see https://blog.chromium.org/2019/10/no-more-mixed-messages-about-https.html", source: https://creator.xiaohongshu.com/new/home (0)
[0620/125126.349:INFO:CONSOLE:0] "Mixed Content: The page at 'https://creator.xiaohongshu.com/new/home' was loaded over HTTPS, but requested an insecure element 'http://ci.xiaohongshu.com/2d9fa2fa-3d30-3ce8-b8f1-54b97d788720?imageView2/2/w/270/format/jpg'. This request was automatically upgraded to HTTPS, For more information see https://blog.chromium.org/2019/10/no-more-mixed-messages-about-https.html", source: https://creator.xiaohongshu.com/new/home (0)
[0620/125126.349:INFO:CONSOLE:0] "Mixed Content: The page at 'https://creator.xiaohongshu.com/new/home' was loaded over HTTPS, but requested an insecure element 'http://ci.xiaohongshu.com/347a3290-049d-3a1f-bd88-33fd260672a1?imageView2/2/w/270/format/jpg'. This request was automatically upgraded to HTTPS, For more information see https://blog.chromium.org/2019/10/no-more-mixed-messages-about-https.html", source: https://creator.xiaohongshu.com/new/home (0)
[0620/125126.349:INFO:CONSOLE:0] "Mixed Content: The page at 'https://creator.xiaohongshu.com/new/home' was loaded over HTTPS, but requested an insecure element 'http://ci.xiaohongshu.com/2404ddb6-deb7-33ba-9d03-d2c434a02e46?imageView2/2/w/270/format/jpg'. This request was automatically upgraded to HTTPS, For more information see https://blog.chromium.org/2019/10/no-more-mixed-messages-about-https.html", source: https://creator.xiaohongshu.com/new/home (0)
[0620/125126.349:INFO:CONSOLE:0] "Mixed Content: The page at 'https://creator.xiaohongshu.com/new/home' was loaded over HTTPS, but requested an insecure element 'http://ci.xiaohongshu.com/77c0d478-c016-39c9-954d-1cdaac23e79c?imageView2/2/w/270/format/jpg'. This request was automatically upgraded to HTTPS, For more information see https://blog.chromium.org/2019/10/no-more-mixed-messages-about-https.html", source: https://creator.xiaohongshu.com/new/home (0)
[0620/125126.349:INFO:CONSOLE:0] "Mixed Content: The page at 'https://creator.xiaohongshu.com/new/home' was loaded over HTTPS, but requested an insecure element 'http://ci.xiaohongshu.com/cb9a7294-3b4c-3da3-8121-ed0637cad6b4?imageView2/2/w/270/format/jpg'. This request was automatically upgraded to HTTPS, For more information see https://blog.chromium.org/2019/10/no-more-mixed-messages-about-https.html", source: https://creator.xiaohongshu.com/new/home (0)
[0620/125126.349:INFO:CONSOLE:0] "Mixed Content: The page at 'https://creator.xiaohongshu.com/new/home' was loaded over HTTPS, but requested an insecure element 'http://ci.xiaohongshu.com/010272016jzd5soyf9t0103dw2t2hyvlhx?imageView2/2/w/270/format/jpg'. This request was automatically upgraded to HTTPS, For more information see https://blog.chromium.org/2019/10/no-more-mixed-messages-about-https.html", source: https://creator.xiaohongshu.com/new/home (0)
[0620/125126.349:INFO:CONSOLE:0] "Mixed Content: The page at 'https://creator.xiaohongshu.com/new/home' was loaded over HTTPS, but requested an insecure element 'http://ci.xiaohongshu.com/0219df73-68d0-3502-a77c-72b1fd4cfcfb?imageView2/2/w/270/format/jpg'. This request was automatically upgraded to HTTPS, For more information see https://blog.chromium.org/2019/10/no-more-mixed-messages-about-https.html", source: https://creator.xiaohongshu.com/new/home (0)
[0620/125126.349:INFO:CONSOLE:0] "Mixed Content: The page at 'https://creator.xiaohongshu.com/new/home' was loaded over HTTPS, but requested an insecure element 'http://ci.xiaohongshu.com/fdbba771-8c11-318d-bd7e-65084dfa6236?imageView2/2/w/270/format/jpg'. This request was automatically upgraded to HTTPS, For more information see https://blog.chromium.org/2019/10/no-more-mixed-messages-about-https.html", source: https://creator.xiaohongshu.com/new/home (0)
[0620/125126.350:INFO:CONSOLE:0] "Mixed Content: The page at 'https://creator.xiaohongshu.com/new/home' was loaded over HTTPS, but requested an insecure element 'http://ci.xiaohongshu.com/f84f0e81-44d3-3284-bd8c-df0cd50db549?imageView2/2/w/270/format/jpg'. This request was automatically upgraded to HTTPS, For more information see https://blog.chromium.org/2019/10/no-more-mixed-messages-about-https.html", source: https://creator.xiaohongshu.com/new/home (0)
[0620/125126.350:INFO:CONSOLE:0] "Mixed Content: The page at 'https://creator.xiaohongshu.com/new/home' was loaded over HTTPS, but requested an insecure element 'http://ci.xiaohongshu.com/32cacced-3b28-321d-9ed6-7745e001e985?imageView2/2/w/270/format/jpg'. This request was automatically upgraded to HTTPS, For more information see https://blog.chromium.org/2019/10/no-more-mixed-messages-about-https.html", source: https://creator.xiaohongshu.com/new/home (0)
[0620/125126.350:INFO:CONSOLE:0] "Mixed Content: The page at 'https://creator.xiaohongshu.com/new/home' was loaded over HTTPS, but requested an insecure element 'http://ci.xiaohongshu.com/cbc2f859-bb10-3d3f-a141-5dd92056725d?imageView2/2/w/270/format/jpg'. This request was automatically upgraded to HTTPS, For more information see https://blog.chromium.org/2019/10/no-more-mixed-messages-about-https.html", source: https://creator.xiaohongshu.com/new/home (0)
[0620/125126.350:INFO:CONSOLE:0] "Mixed Content: The page at 'https://creator.xiaohongshu.com/new/home' was loaded over HTTPS, but requested an insecure element 'http://ci.xiaohongshu.com/d7762267-69c7-3bc0-a89a-3c7127f0f738?imageView2/2/w/270/format/jpg'. This request was automatically upgraded to HTTPS, For more information see https://blog.chromium.org/2019/10/no-more-mixed-messages-about-https.html", source: https://creator.xiaohongshu.com/new/home (0)
[0620/125126.350:INFO:CONSOLE:0] "Mixed Content: The page at 'https://creator.xiaohongshu.com/new/home' was loaded over HTTPS, but requested an insecure element 'http://ci.xiaohongshu.com/6ddf4fe1-2908-3b71-8ca7-fee885c4eab9?imageView2/2/w/270/format/jpg'. This request was automatically upgraded to HTTPS, For more information see https://blog.chromium.org/2019/10/no-more-mixed-messages-about-https.html", source: https://creator.xiaohongshu.com/new/home (0)
[0620/125126.350:INFO:CONSOLE:0] "Mixed Content: The page at 'https://creator.xiaohongshu.com/new/home' was loaded over HTTPS, but requested an insecure element 'http://ci.xiaohongshu.com/dfa37da0-ca01-31a7-9bb7-2e30e21c724a?imageView2/2/w/270/format/jpg'. This request was automatically upgraded to HTTPS, For more information see https://blog.chromium.org/2019/10/no-more-mixed-messages-about-https.html", source: https://creator.xiaohongshu.com/new/home (0)
[0620/125126.350:INFO:CONSOLE:0] "Mixed Content: The page at 'https://creator.xiaohongshu.com/new/home' was loaded over HTTPS, but requested an insecure element 'http://ci.xiaohongshu.com/dcef525b-8e58-38d5-ab60-0e6cb5a185f7?imageView2/2/w/270/format/jpg'. This request was automatically upgraded to HTTPS, For more information see https://blog.chromium.org/2019/10/no-more-mixed-messages-about-https.html", source: https://creator.xiaohongshu.com/new/home (0)
[0620/125126.350:INFO:CONSOLE:0] "Mixed Content: The page at 'https://creator.xiaohongshu.com/new/home' was loaded over HTTPS, but requested an insecure element 'http://ci.xiaohongshu.com/2d9fa2fa-3d30-3ce8-b8f1-54b97d788720?imageView2/2/w/270/format/jpg'. This request was automatically upgraded to HTTPS, For more information see https://blog.chromium.org/2019/10/no-more-mixed-messages-about-https.html", source: https://creator.xiaohongshu.com/new/home (0)
[0620/125126.350:INFO:CONSOLE:0] "Mixed Content: The page at 'https://creator.xiaohongshu.com/new/home' was loaded over HTTPS, but requested an insecure element 'http://ci.xiaohongshu.com/347a3290-049d-3a1f-bd88-33fd260672a1?imageView2/2/w/270/format/jpg'. This request was automatically upgraded to HTTPS, For more information see https://blog.chromium.org/2019/10/no-more-mixed-messages-about-https.html", source: https://creator.xiaohongshu.com/new/home (0)
[0620/125126.350:INFO:CONSOLE:0] "Mixed Content: The page at 'https://creator.xiaohongshu.com/new/home' was loaded over HTTPS, but requested an insecure element 'http://ci.xiaohongshu.com/2404ddb6-deb7-33ba-9d03-d2c434a02e46?imageView2/2/w/270/format/jpg'. This request was automatically upgraded to HTTPS, For more information see https://blog.chromium.org/2019/10/no-more-mixed-messages-about-https.html", source: https://creator.xiaohongshu.com/new/home (0)
[0620/125126.350:INFO:CONSOLE:0] "Mixed Content: The page at 'https://creator.xiaohongshu.com/new/home' was loaded over HTTPS, but requested an insecure element 'http://ci.xiaohongshu.com/77c0d478-c016-39c9-954d-1cdaac23e79c?imageView2/2/w/270/format/jpg'. This request was automatically upgraded to HTTPS, For more information see https://blog.chromium.org/2019/10/no-more-mixed-messages-about-https.html", source: https://creator.xiaohongshu.com/new/home (0)
[0620/125126.350:INFO:CONSOLE:0] "Mixed Content: The page at 'https://creator.xiaohongshu.com/new/home' was loaded over HTTPS, but requested an insecure element 'http://ci.xiaohongshu.com/cb9a7294-3b4c-3da3-8121-ed0637cad6b4?imageView2/2/w/270/format/jpg'. This request was automatically upgraded to HTTPS, For more information see https://blog.chromium.org/2019/10/no-more-mixed-messages-about-https.html", source: https://creator.xiaohongshu.com/new/home (0)
[0620/125126.350:INFO:CONSOLE:0] "Mixed Content: The page at 'https://creator.xiaohongshu.com/new/home' was loaded over HTTPS, but requested an insecure element 'http://ci.xiaohongshu.com/010272016jzd5soyf9t0103dw2t2hyvlhx?imageView2/2/w/270/format/jpg'. This request was automatically upgraded to HTTPS, For more information see https://blog.chromium.org/2019/10/no-more-mixed-messages-about-https.html", source: https://creator.xiaohongshu.com/new/home (0)
[0620/125126.350:INFO:CONSOLE:0] "Mixed Content: The page at 'https://creator.xiaohongshu.com/new/home' was loaded over HTTPS, but requested an insecure element 'http://ci.xiaohongshu.com/0219df73-68d0-3502-a77c-72b1fd4cfcfb?imageView2/2/w/270/format/jpg'. This request was automatically upgraded to HTTPS, For more information see https://blog.chromium.org/2019/10/no-more-mixed-messages-about-https.html", source: https://creator.xiaohongshu.com/new/home (0)
[0620/125126.350:INFO:CONSOLE:0] "Mixed Content: The page at 'https://creator.xiaohongshu.com/new/home' was loaded over HTTPS, but requested an insecure element 'http://ci.xiaohongshu.com/fdbba771-8c11-318d-bd7e-65084dfa6236?imageView2/2/w/270/format/jpg'. This request was automatically upgraded to HTTPS, For more information see https://blog.chromium.org/2019/10/no-more-mixed-messages-about-https.html", source: https://creator.xiaohongshu.com/new/home (0)
[0620/125126.350:INFO:CONSOLE:0] "Mixed Content: The page at 'https://creator.xiaohongshu.com/new/home' was loaded over HTTPS, but requested an insecure element 'http://ci.xiaohongshu.com/f84f0e81-44d3-3284-bd8c-df0cd50db549?imageView2/2/w/270/format/jpg'. This request was automatically upgraded to HTTPS, For more information see https://blog.chromium.org/2019/10/no-more-mixed-messages-about-https.html", source: https://creator.xiaohongshu.com/new/home (0)
[0620/125126.350:INFO:CONSOLE:0] "Mixed Content: The page at 'https://creator.xiaohongshu.com/new/home' was loaded over HTTPS, but requested an insecure element 'http://ci.xiaohongshu.com/32cacced-3b28-321d-9ed6-7745e001e985?imageView2/2/w/270/format/jpg'. This request was automatically upgraded to HTTPS, For more information see https://blog.chromium.org/2019/10/no-more-mixed-messages-about-https.html", source: https://creator.xiaohongshu.com/new/home (0)
[0620/125126.350:INFO:CONSOLE:0] "Mixed Content: The page at 'https://creator.xiaohongshu.com/new/home' was loaded over HTTPS, but requested an insecure element 'http://ci.xiaohongshu.com/cbc2f859-bb10-3d3f-a141-5dd92056725d?imageView2/2/w/270/format/jpg'. This request was automatically upgraded to HTTPS, For more information see https://blog.chromium.org/2019/10/no-more-mixed-messages-about-https.html", source: https://creator.xiaohongshu.com/new/home (0)
[0620/125126.350:INFO:CONSOLE:0] "Mixed Content: The page at 'https://creator.xiaohongshu.com/new/home' was loaded over HTTPS, but requested an insecure element 'http://ci.xiaohongshu.com/d7762267-69c7-3bc0-a89a-3c7127f0f738?imageView2/2/w/270/format/jpg'. This request was automatically upgraded to HTTPS, For more information see https://blog.chromium.org/2019/10/no-more-mixed-messages-about-https.html", source: https://creator.xiaohongshu.com/new/home (0)
[0620/125126.350:INFO:CONSOLE:0] "Mixed Content: The page at 'https://creator.xiaohongshu.com/new/home' was loaded over HTTPS, but requested an insecure element 'http://ci.xiaohongshu.com/6ddf4fe1-2908-3b71-8ca7-fee885c4eab9?imageView2/2/w/270/format/jpg'. This request was automatically upgraded to HTTPS, For more information see https://blog.chromium.org/2019/10/no-more-mixed-messages-about-https.html", source: https://creator.xiaohongshu.com/new/home (0)
[0620/125126.350:INFO:CONSOLE:0] "Mixed Content: The page at 'https://creator.xiaohongshu.com/new/home' was loaded over HTTPS, but requested an insecure element 'http://ci.xiaohongshu.com/dfa37da0-ca01-31a7-9bb7-2e30e21c724a?imageView2/2/w/270/format/jpg'. This request was automatically upgraded to HTTPS, For more information see https://blog.chromium.org/2019/10/no-more-mixed-messages-about-https.html", source: https://creator.xiaohongshu.com/new/home (0)
[0620/125126.350:INFO:CONSOLE:0] "Mixed Content: The page at 'https://creator.xiaohongshu.com/new/home' was loaded over HTTPS, but requested an insecure element 'http://ci.xiaohongshu.com/dcef525b-8e58-38d5-ab60-0e6cb5a185f7?imageView2/2/w/270/format/jpg'. This request was automatically upgraded to HTTPS, For more information see https://blog.chromium.org/2019/10/no-more-mixed-messages-about-https.html", source: https://creator.xiaohongshu.com/new/home (0)
[0620/125126.350:INFO:CONSOLE:0] "Mixed Content: The page at 'https://creator.xiaohongshu.com/new/home' was loaded over HTTPS, but requested an insecure element 'http://ci.xiaohongshu.com/2d9fa2fa-3d30-3ce8-b8f1-54b97d788720?imageView2/2/w/270/format/jpg'. This request was automatically upgraded to HTTPS, For more information see https://blog.chromium.org/2019/10/no-more-mixed-messages-about-https.html", source: https://creator.xiaohongshu.com/new/home (0)
[0620/125126.350:INFO:CONSOLE:0] "Mixed Content: The page at 'https://creator.xiaohongshu.com/new/home' was loaded over HTTPS, but requested an insecure element 'http://ci.xiaohongshu.com/347a3290-049d-3a1f-bd88-33fd260672a1?imageView2/2/w/270/format/jpg'. This request was automatically upgraded to HTTPS, For more information see https://blog.chromium.org/2019/10/no-more-mixed-messages-about-https.html", source: https://creator.xiaohongshu.com/new/home (0)
[0620/125126.351:INFO:CONSOLE:0] "Mixed Content: The page at 'https://creator.xiaohongshu.com/new/home' was loaded over HTTPS, but requested an insecure element 'http://ci.xiaohongshu.com/2404ddb6-deb7-33ba-9d03-d2c434a02e46?imageView2/2/w/270/format/jpg'. This request was automatically upgraded to HTTPS, For more information see https://blog.chromium.org/2019/10/no-more-mixed-messages-about-https.html", source: https://creator.xiaohongshu.com/new/home (0)
[0620/125126.351:INFO:CONSOLE:0] "Mixed Content: The page at 'https://creator.xiaohongshu.com/new/home' was loaded over HTTPS, but requested an insecure element 'http://ci.xiaohongshu.com/77c0d478-c016-39c9-954d-1cdaac23e79c?imageView2/2/w/270/format/jpg'. This request was automatically upgraded to HTTPS, For more information see https://blog.chromium.org/2019/10/no-more-mixed-messages-about-https.html", source: https://creator.xiaohongshu.com/new/home (0)
[0620/125126.351:INFO:CONSOLE:0] "Mixed Content: The page at 'https://creator.xiaohongshu.com/new/home' was loaded over HTTPS, but requested an insecure element 'http://ci.xiaohongshu.com/cb9a7294-3b4c-3da3-8121-ed0637cad6b4?imageView2/2/w/270/format/jpg'. This request was automatically upgraded to HTTPS, For more information see https://blog.chromium.org/2019/10/no-more-mixed-messages-about-https.html", source: https://creator.xiaohongshu.com/new/home (0)
[0620/125126.351:INFO:CONSOLE:0] "Mixed Content: The page at 'https://creator.xiaohongshu.com/new/home' was loaded over HTTPS, but requested an insecure element 'http://ci.xiaohongshu.com/010272016jzd5soyf9t0103dw2t2hyvlhx?imageView2/2/w/270/format/jpg'. This request was automatically upgraded to HTTPS, For more information see https://blog.chromium.org/2019/10/no-more-mixed-messages-about-https.html", source: https://creator.xiaohongshu.com/new/home (0)
[0620/125126.351:INFO:CONSOLE:0] "Mixed Content: The page at 'https://creator.xiaohongshu.com/new/home' was loaded over HTTPS, but requested an insecure element 'http://ci.xiaohongshu.com/0219df73-68d0-3502-a77c-72b1fd4cfcfb?imageView2/2/w/270/format/jpg'. This request was automatically upgraded to HTTPS, For more information see https://blog.chromium.org/2019/10/no-more-mixed-messages-about-https.html", source: https://creator.xiaohongshu.com/new/home (0)
[0620/125126.351:INFO:CONSOLE:0] "Mixed Content: The page at 'https://creator.xiaohongshu.com/new/home' was loaded over HTTPS, but requested an insecure element 'http://ci.xiaohongshu.com/fdbba771-8c11-318d-bd7e-65084dfa6236?imageView2/2/w/270/format/jpg'. This request was automatically upgraded to HTTPS, For more information see https://blog.chromium.org/2019/10/no-more-mixed-messages-about-https.html", source: https://creator.xiaohongshu.com/new/home (0)
[0620/125126.351:INFO:CONSOLE:0] "Mixed Content: The page at 'https://creator.xiaohongshu.com/new/home' was loaded over HTTPS, but requested an insecure element 'http://ci.xiaohongshu.com/f84f0e81-44d3-3284-bd8c-df0cd50db549?imageView2/2/w/270/format/jpg'. This request was automatically upgraded to HTTPS, For more information see https://blog.chromium.org/2019/10/no-more-mixed-messages-about-https.html", source: https://creator.xiaohongshu.com/new/home (0)
[0620/125126.351:INFO:CONSOLE:0] "Mixed Content: The page at 'https://creator.xiaohongshu.com/new/home' was loaded over HTTPS, but requested an insecure element 'http://ci.xiaohongshu.com/32cacced-3b28-321d-9ed6-7745e001e985?imageView2/2/w/270/format/jpg'. This request was automatically upgraded to HTTPS, For more information see https://blog.chromium.org/2019/10/no-more-mixed-messages-about-https.html", source: https://creator.xiaohongshu.com/new/home (0)
[0620/125126.351:INFO:CONSOLE:0] "Mixed Content: The page at 'https://creator.xiaohongshu.com/new/home' was loaded over HTTPS, but requested an insecure element 'http://ci.xiaohongshu.com/cbc2f859-bb10-3d3f-a141-5dd92056725d?imageView2/2/w/270/format/jpg'. This request was automatically upgraded to HTTPS, For more information see https://blog.chromium.org/2019/10/no-more-mixed-messages-about-https.html", source: https://creator.xiaohongshu.com/new/home (0)
[0620/125126.351:INFO:CONSOLE:0] "Mixed Content: The page at 'https://creator.xiaohongshu.com/new/home' was loaded over HTTPS, but requested an insecure element 'http://ci.xiaohongshu.com/d7762267-69c7-3bc0-a89a-3c7127f0f738?imageView2/2/w/270/format/jpg'. This request was automatically upgraded to HTTPS, For more information see https://blog.chromium.org/2019/10/no-more-mixed-messages-about-https.html", source: https://creator.xiaohongshu.com/new/home (0)
[0620/125126.351:INFO:CONSOLE:0] "Mixed Content: The page at 'https://creator.xiaohongshu.com/new/home' was loaded over HTTPS, but requested an insecure element 'http://ci.xiaohongshu.com/6ddf4fe1-2908-3b71-8ca7-fee885c4eab9?imageView2/2/w/270/format/jpg'. This request was automatically upgraded to HTTPS, For more information see https://blog.chromium.org/2019/10/no-more-mixed-messages-about-https.html", source: https://creator.xiaohongshu.com/new/home (0)
[0620/125126.351:INFO:CONSOLE:0] "Mixed Content: The page at 'https://creator.xiaohongshu.com/new/home' was loaded over HTTPS, but requested an insecure element 'http://ci.xiaohongshu.com/dfa37da0-ca01-31a7-9bb7-2e30e21c724a?imageView2/2/w/270/format/jpg'. This request was automatically upgraded to HTTPS, For more information see https://blog.chromium.org/2019/10/no-more-mixed-messages-about-https.html", source: https://creator.xiaohongshu.com/new/home (0)
[0620/125126.351:INFO:CONSOLE:0] "Mixed Content: The page at 'https://creator.xiaohongshu.com/new/home' was loaded over HTTPS, but requested an insecure element 'http://ci.xiaohongshu.com/dcef525b-8e58-38d5-ab60-0e6cb5a185f7?imageView2/2/w/270/format/jpg'. This request was automatically upgraded to HTTPS, For more information see https://blog.chromium.org/2019/10/no-more-mixed-messages-about-https.html", source: https://creator.xiaohongshu.com/new/home (0)
[0620/125126.351:INFO:CONSOLE:0] "Mixed Content: The page at 'https://creator.xiaohongshu.com/new/home' was loaded over HTTPS, but requested an insecure element 'http://ci.xiaohongshu.com/2d9fa2fa-3d30-3ce8-b8f1-54b97d788720?imageView2/2/w/270/format/jpg'. This request was automatically upgraded to HTTPS, For more information see https://blog.chromium.org/2019/10/no-more-mixed-messages-about-https.html", source: https://creator.xiaohongshu.com/new/home (0)
[0620/125126.351:INFO:CONSOLE:0] "Mixed Content: The page at 'https://creator.xiaohongshu.com/new/home' was loaded over HTTPS, but requested an insecure element 'http://ci.xiaohongshu.com/347a3290-049d-3a1f-bd88-33fd260672a1?imageView2/2/w/270/format/jpg'. This request was automatically upgraded to HTTPS, For more information see https://blog.chromium.org/2019/10/no-more-mixed-messages-about-https.html", source: https://creator.xiaohongshu.com/new/home (0)
[0620/125126.351:INFO:CONSOLE:0] "Mixed Content: The page at 'https://creator.xiaohongshu.com/new/home' was loaded over HTTPS, but requested an insecure element 'http://ci.xiaohongshu.com/2404ddb6-deb7-33ba-9d03-d2c434a02e46?imageView2/2/w/270/format/jpg'. This request was automatically upgraded to HTTPS, For more information see https://blog.chromium.org/2019/10/no-more-mixed-messages-about-https.html", source: https://creator.xiaohongshu.com/new/home (0)
[0620/125126.351:INFO:CONSOLE:0] "Mixed Content: The page at 'https://creator.xiaohongshu.com/new/home' was loaded over HTTPS, but requested an insecure element 'http://ci.xiaohongshu.com/77c0d478-c016-39c9-954d-1cdaac23e79c?imageView2/2/w/270/format/jpg'. This request was automatically upgraded to HTTPS, For more information see https://blog.chromium.org/2019/10/no-more-mixed-messages-about-https.html", source: https://creator.xiaohongshu.com/new/home (0)
[0620/125126.351:INFO:CONSOLE:0] "Mixed Content: The page at 'https://creator.xiaohongshu.com/new/home' was loaded over HTTPS, but requested an insecure element 'http://ci.xiaohongshu.com/cb9a7294-3b4c-3da3-8121-ed0637cad6b4?imageView2/2/w/270/format/jpg'. This request was automatically upgraded to HTTPS, For more information see https://blog.chromium.org/2019/10/no-more-mixed-messages-about-https.html", source: https://creator.xiaohongshu.com/new/home (0)
[0620/125126.351:INFO:CONSOLE:0] "Mixed Content: The page at 'https://creator.xiaohongshu.com/new/home' was loaded over HTTPS, but requested an insecure element 'http://ci.xiaohongshu.com/010272016jzd5soyf9t0103dw2t2hyvlhx?imageView2/2/w/270/format/jpg'. This request was automatically upgraded to HTTPS, For more information see https://blog.chromium.org/2019/10/no-more-mixed-messages-about-https.html", source: https://creator.xiaohongshu.com/new/home (0)
[0620/125126.351:INFO:CONSOLE:0] "Mixed Content: The page at 'https://creator.xiaohongshu.com/new/home' was loaded over HTTPS, but requested an insecure element 'http://ci.xiaohongshu.com/0219df73-68d0-3502-a77c-72b1fd4cfcfb?imageView2/2/w/270/format/jpg'. This request was automatically upgraded to HTTPS, For more information see https://blog.chromium.org/2019/10/no-more-mixed-messages-about-https.html", source: https://creator.xiaohongshu.com/new/home (0)
[0620/125126.351:INFO:CONSOLE:0] "Mixed Content: The page at 'https://creator.xiaohongshu.com/new/home' was loaded over HTTPS, but requested an insecure element 'http://ci.xiaohongshu.com/fdbba771-8c11-318d-bd7e-65084dfa6236?imageView2/2/w/270/format/jpg'. This request was automatically upgraded to HTTPS, For more information see https://blog.chromium.org/2019/10/no-more-mixed-messages-about-https.html", source: https://creator.xiaohongshu.com/new/home (0)
[0620/125126.351:INFO:CONSOLE:0] "Mixed Content: The page at 'https://creator.xiaohongshu.com/new/home' was loaded over HTTPS, but requested an insecure element 'http://ci.xiaohongshu.com/f84f0e81-44d3-3284-bd8c-df0cd50db549?imageView2/2/w/270/format/jpg'. This request was automatically upgraded to HTTPS, For more information see https://blog.chromium.org/2019/10/no-more-mixed-messages-about-https.html", source: https://creator.xiaohongshu.com/new/home (0)
[0620/125126.351:INFO:CONSOLE:0] "Mixed Content: The page at 'https://creator.xiaohongshu.com/new/home' was loaded over HTTPS, but requested an insecure element 'http://ci.xiaohongshu.com/32cacced-3b28-321d-9ed6-7745e001e985?imageView2/2/w/270/format/jpg'. This request was automatically upgraded to HTTPS, For more information see https://blog.chromium.org/2019/10/no-more-mixed-messages-about-https.html", source: https://creator.xiaohongshu.com/new/home (0)
[0620/125126.351:INFO:CONSOLE:0] "Mixed Content: The page at 'https://creator.xiaohongshu.com/new/home' was loaded over HTTPS, but requested an insecure element 'http://ci.xiaohongshu.com/cbc2f859-bb10-3d3f-a141-5dd92056725d?imageView2/2/w/270/format/jpg'. This request was automatically upgraded to HTTPS, For more information see https://blog.chromium.org/2019/10/no-more-mixed-messages-about-https.html", source: https://creator.xiaohongshu.com/new/home (0)
[0620/125126.351:INFO:CONSOLE:0] "Mixed Content: The page at 'https://creator.xiaohongshu.com/new/home' was loaded over HTTPS, but requested an insecure element 'http://ci.xiaohongshu.com/d7762267-69c7-3bc0-a89a-3c7127f0f738?imageView2/2/w/270/format/jpg'. This request was automatically upgraded to HTTPS, For more information see https://blog.chromium.org/2019/10/no-more-mixed-messages-about-https.html", source: https://creator.xiaohongshu.com/new/home (0)
[0620/125126.351:INFO:CONSOLE:0] "Mixed Content: The page at 'https://creator.xiaohongshu.com/new/home' was loaded over HTTPS, but requested an insecure element 'http://ci.xiaohongshu.com/6ddf4fe1-2908-3b71-8ca7-fee885c4eab9?imageView2/2/w/270/format/jpg'. This request was automatically upgraded to HTTPS, For more information see https://blog.chromium.org/2019/10/no-more-mixed-messages-about-https.html", source: https://creator.xiaohongshu.com/new/home (0)
[0620/125126.351:INFO:CONSOLE:0] "Mixed Content: The page at 'https://creator.xiaohongshu.com/new/home' was loaded over HTTPS, but requested an insecure element 'http://ci.xiaohongshu.com/dfa37da0-ca01-31a7-9bb7-2e30e21c724a?imageView2/2/w/270/format/jpg'. This request was automatically upgraded to HTTPS, For more information see https://blog.chromium.org/2019/10/no-more-mixed-messages-about-https.html", source: https://creator.xiaohongshu.com/new/home (0)
[0620/125126.351:INFO:CONSOLE:0] "Mixed Content: The page at 'https://creator.xiaohongshu.com/new/home' was loaded over HTTPS, but requested an insecure element 'http://ci.xiaohongshu.com/dcef525b-8e58-38d5-ab60-0e6cb5a185f7?imageView2/2/w/270/format/jpg'. This request was automatically upgraded to HTTPS, For more information see https://blog.chromium.org/2019/10/no-more-mixed-messages-about-https.html", source: https://creator.xiaohongshu.com/new/home (0)
[0620/125126.351:INFO:CONSOLE:0] "Mixed Content: The page at 'https://creator.xiaohongshu.com/new/home' was loaded over HTTPS, but requested an insecure element 'http://ci.xiaohongshu.com/2d9fa2fa-3d30-3ce8-b8f1-54b97d788720?imageView2/2/w/270/format/jpg'. This request was automatically upgraded to HTTPS, For more information see https://blog.chromium.org/2019/10/no-more-mixed-messages-about-https.html", source: https://creator.xiaohongshu.com/new/home (0)
[0620/125126.351:INFO:CONSOLE:0] "Mixed Content: The page at 'https://creator.xiaohongshu.com/new/home' was loaded over HTTPS, but requested an insecure element 'http://ci.xiaohongshu.com/347a3290-049d-3a1f-bd88-33fd260672a1?imageView2/2/w/270/format/jpg'. This request was automatically upgraded to HTTPS, For more information see https://blog.chromium.org/2019/10/no-more-mixed-messages-about-https.html", source: https://creator.xiaohongshu.com/new/home (0)
[0620/125126.352:INFO:CONSOLE:0] "Mixed Content: The page at 'https://creator.xiaohongshu.com/new/home' was loaded over HTTPS, but requested an insecure element 'http://ci.xiaohongshu.com/2404ddb6-deb7-33ba-9d03-d2c434a02e46?imageView2/2/w/270/format/jpg'. This request was automatically upgraded to HTTPS, For more information see https://blog.chromium.org/2019/10/no-more-mixed-messages-about-https.html", source: https://creator.xiaohongshu.com/new/home (0)
[0620/125126.352:INFO:CONSOLE:0] "Mixed Content: The page at 'https://creator.xiaohongshu.com/new/home' was loaded over HTTPS, but requested an insecure element 'http://ci.xiaohongshu.com/77c0d478-c016-39c9-954d-1cdaac23e79c?imageView2/2/w/270/format/jpg'. This request was automatically upgraded to HTTPS, For more information see https://blog.chromium.org/2019/10/no-more-mixed-messages-about-https.html", source: https://creator.xiaohongshu.com/new/home (0)
[0620/125126.352:INFO:CONSOLE:0] "Mixed Content: The page at 'https://creator.xiaohongshu.com/new/home' was loaded over HTTPS, but requested an insecure element 'http://ci.xiaohongshu.com/cb9a7294-3b4c-3da3-8121-ed0637cad6b4?imageView2/2/w/270/format/jpg'. This request was automatically upgraded to HTTPS, For more information see https://blog.chromium.org/2019/10/no-more-mixed-messages-about-https.html", source: https://creator.xiaohongshu.com/new/home (0)
[0620/125126.352:INFO:CONSOLE:0] "Mixed Content: The page at 'https://creator.xiaohongshu.com/new/home' was loaded over HTTPS, but requested an insecure element 'http://ci.xiaohongshu.com/010272016jzd5soyf9t0103dw2t2hyvlhx?imageView2/2/w/270/format/jpg'. This request was automatically upgraded to HTTPS, For more information see https://blog.chromium.org/2019/10/no-more-mixed-messages-about-https.html", source: https://creator.xiaohongshu.com/new/home (0)
[0620/125126.352:INFO:CONSOLE:0] "Mixed Content: The page at 'https://creator.xiaohongshu.com/new/home' was loaded over HTTPS, but requested an insecure element 'http://ci.xiaohongshu.com/0219df73-68d0-3502-a77c-72b1fd4cfcfb?imageView2/2/w/270/format/jpg'. This request was automatically upgraded to HTTPS, For more information see https://blog.chromium.org/2019/10/no-more-mixed-messages-about-https.html", source: https://creator.xiaohongshu.com/new/home (0)
[0620/125126.352:INFO:CONSOLE:0] "Mixed Content: The page at 'https://creator.xiaohongshu.com/new/home' was loaded over HTTPS, but requested an insecure element 'http://ci.xiaohongshu.com/fdbba771-8c11-318d-bd7e-65084dfa6236?imageView2/2/w/270/format/jpg'. This request was automatically upgraded to HTTPS, For more information see https://blog.chromium.org/2019/10/no-more-mixed-messages-about-https.html", source: https://creator.xiaohongshu.com/new/home (0)
[0620/125126.352:INFO:CONSOLE:0] "Mixed Content: The page at 'https://creator.xiaohongshu.com/new/home' was loaded over HTTPS, but requested an insecure element 'http://ci.xiaohongshu.com/f84f0e81-44d3-3284-bd8c-df0cd50db549?imageView2/2/w/270/format/jpg'. This request was automatically upgraded to HTTPS, For more information see https://blog.chromium.org/2019/10/no-more-mixed-messages-about-https.html", source: https://creator.xiaohongshu.com/new/home (0)
[0620/125126.352:INFO:CONSOLE:0] "Mixed Content: The page at 'https://creator.xiaohongshu.com/new/home' was loaded over HTTPS, but requested an insecure element 'http://ci.xiaohongshu.com/32cacced-3b28-321d-9ed6-7745e001e985?imageView2/2/w/270/format/jpg'. This request was automatically upgraded to HTTPS, For more information see https://blog.chromium.org/2019/10/no-more-mixed-messages-about-https.html", source: https://creator.xiaohongshu.com/new/home (0)
[0620/125126.352:INFO:CONSOLE:0] "Mixed Content: The page at 'https://creator.xiaohongshu.com/new/home' was loaded over HTTPS, but requested an insecure element 'http://ci.xiaohongshu.com/cbc2f859-bb10-3d3f-a141-5dd92056725d?imageView2/2/w/270/format/jpg'. This request was automatically upgraded to HTTPS, For more information see https://blog.chromium.org/2019/10/no-more-mixed-messages-about-https.html", source: https://creator.xiaohongshu.com/new/home (0)
[0620/125126.352:INFO:CONSOLE:0] "Mixed Content: The page at 'https://creator.xiaohongshu.com/new/home' was loaded over HTTPS, but requested an insecure element 'http://ci.xiaohongshu.com/d7762267-69c7-3bc0-a89a-3c7127f0f738?imageView2/2/w/270/format/jpg'. This request was automatically upgraded to HTTPS, For more information see https://blog.chromium.org/2019/10/no-more-mixed-messages-about-https.html", source: https://creator.xiaohongshu.com/new/home (0)
[0620/125126.352:INFO:CONSOLE:0] "Mixed Content: The page at 'https://creator.xiaohongshu.com/new/home' was loaded over HTTPS, but requested an insecure element 'http://ci.xiaohongshu.com/6ddf4fe1-2908-3b71-8ca7-fee885c4eab9?imageView2/2/w/270/format/jpg'. This request was automatically upgraded to HTTPS, For more information see https://blog.chromium.org/2019/10/no-more-mixed-messages-about-https.html", source: https://creator.xiaohongshu.com/new/home (0)
[0620/125126.352:INFO:CONSOLE:0] "Mixed Content: The page at 'https://creator.xiaohongshu.com/new/home' was loaded over HTTPS, but requested an insecure element 'http://ci.xiaohongshu.com/dfa37da0-ca01-31a7-9bb7-2e30e21c724a?imageView2/2/w/270/format/jpg'. This request was automatically upgraded to HTTPS, For more information see https://blog.chromium.org/2019/10/no-more-mixed-messages-about-https.html", source: https://creator.xiaohongshu.com/new/home (0)
[0620/125126.352:INFO:CONSOLE:0] "Mixed Content: The page at 'https://creator.xiaohongshu.com/new/home' was loaded over HTTPS, but requested an insecure element 'http://ci.xiaohongshu.com/dcef525b-8e58-38d5-ab60-0e6cb5a185f7?imageView2/2/w/270/format/jpg'. This request was automatically upgraded to HTTPS, For more information see https://blog.chromium.org/2019/10/no-more-mixed-messages-about-https.html", source: https://creator.xiaohongshu.com/new/home (0)
[0620/125126.352:INFO:CONSOLE:0] "Mixed Content: The page at 'https://creator.xiaohongshu.com/new/home' was loaded over HTTPS, but requested an insecure element 'http://ci.xiaohongshu.com/2d9fa2fa-3d30-3ce8-b8f1-54b97d788720?imageView2/2/w/270/format/jpg'. This request was automatically upgraded to HTTPS, For more information see https://blog.chromium.org/2019/10/no-more-mixed-messages-about-https.html", source: https://creator.xiaohongshu.com/new/home (0)
[0620/125126.352:INFO:CONSOLE:0] "Mixed Content: The page at 'https://creator.xiaohongshu.com/new/home' was loaded over HTTPS, but requested an insecure element 'http://ci.xiaohongshu.com/347a3290-049d-3a1f-bd88-33fd260672a1?imageView2/2/w/270/format/jpg'. This request was automatically upgraded to HTTPS, For more information see https://blog.chromium.org/2019/10/no-more-mixed-messages-about-https.html", source: https://creator.xiaohongshu.com/new/home (0)
[0620/125126.352:INFO:CONSOLE:0] "Mixed Content: The page at 'https://creator.xiaohongshu.com/new/home' was loaded over HTTPS, but requested an insecure element 'http://ci.xiaohongshu.com/2404ddb6-deb7-33ba-9d03-d2c434a02e46?imageView2/2/w/270/format/jpg'. This request was automatically upgraded to HTTPS, For more information see https://blog.chromium.org/2019/10/no-more-mixed-messages-about-https.html", source: https://creator.xiaohongshu.com/new/home (0)
[0620/125126.352:INFO:CONSOLE:0] "Mixed Content: The page at 'https://creator.xiaohongshu.com/new/home' was loaded over HTTPS, but requested an insecure element 'http://ci.xiaohongshu.com/77c0d478-c016-39c9-954d-1cdaac23e79c?imageView2/2/w/270/format/jpg'. This request was automatically upgraded to HTTPS, For more information see https://blog.chromium.org/2019/10/no-more-mixed-messages-about-https.html", source: https://creator.xiaohongshu.com/new/home (0)
[0620/125126.352:INFO:CONSOLE:0] "Mixed Content: The page at 'https://creator.xiaohongshu.com/new/home' was loaded over HTTPS, but requested an insecure element 'http://ci.xiaohongshu.com/cb9a7294-3b4c-3da3-8121-ed0637cad6b4?imageView2/2/w/270/format/jpg'. This request was automatically upgraded to HTTPS, For more information see https://blog.chromium.org/2019/10/no-more-mixed-messages-about-https.html", source: https://creator.xiaohongshu.com/new/home (0)
[0620/125126.352:INFO:CONSOLE:0] "Mixed Content: The page at 'https://creator.xiaohongshu.com/new/home' was loaded over HTTPS, but requested an insecure element 'http://ci.xiaohongshu.com/010272016jzd5soyf9t0103dw2t2hyvlhx?imageView2/2/w/270/format/jpg'. This request was automatically upgraded to HTTPS, For more information see https://blog.chromium.org/2019/10/no-more-mixed-messages-about-https.html", source: https://creator.xiaohongshu.com/new/home (0)
[0620/125126.374:INFO:CONSOLE:119] "[apm] sns_web_publish_sw", source: https://fe-static.xhscdn.com/formula-static/ugc/public/resource/js/8103.ec1b381a.js (119)
[0620/125126.374:INFO:CONSOLE:119] "console.groupEnd", source: https://fe-static.xhscdn.com/formula-static/ugc/public/resource/js/8103.ec1b381a.js (119)
[0620/125126.374:INFO:CONSOLE:119] "[apm] httpRequestTiming", source: https://fe-static.xhscdn.com/formula-static/ugc/public/resource/js/8103.ec1b381a.js (119)
[0620/125126.374:INFO:CONSOLE:119] "console.groupEnd", source: https://fe-static.xhscdn.com/formula-static/ugc/public/resource/js/8103.ec1b381a.js (119)
[0620/125126.374:INFO:CONSOLE:119] "[apm] httpRequestTiming", source: https://fe-static.xhscdn.com/formula-static/ugc/public/resource/js/8103.ec1b381a.js (119)
[0620/125126.374:INFO:CONSOLE:119] "console.groupEnd", source: https://fe-static.xhscdn.com/formula-static/ugc/public/resource/js/8103.ec1b381a.js (119)
[0620/125126.374:INFO:CONSOLE:119] "[apm] httpRequestTiming", source: https://fe-static.xhscdn.com/formula-static/ugc/public/resource/js/8103.ec1b381a.js (119)
[0620/125126.374:INFO:CONSOLE:119] "console.groupEnd", source: https://fe-static.xhscdn.com/formula-static/ugc/public/resource/js/8103.ec1b381a.js (119)
[0620/125126.374:INFO:CONSOLE:119] "[apm] httpRequestTiming", source: https://fe-static.xhscdn.com/formula-static/ugc/public/resource/js/8103.ec1b381a.js (119)
[0620/125126.374:INFO:CONSOLE:119] "console.groupEnd", source: https://fe-static.xhscdn.com/formula-static/ugc/public/resource/js/8103.ec1b381a.js (119)
[0620/125126.374:INFO:CONSOLE:119] "[apm] httpRequestTiming", source: https://fe-static.xhscdn.com/formula-static/ugc/public/resource/js/8103.ec1b381a.js (119)
[0620/125126.374:INFO:CONSOLE:119] "console.groupEnd", source: https://fe-static.xhscdn.com/formula-static/ugc/public/resource/js/8103.ec1b381a.js (119)
[0620/125126.374:INFO:CONSOLE:119] "[apm] httpRequestTiming", source: https://fe-static.xhscdn.com/formula-static/ugc/public/resource/js/8103.ec1b381a.js (119)
[0620/125126.374:INFO:CONSOLE:119] "console.groupEnd", source: https://fe-static.xhscdn.com/formula-static/ugc/public/resource/js/8103.ec1b381a.js (119)
[0620/125126.374:INFO:CONSOLE:119] "[apm] httpRequestTiming", source: https://fe-static.xhscdn.com/formula-static/ugc/public/resource/js/8103.ec1b381a.js (119)
[0620/125126.374:INFO:CONSOLE:119] "console.groupEnd", source: https://fe-static.xhscdn.com/formula-static/ugc/public/resource/js/8103.ec1b381a.js (119)
[0620/125126.374:INFO:CONSOLE:119] "[apm] httpRequestTiming", source: https://fe-static.xhscdn.com/formula-static/ugc/public/resource/js/8103.ec1b381a.js (119)
[0620/125126.374:INFO:CONSOLE:119] "console.groupEnd", source: https://fe-static.xhscdn.com/formula-static/ugc/public/resource/js/8103.ec1b381a.js (119)
[0620/125126.374:INFO:CONSOLE:119] "[apm] httpRequestTiming", source: https://fe-static.xhscdn.com/formula-static/ugc/public/resource/js/8103.ec1b381a.js (119)
[0620/125126.374:INFO:CONSOLE:119] "console.groupEnd", source: https://fe-static.xhscdn.com/formula-static/ugc/public/resource/js/8103.ec1b381a.js (119)
[0620/125126.377:INFO:CONSOLE:0] "Mixed Content: The page at 'https://creator.xiaohongshu.com/new/home' was loaded over HTTPS, but requested an insecure element 'http://ci.xiaohongshu.com/spectrum/1040g34o321kh4d4o6s105q9l4qsskusbu6foee0?imageView2/2/w/1080/format/jpg'. This request was automatically upgraded to HTTPS, For more information see https://blog.chromium.org/2019/10/no-more-mixed-messages-about-https.html", source: https://creator.xiaohongshu.com/new/home (0)
[0620/125127.924:INFO:CONSOLE:3] "Error", source:  (3)
[0620/125128.177:INFO:CONSOLE:119] "[apm] httpRequestTiming", source: https://fe-static.xhscdn.com/formula-static/ugc/public/resource/js/8103.ec1b381a.js (119)
[0620/125128.177:INFO:CONSOLE:119] "console.groupEnd", source: https://fe-static.xhscdn.com/formula-static/ugc/public/resource/js/8103.ec1b381a.js (119)
[0620/125128.178:INFO:CONSOLE:119] "[apm] httpRequestTiming", source: https://fe-static.xhscdn.com/formula-static/ugc/public/resource/js/8103.ec1b381a.js (119)
[0620/125128.178:INFO:CONSOLE:119] "console.groupEnd", source: https://fe-static.xhscdn.com/formula-static/ugc/public/resource/js/8103.ec1b381a.js (119)
[0620/125128.178:INFO:CONSOLE:119] "[apm] httpRequestTiming", source: https://fe-static.xhscdn.com/formula-static/ugc/public/resource/js/8103.ec1b381a.js (119)
[0620/125128.178:INFO:CONSOLE:119] "console.groupEnd", source: https://fe-static.xhscdn.com/formula-static/ugc/public/resource/js/8103.ec1b381a.js (119)
[0620/125128.178:INFO:CONSOLE:119] "[apm] httpRequestTiming", source: https://fe-static.xhscdn.com/formula-static/ugc/public/resource/js/8103.ec1b381a.js (119)
[0620/125128.178:INFO:CONSOLE:119] "console.groupEnd", source: https://fe-static.xhscdn.com/formula-static/ugc/public/resource/js/8103.ec1b381a.js (119)
[0620/125128.178:INFO:CONSOLE:119] "[apm] httpRequestTiming", source: https://fe-static.xhscdn.com/formula-static/ugc/public/resource/js/8103.ec1b381a.js (119)
[0620/125128.178:INFO:CONSOLE:119] "console.groupEnd", source: https://fe-static.xhscdn.com/formula-static/ugc/public/resource/js/8103.ec1b381a.js (119)
[0620/125128.826:INFO:CONSOLE:119] "[apm performance metric] paintTiming", source: https://fe-static.xhscdn.com/formula-static/ugc/public/resource/js/8103.ec1b381a.js (119)
[0620/125128.826:INFO:CONSOLE:119] "console.groupEnd", source: https://fe-static.xhscdn.com/formula-static/ugc/public/resource/js/8103.ec1b381a.js (119)
[0620/125128.939:INFO:CONSOLE:3] "Error", source:  (3)
[0620/125129.106:INFO:CONSOLE:119] "[apm] sns_web_publish_new_bootstrap", source: https://fe-static.xhscdn.com/formula-static/ugc/public/resource/js/8103.ec1b381a.js (119)
[0620/125129.107:INFO:CONSOLE:119] "console.groupEnd", source: https://fe-static.xhscdn.com/formula-static/ugc/public/resource/js/8103.ec1b381a.js (119)
[0620/125129.107:INFO:CONSOLE:119] "[apm] sns_web_publish_perf", source: https://fe-static.xhscdn.com/formula-static/ugc/public/resource/js/8103.ec1b381a.js (119)
[0620/125129.107:INFO:CONSOLE:119] "console.groupEnd", source: https://fe-static.xhscdn.com/formula-static/ugc/public/resource/js/8103.ec1b381a.js (119)
[0620/125129.107:INFO:CONSOLE:119] "[apm] sns_web_publish_upload_image", source: https://fe-static.xhscdn.com/formula-static/ugc/public/resource/js/8103.ec1b381a.js (119)
[0620/125129.107:INFO:CONSOLE:119] "console.groupEnd", source: https://fe-static.xhscdn.com/formula-static/ugc/public/resource/js/8103.ec1b381a.js (119)
[0620/125129.107:INFO:CONSOLE:119] "[apm] sns_web_publish_upload_image", source: https://fe-static.xhscdn.com/formula-static/ugc/public/resource/js/8103.ec1b381a.js (119)
[0620/125129.107:INFO:CONSOLE:119] "console.groupEnd", source: https://fe-static.xhscdn.com/formula-static/ugc/public/resource/js/8103.ec1b381a.js (119)
[0620/125129.107:INFO:CONSOLE:119] "[apm] sns_web_publish_perf", source: https://fe-static.xhscdn.com/formula-static/ugc/public/resource/js/8103.ec1b381a.js (119)
[0620/125129.107:INFO:CONSOLE:119] "console.groupEnd", source: https://fe-static.xhscdn.com/formula-static/ugc/public/resource/js/8103.ec1b381a.js (119)
[0620/125134.038:INFO:CONSOLE:3] "Error", source:  (3)
[0620/125134.050:INFO:CONSOLE:1] "Error", source: https://fe-static.xhscdn.com/formula-static/ugc/public/resource/js/async/9936.c458759f.js (1)
[0620/125134.081:INFO:CONSOLE:1] "[object GeolocationPositionError]", source: https://fe-static.xhscdn.com/formula-static/ugc/public/resource/js/project-publish-vue.1428a0fb.js (1)
[0620/125134.083:INFO:CONSOLE:3] "Error", source:  (3)
[0620/125134.207:INFO:CONSOLE:119] "[apm] sns_web_draft_point", source: https://fe-static.xhscdn.com/formula-static/ugc/public/resource/js/8103.ec1b381a.js (119)
[0620/125134.207:INFO:CONSOLE:119] "console.groupEnd", source: https://fe-static.xhscdn.com/formula-static/ugc/public/resource/js/8103.ec1b381a.js (119)
[0620/125134.207:INFO:CONSOLE:119] "[apm] httpRequestTiming", source: https://fe-static.xhscdn.com/formula-static/ugc/public/resource/js/8103.ec1b381a.js (119)
[0620/125134.207:INFO:CONSOLE:119] "console.groupEnd", source: https://fe-static.xhscdn.com/formula-static/ugc/public/resource/js/8103.ec1b381a.js (119)
[0620/125134.207:INFO:CONSOLE:119] "[apm] sns_web_publish_perf", source: https://fe-static.xhscdn.com/formula-static/ugc/public/resource/js/8103.ec1b381a.js (119)
[0620/125134.207:INFO:CONSOLE:119] "console.groupEnd", source: https://fe-static.xhscdn.com/formula-static/ugc/public/resource/js/8103.ec1b381a.js (119)
[0620/125134.207:INFO:CONSOLE:119] "[apm] httpRequestTiming", source: https://fe-static.xhscdn.com/formula-static/ugc/public/resource/js/8103.ec1b381a.js (119)
[0620/125134.207:INFO:CONSOLE:119] "console.groupEnd", source: https://fe-static.xhscdn.com/formula-static/ugc/public/resource/js/8103.ec1b381a.js (119)
[0620/125134.207:INFO:CONSOLE:119] "[apm] sns_web_publish_upload_image", source: https://fe-static.xhscdn.com/formula-static/ugc/public/resource/js/8103.ec1b381a.js (119)
[0620/125134.207:INFO:CONSOLE:119] "console.groupEnd", source: https://fe-static.xhscdn.com/formula-static/ugc/public/resource/js/8103.ec1b381a.js (119)
[0620/125134.285:INFO:CONSOLE:119] "[apm] anti_spam_sign_cost", source: https://fe-static.xhscdn.com/formula-static/ugc/public/resource/js/8103.ec1b381a.js (119)
[0620/125134.285:INFO:CONSOLE:119] "console.groupEnd", source: https://fe-static.xhscdn.com/formula-static/ugc/public/resource/js/8103.ec1b381a.js (119)
[0620/125134.285:INFO:CONSOLE:119] "[apm] anti_spam_sign_cost", source: https://fe-static.xhscdn.com/formula-static/ugc/public/resource/js/8103.ec1b381a.js (119)
[0620/125134.285:INFO:CONSOLE:119] "console.groupEnd", source: https://fe-static.xhscdn.com/formula-static/ugc/public/resource/js/8103.ec1b381a.js (119)
[0620/125134.285:INFO:CONSOLE:119] "[apm] sns_web_draft_point", source: https://fe-static.xhscdn.com/formula-static/ugc/public/resource/js/8103.ec1b381a.js (119)
[0620/125134.285:INFO:CONSOLE:119] "console.groupEnd", source: https://fe-static.xhscdn.com/formula-static/ugc/public/resource/js/8103.ec1b381a.js (119)
[0620/125134.285:INFO:CONSOLE:119] "[apm] httpRequestTiming", source: https://fe-static.xhscdn.com/formula-static/ugc/public/resource/js/8103.ec1b381a.js (119)
[0620/125134.285:INFO:CONSOLE:119] "console.groupEnd", source: https://fe-static.xhscdn.com/formula-static/ugc/public/resource/js/8103.ec1b381a.js (119)
[0620/125134.285:INFO:CONSOLE:119] "[apm] httpRequestTiming", source: https://fe-static.xhscdn.com/formula-static/ugc/public/resource/js/8103.ec1b381a.js (119)
[0620/125134.285:INFO:CONSOLE:119] "console.groupEnd", source: https://fe-static.xhscdn.com/formula-static/ugc/public/resource/js/8103.ec1b381a.js (119)
[0620/125134.286:INFO:CONSOLE:119] "[apm] sns_web_publish_upload_image", source: https://fe-static.xhscdn.com/formula-static/ugc/public/resource/js/8103.ec1b381a.js (119)
[0620/125134.286:INFO:CONSOLE:119] "console.groupEnd", source: https://fe-static.xhscdn.com/formula-static/ugc/public/resource/js/8103.ec1b381a.js (119)
[0620/125134.286:INFO:CONSOLE:119] "[apm] sns_web_publish_upload_image", source: https://fe-static.xhscdn.com/formula-static/ugc/public/resource/js/8103.ec1b381a.js (119)
[0620/125134.286:INFO:CONSOLE:119] "console.groupEnd", source: https://fe-static.xhscdn.com/formula-static/ugc/public/resource/js/8103.ec1b381a.js (119)
[0620/125134.286:INFO:CONSOLE:119] "[apm] sns_web_publish_upload_image", source: https://fe-static.xhscdn.com/formula-static/ugc/public/resource/js/8103.ec1b381a.js (119)
[0620/125134.286:INFO:CONSOLE:119] "console.groupEnd", source: https://fe-static.xhscdn.com/formula-static/ugc/public/resource/js/8103.ec1b381a.js (119)
[0620/125134.286:INFO:CONSOLE:119] "[apm] sns_web_publish_publish", source: https://fe-static.xhscdn.com/formula-static/ugc/public/resource/js/8103.ec1b381a.js (119)
[0620/125134.286:INFO:CONSOLE:119] "console.groupEnd", source: https://fe-static.xhscdn.com/formula-static/ugc/public/resource/js/8103.ec1b381a.js (119)
[0620/125134.286:INFO:CONSOLE:119] "[apm] sns_web_publish_upload_image", source: https://fe-static.xhscdn.com/formula-static/ugc/public/resource/js/8103.ec1b381a.js (119)
[0620/125134.286:INFO:CONSOLE:119] "console.groupEnd", source: https://fe-static.xhscdn.com/formula-static/ugc/public/resource/js/8103.ec1b381a.js (119)
[0620/125137.570:INFO:CONSOLE:3] "Error", source:  (3)
[0620/125137.855:INFO:CONSOLE:1] "实时竞速: 8965.3359375 ms", source: https://fe-static.xhscdn.com/formula-static/ugc/public/resource/js/index.51912041.js (1)
[0620/125137.893:INFO:CONSOLE:119] "[apm] httpRequestTiming", source: https://fe-static.xhscdn.com/formula-static/ugc/public/resource/js/8103.ec1b381a.js (119)
[0620/125137.893:INFO:CONSOLE:119] "console.groupEnd", source: https://fe-static.xhscdn.com/formula-static/ugc/public/resource/js/8103.ec1b381a.js (119)
[0620/125137.893:INFO:CONSOLE:119] "[apm] httpRequestTiming", source: https://fe-static.xhscdn.com/formula-static/ugc/public/resource/js/8103.ec1b381a.js (119)
[0620/125137.893:INFO:CONSOLE:119] "console.groupEnd", source: https://fe-static.xhscdn.com/formula-static/ugc/public/resource/js/8103.ec1b381a.js (119)
[0620/125137.893:INFO:CONSOLE:119] "[apm] httpRequestTiming", source: https://fe-static.xhscdn.com/formula-static/ugc/public/resource/js/8103.ec1b381a.js (119)
[0620/125137.893:INFO:CONSOLE:119] "console.groupEnd", source: https://fe-static.xhscdn.com/formula-static/ugc/public/resource/js/8103.ec1b381a.js (119)
[0620/125137.893:INFO:CONSOLE:119] "[apm] httpRequestTiming", source: https://fe-static.xhscdn.com/formula-static/ugc/public/resource/js/8103.ec1b381a.js (119)
[0620/125137.893:INFO:CONSOLE:119] "console.groupEnd", source: https://fe-static.xhscdn.com/formula-static/ugc/public/resource/js/8103.ec1b381a.js (119)
[0620/125137.893:INFO:CONSOLE:119] "[apm] httpRequestTiming", source: https://fe-static.xhscdn.com/formula-static/ugc/public/resource/js/8103.ec1b381a.js (119)
[0620/125137.893:INFO:CONSOLE:119] "console.groupEnd", source: https://fe-static.xhscdn.com/formula-static/ugc/public/resource/js/8103.ec1b381a.js (119)
[0620/125142.438:INFO:CONSOLE:3] "Error", source:  (3)
[0620/125143.001:INFO:CONSOLE:119] "[apm] httpRequestTiming", source: https://fe-static.xhscdn.com/formula-static/ugc/public/resource/js/8103.ec1b381a.js (119)
[0620/125143.001:INFO:CONSOLE:119] "console.groupEnd", source: https://fe-static.xhscdn.com/formula-static/ugc/public/resource/js/8103.ec1b381a.js (119)
[0620/125143.001:INFO:CONSOLE:119] "[apm] sns_web_publish_upload_image", source: https://fe-static.xhscdn.com/formula-static/ugc/public/resource/js/8103.ec1b381a.js (119)
[0620/125143.002:INFO:CONSOLE:119] "console.groupEnd", source: https://fe-static.xhscdn.com/formula-static/ugc/public/resource/js/8103.ec1b381a.js (119)
[0620/125143.002:INFO:CONSOLE:119] "[apm] sns_web_publish_upload_speed", source: https://fe-static.xhscdn.com/formula-static/ugc/public/resource/js/8103.ec1b381a.js (119)
[0620/125143.002:INFO:CONSOLE:119] "console.groupEnd", source: https://fe-static.xhscdn.com/formula-static/ugc/public/resource/js/8103.ec1b381a.js (119)
[0620/125143.002:INFO:CONSOLE:119] "[apm] sns_web_publish_lcp", source: https://fe-static.xhscdn.com/formula-static/ugc/public/resource/js/8103.ec1b381a.js (119)
[0620/125143.002:INFO:CONSOLE:119] "console.groupEnd", source: https://fe-static.xhscdn.com/formula-static/ugc/public/resource/js/8103.ec1b381a.js (119)
[0620/125143.002:INFO:CONSOLE:119] "[apm] httpRequestTiming", source: https://fe-static.xhscdn.com/formula-static/ugc/public/resource/js/8103.ec1b381a.js (119)
[0620/125143.002:INFO:CONSOLE:119] "console.groupEnd", source: https://fe-static.xhscdn.com/formula-static/ugc/public/resource/js/8103.ec1b381a.js (119)
[0620/125143.772:INFO:CONSOLE:1] "Error", source: https://fe-static.xhscdn.com/formula-static/ugc/public/resource/js/async/9936.c458759f.js (1)
[0620/125144.060:INFO:CONSOLE:119] "Uncaught (in promise) Error: [Eaglet Exception] no match enum `1` in `NoteEditSource` field", source: https://fe-static.xhscdn.com/formula-static/ugc/public/resource/js/8103.ec1b381a.js (119)
[0620/125144.159:INFO:CONSOLE:119] "[apm] sns_web_publish_publish", source: https://fe-static.xhscdn.com/formula-static/ugc/public/resource/js/8103.ec1b381a.js (119)
[0620/125144.159:INFO:CONSOLE:119] "console.groupEnd", source: https://fe-static.xhscdn.com/formula-static/ugc/public/resource/js/8103.ec1b381a.js (119)
[0620/125144.159:INFO:CONSOLE:119] "[apm] httpRequestTiming", source: https://fe-static.xhscdn.com/formula-static/ugc/public/resource/js/8103.ec1b381a.js (119)
[0620/125144.159:INFO:CONSOLE:119] "console.groupEnd", source: https://fe-static.xhscdn.com/formula-static/ugc/public/resource/js/8103.ec1b381a.js (119)
[0620/125144.159:INFO:CONSOLE:119] "[apm] sns_web_publish_publish", source: https://fe-static.xhscdn.com/formula-static/ugc/public/resource/js/8103.ec1b381a.js (119)
[0620/125144.159:INFO:CONSOLE:119] "console.groupEnd", source: https://fe-static.xhscdn.com/formula-static/ugc/public/resource/js/8103.ec1b381a.js (119)
[0620/125144.159:INFO:CONSOLE:119] "[apm] sns_web_publish_timing_image", source: https://fe-static.xhscdn.com/formula-static/ugc/public/resource/js/8103.ec1b381a.js (119)
[0620/125144.160:INFO:CONSOLE:119] "console.groupEnd", source: https://fe-static.xhscdn.com/formula-static/ugc/public/resource/js/8103.ec1b381a.js (119)
[0620/125144.160:INFO:CONSOLE:119] "[apm] sns_web_publish_timing", source: https://fe-static.xhscdn.com/formula-static/ugc/public/resource/js/8103.ec1b381a.js (119)
[0620/125144.160:INFO:CONSOLE:119] "console.groupEnd", source: https://fe-static.xhscdn.com/formula-static/ugc/public/resource/js/8103.ec1b381a.js (119)
